Copyright 1986-2022 Xilinx, Inc. All Rights Reserved.
------------------------------------------------------------------------------------------------------------------------------------------------------------------------------------------------------------
| Tool Version : Vivado v.2022.2 (lin64) Build 3671981 Fri Oct 14 04:59:54 MDT 2022
| Date         : Mon May 25 09:52:53 2026
| Host         : st145 running 64-bit Ubuntu 22.04.1 LTS
| Command      : report_timing_summary -max_paths 10 -report_unconstrained -file riscv_timing_summary_routed.rpt -pb riscv_timing_summary_routed.pb -rpx riscv_timing_summary_routed.rpx -warn_on_violation
| Design       : riscv
| Device       : 7a100t-csg324
| Speed File   : -1  PRODUCTION 1.23 2018-06-13
------------------------------------------------------------------------------------------------------------------------------------------------------------------------------------------------------------

Timing Summary Report

------------------------------------------------------------------------------------------------
| Timer Settings
| --------------
------------------------------------------------------------------------------------------------

  Enable Multi Corner Analysis               :  Yes
  Enable Pessimism Removal                   :  Yes
  Pessimism Removal Resolution               :  Nearest Common Node
  Enable Input Delay Default Clock           :  No
  Enable Preset / Clear Arcs                 :  No
  Disable Flight Delays                      :  No
  Ignore I/O Paths                           :  No
  Timing Early Launch at Borrowing Latches   :  No
  Borrow Time for Max Delay Exceptions       :  Yes
  Merge Timing Exceptions                    :  Yes

  Corner  Analyze    Analyze    
  Name    Max Paths  Min Paths  
  ------  ---------  ---------  
  Slow    Yes        Yes        
  Fast    Yes        Yes        


------------------------------------------------------------------------------------------------
| Report Methodology
| ------------------
------------------------------------------------------------------------------------------------

Rule       Severity  Description                                                Violations  
---------  --------  ---------------------------------------------------------  ----------  
SYNTH-5    Warning   Mapped onto distributed RAM because of timing constraints  4096        
SYNTH-10   Warning   Wide multiplier                                            12          
TIMING-18  Warning   Missing input or output delay                              33          
TIMING-20  Warning   Non-clocked latch                                          32          
LATCH-1    Advisory  Existing latches in the design                             1           

Note: This report is based on the most recent report_methodology run and may not be up-to-date. Run report_methodology on the current design for the latest report.



check_timing report

Table of Contents
-----------------
1. checking no_clock (96)
2. checking constant_clock (0)
3. checking pulse_width_clock (0)
4. checking unconstrained_internal_endpoints (32)
5. checking no_input_delay (1)
6. checking no_output_delay (32)
7. checking multiple_clock (0)
8. checking generated_clocks (0)
9. checking loops (0)
10. checking partial_input_delay (0)
11. checking partial_output_delay (0)
12. checking latch_loops (0)

1. checking no_clock (96)
-------------------------
 There are 32 register/latch pins with no clock driven by root clock pin: EX_MEM_ALU_RESULT_reg[0]/Q (HIGH)

 There are 32 register/latch pins with no clock driven by root clock pin: EX_MEM_DMRE_reg[0]/Q (HIGH)

 There are 32 register/latch pins with no clock driven by root clock pin: EX_MEM_DMRE_reg[1]/Q (HIGH)


2. checking constant_clock (0)
------------------------------
 There are 0 register/latch pins with constant_clock.


3. checking pulse_width_clock (0)
---------------------------------
 There are 0 register/latch pins which need pulse_width check


4. checking unconstrained_internal_endpoints (32)
-------------------------------------------------
 There are 32 pins that are not constrained for maximum delay. (HIGH)

 There are 0 pins that are not constrained for maximum delay due to constant clock.


5. checking no_input_delay (1)
------------------------------
 There is 1 input port with no input delay specified. (HIGH)

 There are 0 input ports with no input delay but user has a false path constraint.


6. checking no_output_delay (32)
--------------------------------
 There are 32 ports with no output delay specified. (HIGH)

 There are 0 ports with no output delay but user has a false path constraint

 There are 0 ports with no output delay but with a timing clock defined on it or propagating through it


7. checking multiple_clock (0)
------------------------------
 There are 0 register/latch pins with multiple clocks.


8. checking generated_clocks (0)
--------------------------------
 There are 0 generated clocks that are not connected to a clock source.


9. checking loops (0)
---------------------
 There are 0 combinational loops in the design.


10. checking partial_input_delay (0)
------------------------------------
 There are 0 input ports with partial input delay specified.


11. checking partial_output_delay (0)
-------------------------------------
 There are 0 ports with partial output delay specified.


12. checking latch_loops (0)
----------------------------
 There are 0 combinational latch loops in the design through latch input



------------------------------------------------------------------------------------------------
| Design Timing Summary
| ---------------------
------------------------------------------------------------------------------------------------

    WNS(ns)      TNS(ns)  TNS Failing Endpoints  TNS Total Endpoints      WHS(ns)      THS(ns)  THS Failing Endpoints  THS Total Endpoints     WPWS(ns)     TPWS(ns)  TPWS Failing Endpoints  TPWS Total Endpoints  
    -------      -------  ---------------------  -------------------      -------      -------  ---------------------  -------------------     --------     --------  ----------------------  --------------------  
      0.346        0.000                      0               165892        0.083        0.000                      0               165892        0.750        0.000                       0                 17134  


All user specified timing constraints are met.


------------------------------------------------------------------------------------------------
| Clock Summary
| -------------
------------------------------------------------------------------------------------------------

Clock        Waveform(ns)       Period(ns)      Frequency(MHz)
-----        ------------       ----------      --------------
sys_clk_pin  {0.000 10.000}     12.000          83.333          


------------------------------------------------------------------------------------------------
| Intra Clock Table
| -----------------
------------------------------------------------------------------------------------------------

Clock             WNS(ns)      TNS(ns)  TNS Failing Endpoints  TNS Total Endpoints      WHS(ns)      THS(ns)  THS Failing Endpoints  THS Total Endpoints     WPWS(ns)     TPWS(ns)  TPWS Failing Endpoints  TPWS Total Endpoints  
-----             -------      -------  ---------------------  -------------------      -------      -------  ---------------------  -------------------     --------     --------  ----------------------  --------------------  
sys_clk_pin         0.346        0.000                      0               165892        0.083        0.000                      0               165892        0.750        0.000                       0                 17134  


------------------------------------------------------------------------------------------------
| Inter Clock Table
| -----------------
------------------------------------------------------------------------------------------------

From Clock    To Clock          WNS(ns)      TNS(ns)  TNS Failing Endpoints  TNS Total Endpoints      WHS(ns)      THS(ns)  THS Failing Endpoints  THS Total Endpoints  
----------    --------          -------      -------  ---------------------  -------------------      -------      -------  ---------------------  -------------------  


------------------------------------------------------------------------------------------------
| Other Path Groups Table
| -----------------------
------------------------------------------------------------------------------------------------

Path Group    From Clock    To Clock          WNS(ns)      TNS(ns)  TNS Failing Endpoints  TNS Total Endpoints      WHS(ns)      THS(ns)  THS Failing Endpoints  THS Total Endpoints  
----------    ----------    --------          -------      -------  ---------------------  -------------------      -------      -------  ---------------------  -------------------  


------------------------------------------------------------------------------------------------
| User Ignored Path Table
| -----------------------
------------------------------------------------------------------------------------------------

Path Group    From Clock    To Clock    
----------    ----------    --------    


------------------------------------------------------------------------------------------------
| Unconstrained Path Table
| ------------------------
------------------------------------------------------------------------------------------------

Path Group    From Clock    To Clock    
----------    ----------    --------    
(none)        sys_clk_pin                 
(none)                      sys_clk_pin   


------------------------------------------------------------------------------------------------
| Timing Details
| --------------
------------------------------------------------------------------------------------------------


---------------------------------------------------------------------------------------------------
From Clock:  sys_clk_pin
  To Clock:  sys_clk_pin

Setup :            0  Failing Endpoints,  Worst Slack        0.346ns,  Total Violation        0.000ns
Hold  :            0  Failing Endpoints,  Worst Slack        0.083ns,  Total Violation        0.000ns
PW    :            0  Failing Endpoints,  Worst Slack        0.750ns,  Total Violation        0.000ns
---------------------------------------------------------------------------------------------------


Max Delay Paths
--------------------------------------------------------------------------------------
Slack (MET) :             0.346ns  (required time - arrival time)
  Source:                 EX_MEM_ALU_RESULT_reg[7]_replica/C
                            (rising edge-triggered cell FDRE clocked by sys_clk_pin  {rise@0.000ns fall@10.000ns period=12.000ns})
  Destination:            dmem/mem_reg_1024_1279_6_6/RAMS64E_A/ADR5
                            (rising edge-triggered cell RAMS64E clocked by sys_clk_pin  {rise@0.000ns fall@10.000ns period=12.000ns})
  Path Group:             sys_clk_pin
  Path Type:              Setup (Max at Slow Process Corner)
  Requirement:            12.000ns  (sys_clk_pin rise@12.000ns - sys_clk_pin rise@0.000ns)
  Data Path Delay:        11.229ns  (logic 0.456ns (4.061%)  route 10.773ns (95.939%))
  Logic Levels:           0  
  Clock Path Skew:        -0.154ns (DCD - SCD + CPR)
    Destination Clock Delay (DCD):    4.910ns = ( 16.910 - 12.000 ) 
    Source Clock Delay      (SCD):    5.244ns
    Clock Pessimism Removal (CPR):    0.180ns
  Clock Uncertainty:      0.035ns  ((TSJ^2 + TIJ^2)^1/2 + DJ) / 2 + PE
    Total System Jitter     (TSJ):    0.071ns
    Total Input Jitter      (TIJ):    0.000ns
    Discrete Jitter          (DJ):    0.000ns
    Phase Error              (PE):    0.000ns

    Location             Delay type                Incr(ns)  Path(ns)    Netlist Resource(s)
  -------------------------------------------------------------------    -------------------
                         (clock sys_clk_pin rise edge)
                                                      0.000     0.000 r  
    E3                                                0.000     0.000 r  CLK (IN)
                         net (fo=0)                   0.000     0.000    CLK
    E3                   IBUF (Prop_ibuf_I_O)         1.482     1.482 r  CLK_IBUF_inst/O
                         net (fo=1, routed)           2.025     3.506    CLK_IBUF
    BUFGCTRL_X0Y16       BUFG (Prop_bufg_I_O)         0.096     3.602 r  CLK_IBUF_BUFG_inst/O
                         net (fo=17145, routed)       1.641     5.244    CLK_IBUF_BUFG
    SLICE_X35Y52         FDRE                                         r  EX_MEM_ALU_RESULT_reg[7]_replica/C
  -------------------------------------------------------------------    -------------------
    SLICE_X35Y52         FDRE (Prop_fdre_C_Q)         0.456     5.700 r  EX_MEM_ALU_RESULT_reg[7]_replica/Q
                         net (fo=1240, routed)       10.773    16.473    dmem/mem_reg_1024_1279_6_6/A5
    SLICE_X38Y127        RAMS64E                                      r  dmem/mem_reg_1024_1279_6_6/RAMS64E_A/ADR5
  -------------------------------------------------------------------    -------------------

                         (clock sys_clk_pin rise edge)
                                                     12.000    12.000 r  
    E3                                                0.000    12.000 r  CLK (IN)
                         net (fo=0)                   0.000    12.000    CLK
    E3                   IBUF (Prop_ibuf_I_O)         1.411    13.411 r  CLK_IBUF_inst/O
                         net (fo=1, routed)           1.920    15.331    CLK_IBUF
    BUFGCTRL_X0Y16       BUFG (Prop_bufg_I_O)         0.091    15.422 r  CLK_IBUF_BUFG_inst/O
                         net (fo=17145, routed)       1.488    16.910    dmem/mem_reg_1024_1279_6_6/WCLK
    SLICE_X38Y127        RAMS64E                                      r  dmem/mem_reg_1024_1279_6_6/RAMS64E_A/CLK
                         clock pessimism              0.180    17.090    
                         clock uncertainty           -0.035    17.055    
    SLICE_X38Y127        RAMS64E (Setup_rams64e_CLK_ADR5)
                                                     -0.236    16.819    dmem/mem_reg_1024_1279_6_6/RAMS64E_A
  -------------------------------------------------------------------
                         required time                         16.819    
                         arrival time                         -16.473    
  -------------------------------------------------------------------
                         slack                                  0.346    

Slack (MET) :             0.346ns  (required time - arrival time)
  Source:                 EX_MEM_ALU_RESULT_reg[7]_replica/C
                            (rising edge-triggered cell FDRE clocked by sys_clk_pin  {rise@0.000ns fall@10.000ns period=12.000ns})
  Destination:            dmem/mem_reg_1024_1279_6_6/RAMS64E_B/ADR5
                            (rising edge-triggered cell RAMS64E clocked by sys_clk_pin  {rise@0.000ns fall@10.000ns period=12.000ns})
  Path Group:             sys_clk_pin
  Path Type:              Setup (Max at Slow Process Corner)
  Requirement:            12.000ns  (sys_clk_pin rise@12.000ns - sys_clk_pin rise@0.000ns)
  Data Path Delay:        11.229ns  (logic 0.456ns (4.061%)  route 10.773ns (95.939%))
  Logic Levels:           0  
  Clock Path Skew:        -0.154ns (DCD - SCD + CPR)
    Destination Clock Delay (DCD):    4.910ns = ( 16.910 - 12.000 ) 
    Source Clock Delay      (SCD):    5.244ns
    Clock Pessimism Removal (CPR):    0.180ns
  Clock Uncertainty:      0.035ns  ((TSJ^2 + TIJ^2)^1/2 + DJ) / 2 + PE
    Total System Jitter     (TSJ):    0.071ns
    Total Input Jitter      (TIJ):    0.000ns
    Discrete Jitter          (DJ):    0.000ns
    Phase Error              (PE):    0.000ns

    Location             Delay type                Incr(ns)  Path(ns)    Netlist Resource(s)
  -------------------------------------------------------------------    -------------------
                         (clock sys_clk_pin rise edge)
                                                      0.000     0.000 r  
    E3                                                0.000     0.000 r  CLK (IN)
                         net (fo=0)                   0.000     0.000    CLK
    E3                   IBUF (Prop_ibuf_I_O)         1.482     1.482 r  CLK_IBUF_inst/O
                         net (fo=1, routed)           2.025     3.506    CLK_IBUF
    BUFGCTRL_X0Y16       BUFG (Prop_bufg_I_O)         0.096     3.602 r  CLK_IBUF_BUFG_inst/O
                         net (fo=17145, routed)       1.641     5.244    CLK_IBUF_BUFG
    SLICE_X35Y52         FDRE                                         r  EX_MEM_ALU_RESULT_reg[7]_replica/C
  -------------------------------------------------------------------    -------------------
    SLICE_X35Y52         FDRE (Prop_fdre_C_Q)         0.456     5.700 r  EX_MEM_ALU_RESULT_reg[7]_replica/Q
                         net (fo=1240, routed)       10.773    16.473    dmem/mem_reg_1024_1279_6_6/A5
    SLICE_X38Y127        RAMS64E                                      r  dmem/mem_reg_1024_1279_6_6/RAMS64E_B/ADR5
  -------------------------------------------------------------------    -------------------

                         (clock sys_clk_pin rise edge)
                                                     12.000    12.000 r  
    E3                                                0.000    12.000 r  CLK (IN)
                         net (fo=0)                   0.000    12.000    CLK
    E3                   IBUF (Prop_ibuf_I_O)         1.411    13.411 r  CLK_IBUF_inst/O
                         net (fo=1, routed)           1.920    15.331    CLK_IBUF
    BUFGCTRL_X0Y16       BUFG (Prop_bufg_I_O)         0.091    15.422 r  CLK_IBUF_BUFG_inst/O
                         net (fo=17145, routed)       1.488    16.910    dmem/mem_reg_1024_1279_6_6/WCLK
    SLICE_X38Y127        RAMS64E                                      r  dmem/mem_reg_1024_1279_6_6/RAMS64E_B/CLK
                         clock pessimism              0.180    17.090    
                         clock uncertainty           -0.035    17.055    
    SLICE_X38Y127        RAMS64E (Setup_rams64e_CLK_ADR5)
                                                     -0.236    16.819    dmem/mem_reg_1024_1279_6_6/RAMS64E_B
  -------------------------------------------------------------------
                         required time                         16.819    
                         arrival time                         -16.473    
  -------------------------------------------------------------------
                         slack                                  0.346    

Slack (MET) :             0.346ns  (required time - arrival time)
  Source:                 EX_MEM_ALU_RESULT_reg[7]_replica/C
                            (rising edge-triggered cell FDRE clocked by sys_clk_pin  {rise@0.000ns fall@10.000ns period=12.000ns})
  Destination:            dmem/mem_reg_1024_1279_6_6/RAMS64E_C/ADR5
                            (rising edge-triggered cell RAMS64E clocked by sys_clk_pin  {rise@0.000ns fall@10.000ns period=12.000ns})
  Path Group:             sys_clk_pin
  Path Type:              Setup (Max at Slow Process Corner)
  Requirement:            12.000ns  (sys_clk_pin rise@12.000ns - sys_clk_pin rise@0.000ns)
  Data Path Delay:        11.229ns  (logic 0.456ns (4.061%)  route 10.773ns (95.939%))
  Logic Levels:           0  
  Clock Path Skew:        -0.154ns (DCD - SCD + CPR)
    Destination Clock Delay (DCD):    4.910ns = ( 16.910 - 12.000 ) 
    Source Clock Delay      (SCD):    5.244ns
    Clock Pessimism Removal (CPR):    0.180ns
  Clock Uncertainty:      0.035ns  ((TSJ^2 + TIJ^2)^1/2 + DJ) / 2 + PE
    Total System Jitter     (TSJ):    0.071ns
    Total Input Jitter      (TIJ):    0.000ns
    Discrete Jitter          (DJ):    0.000ns
    Phase Error              (PE):    0.000ns

    Location             Delay type                Incr(ns)  Path(ns)    Netlist Resource(s)
  -------------------------------------------------------------------    -------------------
                         (clock sys_clk_pin rise edge)
                                                      0.000     0.000 r  
    E3                                                0.000     0.000 r  CLK (IN)
                         net (fo=0)                   0.000     0.000    CLK
    E3                   IBUF (Prop_ibuf_I_O)         1.482     1.482 r  CLK_IBUF_inst/O
                         net (fo=1, routed)           2.025     3.506    CLK_IBUF
    BUFGCTRL_X0Y16       BUFG (Prop_bufg_I_O)         0.096     3.602 r  CLK_IBUF_BUFG_inst/O
                         net (fo=17145, routed)       1.641     5.244    CLK_IBUF_BUFG
    SLICE_X35Y52         FDRE                                         r  EX_MEM_ALU_RESULT_reg[7]_replica/C
  -------------------------------------------------------------------    -------------------
    SLICE_X35Y52         FDRE (Prop_fdre_C_Q)         0.456     5.700 r  EX_MEM_ALU_RESULT_reg[7]_replica/Q
                         net (fo=1240, routed)       10.773    16.473    dmem/mem_reg_1024_1279_6_6/A5
    SLICE_X38Y127        RAMS64E                                      r  dmem/mem_reg_1024_1279_6_6/RAMS64E_C/ADR5
  -------------------------------------------------------------------    -------------------

                         (clock sys_clk_pin rise edge)
                                                     12.000    12.000 r  
    E3                                                0.000    12.000 r  CLK (IN)
                         net (fo=0)                   0.000    12.000    CLK
    E3                   IBUF (Prop_ibuf_I_O)         1.411    13.411 r  CLK_IBUF_inst/O
                         net (fo=1, routed)           1.920    15.331    CLK_IBUF
    BUFGCTRL_X0Y16       BUFG (Prop_bufg_I_O)         0.091    15.422 r  CLK_IBUF_BUFG_inst/O
                         net (fo=17145, routed)       1.488    16.910    dmem/mem_reg_1024_1279_6_6/WCLK
    SLICE_X38Y127        RAMS64E                                      r  dmem/mem_reg_1024_1279_6_6/RAMS64E_C/CLK
                         clock pessimism              0.180    17.090    
                         clock uncertainty           -0.035    17.055    
    SLICE_X38Y127        RAMS64E (Setup_rams64e_CLK_ADR5)
                                                     -0.236    16.819    dmem/mem_reg_1024_1279_6_6/RAMS64E_C
  -------------------------------------------------------------------
                         required time                         16.819    
                         arrival time                         -16.473    
  -------------------------------------------------------------------
                         slack                                  0.346    

Slack (MET) :             0.346ns  (required time - arrival time)
  Source:                 EX_MEM_ALU_RESULT_reg[7]_replica/C
                            (rising edge-triggered cell FDRE clocked by sys_clk_pin  {rise@0.000ns fall@10.000ns period=12.000ns})
  Destination:            dmem/mem_reg_1024_1279_6_6/RAMS64E_D/ADR5
                            (rising edge-triggered cell RAMS64E clocked by sys_clk_pin  {rise@0.000ns fall@10.000ns period=12.000ns})
  Path Group:             sys_clk_pin
  Path Type:              Setup (Max at Slow Process Corner)
  Requirement:            12.000ns  (sys_clk_pin rise@12.000ns - sys_clk_pin rise@0.000ns)
  Data Path Delay:        11.229ns  (logic 0.456ns (4.061%)  route 10.773ns (95.939%))
  Logic Levels:           0  
  Clock Path Skew:        -0.154ns (DCD - SCD + CPR)
    Destination Clock Delay (DCD):    4.910ns = ( 16.910 - 12.000 ) 
    Source Clock Delay      (SCD):    5.244ns
    Clock Pessimism Removal (CPR):    0.180ns
  Clock Uncertainty:      0.035ns  ((TSJ^2 + TIJ^2)^1/2 + DJ) / 2 + PE
    Total System Jitter     (TSJ):    0.071ns
    Total Input Jitter      (TIJ):    0.000ns
    Discrete Jitter          (DJ):    0.000ns
    Phase Error              (PE):    0.000ns

    Location             Delay type                Incr(ns)  Path(ns)    Netlist Resource(s)
  -------------------------------------------------------------------    -------------------
                         (clock sys_clk_pin rise edge)
                                                      0.000     0.000 r  
    E3                                                0.000     0.000 r  CLK (IN)
                         net (fo=0)                   0.000     0.000    CLK
    E3                   IBUF (Prop_ibuf_I_O)         1.482     1.482 r  CLK_IBUF_inst/O
                         net (fo=1, routed)           2.025     3.506    CLK_IBUF
    BUFGCTRL_X0Y16       BUFG (Prop_bufg_I_O)         0.096     3.602 r  CLK_IBUF_BUFG_inst/O
                         net (fo=17145, routed)       1.641     5.244    CLK_IBUF_BUFG
    SLICE_X35Y52         FDRE                                         r  EX_MEM_ALU_RESULT_reg[7]_replica/C
  -------------------------------------------------------------------    -------------------
    SLICE_X35Y52         FDRE (Prop_fdre_C_Q)         0.456     5.700 r  EX_MEM_ALU_RESULT_reg[7]_replica/Q
                         net (fo=1240, routed)       10.773    16.473    dmem/mem_reg_1024_1279_6_6/A5
    SLICE_X38Y127        RAMS64E                                      r  dmem/mem_reg_1024_1279_6_6/RAMS64E_D/ADR5
  -------------------------------------------------------------------    -------------------

                         (clock sys_clk_pin rise edge)
                                                     12.000    12.000 r  
    E3                                                0.000    12.000 r  CLK (IN)
                         net (fo=0)                   0.000    12.000    CLK
    E3                   IBUF (Prop_ibuf_I_O)         1.411    13.411 r  CLK_IBUF_inst/O
                         net (fo=1, routed)           1.920    15.331    CLK_IBUF
    BUFGCTRL_X0Y16       BUFG (Prop_bufg_I_O)         0.091    15.422 r  CLK_IBUF_BUFG_inst/O
                         net (fo=17145, routed)       1.488    16.910    dmem/mem_reg_1024_1279_6_6/WCLK
    SLICE_X38Y127        RAMS64E                                      r  dmem/mem_reg_1024_1279_6_6/RAMS64E_D/CLK
                         clock pessimism              0.180    17.090    
                         clock uncertainty           -0.035    17.055    
    SLICE_X38Y127        RAMS64E (Setup_rams64e_CLK_ADR5)
                                                     -0.236    16.819    dmem/mem_reg_1024_1279_6_6/RAMS64E_D
  -------------------------------------------------------------------
                         required time                         16.819    
                         arrival time                         -16.473    
  -------------------------------------------------------------------
                         slack                                  0.346    

Slack (MET) :             0.376ns  (required time - arrival time)
  Source:                 EX_MEM_D_RD_reg[3]/C
                            (rising edge-triggered cell FDRE clocked by sys_clk_pin  {rise@0.000ns fall@10.000ns period=12.000ns})
  Destination:            EX_MEM_ALU_RESULT_reg[8]_replica_1/D
                            (rising edge-triggered cell FDRE clocked by sys_clk_pin  {rise@0.000ns fall@10.000ns period=12.000ns})
  Path Group:             sys_clk_pin
  Path Type:              Setup (Max at Slow Process Corner)
  Requirement:            12.000ns  (sys_clk_pin rise@12.000ns - sys_clk_pin rise@0.000ns)
  Data Path Delay:        11.272ns  (logic 1.572ns (13.946%)  route 9.700ns (86.054%))
  Logic Levels:           9  (LUT6=9)
  Clock Path Skew:        -0.250ns (DCD - SCD + CPR)
    Destination Clock Delay (DCD):    4.991ns = ( 16.991 - 12.000 ) 
    Source Clock Delay      (SCD):    5.421ns
    Clock Pessimism Removal (CPR):    0.180ns
  Clock Uncertainty:      0.035ns  ((TSJ^2 + TIJ^2)^1/2 + DJ) / 2 + PE
    Total System Jitter     (TSJ):    0.071ns
    Total Input Jitter      (TIJ):    0.000ns
    Discrete Jitter          (DJ):    0.000ns
    Phase Error              (PE):    0.000ns

    Location             Delay type                Incr(ns)  Path(ns)    Netlist Resource(s)
  -------------------------------------------------------------------    -------------------
                         (clock sys_clk_pin rise edge)
                                                      0.000     0.000 r  
    E3                                                0.000     0.000 r  CLK (IN)
                         net (fo=0)                   0.000     0.000    CLK
    E3                   IBUF (Prop_ibuf_I_O)         1.482     1.482 r  CLK_IBUF_inst/O
                         net (fo=1, routed)           2.025     3.506    CLK_IBUF
    BUFGCTRL_X0Y16       BUFG (Prop_bufg_I_O)         0.096     3.602 r  CLK_IBUF_BUFG_inst/O
                         net (fo=17145, routed)       1.818     5.421    CLK_IBUF_BUFG
    SLICE_X20Y43         FDRE                                         r  EX_MEM_D_RD_reg[3]/C
  -------------------------------------------------------------------    -------------------
    SLICE_X20Y43         FDRE (Prop_fdre_C_Q)         0.456     5.877 r  EX_MEM_D_RD_reg[3]/Q
                         net (fo=4, routed)           0.844     6.721    EX_MEM_D_RD[3]
    SLICE_X20Y43         LUT6 (Prop_lut6_I1_O)        0.124     6.845 f  MEM_MUL_UU_i_76/O
                         net (fo=1, routed)           0.627     7.473    MEM_MUL_UU_i_76_n_0
    SLICE_X22Y43         LUT6 (Prop_lut6_I4_O)        0.124     7.597 r  MEM_MUL_UU_i_68/O
                         net (fo=34, routed)          0.916     8.513    MEM_MUL_UU_i_68_n_0
    SLICE_X20Y40         LUT6 (Prop_lut6_I3_O)        0.124     8.637 r  MEM_MUL_UU__1_i_32/O
                         net (fo=1, routed)           0.487     9.124    MEM_MUL_UU__1_i_32_n_0
    SLICE_X23Y40         LUT6 (Prop_lut6_I3_O)        0.124     9.248 r  MEM_MUL_UU__1_i_15/O
                         net (fo=15, routed)          1.064    10.311    MEM_MUL_UU__1_i_15_n_0
    SLICE_X26Y37         LUT6 (Prop_lut6_I0_O)        0.124    10.435 r  EX_MEM_ALU_RESULT[30]_i_32/O
                         net (fo=3, routed)           0.952    11.387    EX_MEM_ALU_RESULT[30]_i_32_n_0
    SLICE_X28Y36         LUT6 (Prop_lut6_I0_O)        0.124    11.511 r  EX_MEM_ALU_RESULT[28]_i_17/O
                         net (fo=2, routed)           0.502    12.014    EX_MEM_ALU_RESULT[28]_i_17_n_0
    SLICE_X29Y36         LUT6 (Prop_lut6_I5_O)        0.124    12.138 r  EX_MEM_ALU_RESULT[24]_i_7/O
                         net (fo=2, routed)           0.812    12.950    EX_MEM_ALU_RESULT[24]_i_7_n_0
    SLICE_X31Y39         LUT6 (Prop_lut6_I3_O)        0.124    13.074 r  EX_MEM_ALU_RESULT[24]_i_2/O
                         net (fo=2, routed)           0.416    13.490    e_sft/tmp[8]
    SLICE_X31Y41         LUT6 (Prop_lut6_I3_O)        0.124    13.614 r  EX_MEM_ALU_RESULT[8]_i_1/O
                         net (fo=15, routed)          3.078    16.692    EX_E_RD_VAL[8]
    SLICE_X72Y118        FDRE                                         r  EX_MEM_ALU_RESULT_reg[8]_replica_1/D
  -------------------------------------------------------------------    -------------------

                         (clock sys_clk_pin rise edge)
                                                     12.000    12.000 r  
    E3                                                0.000    12.000 r  CLK (IN)
                         net (fo=0)                   0.000    12.000    CLK
    E3                   IBUF (Prop_ibuf_I_O)         1.411    13.411 r  CLK_IBUF_inst/O
                         net (fo=1, routed)           1.920    15.331    CLK_IBUF
    BUFGCTRL_X0Y16       BUFG (Prop_bufg_I_O)         0.091    15.422 r  CLK_IBUF_BUFG_inst/O
                         net (fo=17145, routed)       1.569    16.991    CLK_IBUF_BUFG
    SLICE_X72Y118        FDRE                                         r  EX_MEM_ALU_RESULT_reg[8]_replica_1/C
                         clock pessimism              0.180    17.171    
                         clock uncertainty           -0.035    17.136    
    SLICE_X72Y118        FDRE (Setup_fdre_C_D)       -0.067    17.069    EX_MEM_ALU_RESULT_reg[8]_replica_1
  -------------------------------------------------------------------
                         required time                         17.069    
                         arrival time                         -16.692    
  -------------------------------------------------------------------
                         slack                                  0.376    

Slack (MET) :             0.377ns  (required time - arrival time)
  Source:                 EX_MEM_ALU_RESULT_reg[6]_replica_12/C
                            (rising edge-triggered cell FDRE clocked by sys_clk_pin  {rise@0.000ns fall@10.000ns period=12.000ns})
  Destination:            dmem/mem_reg_32512_32767_8_8/RAMS64E_A/ADR4
                            (rising edge-triggered cell RAMS64E clocked by sys_clk_pin  {rise@0.000ns fall@10.000ns period=12.000ns})
  Path Group:             sys_clk_pin
  Path Type:              Setup (Max at Slow Process Corner)
  Requirement:            12.000ns  (sys_clk_pin rise@12.000ns - sys_clk_pin rise@0.000ns)
  Data Path Delay:        11.181ns  (logic 0.456ns (4.078%)  route 10.725ns (95.922%))
  Logic Levels:           0  
  Clock Path Skew:        -0.288ns (DCD - SCD + CPR)
    Destination Clock Delay (DCD):    4.941ns = ( 16.941 - 12.000 ) 
    Source Clock Delay      (SCD):    5.416ns
    Clock Pessimism Removal (CPR):    0.187ns
  Clock Uncertainty:      0.035ns  ((TSJ^2 + TIJ^2)^1/2 + DJ) / 2 + PE
    Total System Jitter     (TSJ):    0.071ns
    Total Input Jitter      (TIJ):    0.000ns
    Discrete Jitter          (DJ):    0.000ns
    Phase Error              (PE):    0.000ns

    Location             Delay type                Incr(ns)  Path(ns)    Netlist Resource(s)
  -------------------------------------------------------------------    -------------------
                         (clock sys_clk_pin rise edge)
                                                      0.000     0.000 r  
    E3                                                0.000     0.000 r  CLK (IN)
                         net (fo=0)                   0.000     0.000    CLK
    E3                   IBUF (Prop_ibuf_I_O)         1.482     1.482 r  CLK_IBUF_inst/O
                         net (fo=1, routed)           2.025     3.506    CLK_IBUF
    BUFGCTRL_X0Y16       BUFG (Prop_bufg_I_O)         0.096     3.602 r  CLK_IBUF_BUFG_inst/O
                         net (fo=17145, routed)       1.813     5.416    CLK_IBUF_BUFG
    SLICE_X31Y39         FDRE                                         r  EX_MEM_ALU_RESULT_reg[6]_replica_12/C
  -------------------------------------------------------------------    -------------------
    SLICE_X31Y39         FDRE (Prop_fdre_C_Q)         0.456     5.872 r  EX_MEM_ALU_RESULT_reg[6]_replica_12/Q
                         net (fo=1240, routed)       10.725    16.597    dmem/mem_reg_32512_32767_8_8/A4
    SLICE_X30Y89         RAMS64E                                      r  dmem/mem_reg_32512_32767_8_8/RAMS64E_A/ADR4
  -------------------------------------------------------------------    -------------------

                         (clock sys_clk_pin rise edge)
                                                     12.000    12.000 r  
    E3                                                0.000    12.000 r  CLK (IN)
                         net (fo=0)                   0.000    12.000    CLK
    E3                   IBUF (Prop_ibuf_I_O)         1.411    13.411 r  CLK_IBUF_inst/O
                         net (fo=1, routed)           1.920    15.331    CLK_IBUF
    BUFGCTRL_X0Y16       BUFG (Prop_bufg_I_O)         0.091    15.422 r  CLK_IBUF_BUFG_inst/O
                         net (fo=17145, routed)       1.518    16.941    dmem/mem_reg_32512_32767_8_8/WCLK
    SLICE_X30Y89         RAMS64E                                      r  dmem/mem_reg_32512_32767_8_8/RAMS64E_A/CLK
                         clock pessimism              0.187    17.128    
                         clock uncertainty           -0.035    17.092    
    SLICE_X30Y89         RAMS64E (Setup_rams64e_CLK_ADR4)
                                                     -0.119    16.973    dmem/mem_reg_32512_32767_8_8/RAMS64E_A
  -------------------------------------------------------------------
                         required time                         16.973    
                         arrival time                         -16.597    
  -------------------------------------------------------------------
                         slack                                  0.377    

Slack (MET) :             0.377ns  (required time - arrival time)
  Source:                 EX_MEM_ALU_RESULT_reg[6]_replica_12/C
                            (rising edge-triggered cell FDRE clocked by sys_clk_pin  {rise@0.000ns fall@10.000ns period=12.000ns})
  Destination:            dmem/mem_reg_32512_32767_8_8/RAMS64E_B/ADR4
                            (rising edge-triggered cell RAMS64E clocked by sys_clk_pin  {rise@0.000ns fall@10.000ns period=12.000ns})
  Path Group:             sys_clk_pin
  Path Type:              Setup (Max at Slow Process Corner)
  Requirement:            12.000ns  (sys_clk_pin rise@12.000ns - sys_clk_pin rise@0.000ns)
  Data Path Delay:        11.181ns  (logic 0.456ns (4.078%)  route 10.725ns (95.922%))
  Logic Levels:           0  
  Clock Path Skew:        -0.288ns (DCD - SCD + CPR)
    Destination Clock Delay (DCD):    4.941ns = ( 16.941 - 12.000 ) 
    Source Clock Delay      (SCD):    5.416ns
    Clock Pessimism Removal (CPR):    0.187ns
  Clock Uncertainty:      0.035ns  ((TSJ^2 + TIJ^2)^1/2 + DJ) / 2 + PE
    Total System Jitter     (TSJ):    0.071ns
    Total Input Jitter      (TIJ):    0.000ns
    Discrete Jitter          (DJ):    0.000ns
    Phase Error              (PE):    0.000ns

    Location             Delay type                Incr(ns)  Path(ns)    Netlist Resource(s)
  -------------------------------------------------------------------    -------------------
                         (clock sys_clk_pin rise edge)
                                                      0.000     0.000 r  
    E3                                                0.000     0.000 r  CLK (IN)
                         net (fo=0)                   0.000     0.000    CLK
    E3                   IBUF (Prop_ibuf_I_O)         1.482     1.482 r  CLK_IBUF_inst/O
                         net (fo=1, routed)           2.025     3.506    CLK_IBUF
    BUFGCTRL_X0Y16       BUFG (Prop_bufg_I_O)         0.096     3.602 r  CLK_IBUF_BUFG_inst/O
                         net (fo=17145, routed)       1.813     5.416    CLK_IBUF_BUFG
    SLICE_X31Y39         FDRE                                         r  EX_MEM_ALU_RESULT_reg[6]_replica_12/C
  -------------------------------------------------------------------    -------------------
    SLICE_X31Y39         FDRE (Prop_fdre_C_Q)         0.456     5.872 r  EX_MEM_ALU_RESULT_reg[6]_replica_12/Q
                         net (fo=1240, routed)       10.725    16.597    dmem/mem_reg_32512_32767_8_8/A4
    SLICE_X30Y89         RAMS64E                                      r  dmem/mem_reg_32512_32767_8_8/RAMS64E_B/ADR4
  -------------------------------------------------------------------    -------------------

                         (clock sys_clk_pin rise edge)
                                                     12.000    12.000 r  
    E3                                                0.000    12.000 r  CLK (IN)
                         net (fo=0)                   0.000    12.000    CLK
    E3                   IBUF (Prop_ibuf_I_O)         1.411    13.411 r  CLK_IBUF_inst/O
                         net (fo=1, routed)           1.920    15.331    CLK_IBUF
    BUFGCTRL_X0Y16       BUFG (Prop_bufg_I_O)         0.091    15.422 r  CLK_IBUF_BUFG_inst/O
                         net (fo=17145, routed)       1.518    16.941    dmem/mem_reg_32512_32767_8_8/WCLK
    SLICE_X30Y89         RAMS64E                                      r  dmem/mem_reg_32512_32767_8_8/RAMS64E_B/CLK
                         clock pessimism              0.187    17.128    
                         clock uncertainty           -0.035    17.092    
    SLICE_X30Y89         RAMS64E (Setup_rams64e_CLK_ADR4)
                                                     -0.119    16.973    dmem/mem_reg_32512_32767_8_8/RAMS64E_B
  -------------------------------------------------------------------
                         required time                         16.973    
                         arrival time                         -16.597    
  -------------------------------------------------------------------
                         slack                                  0.377    

Slack (MET) :             0.377ns  (required time - arrival time)
  Source:                 EX_MEM_ALU_RESULT_reg[6]_replica_12/C
                            (rising edge-triggered cell FDRE clocked by sys_clk_pin  {rise@0.000ns fall@10.000ns period=12.000ns})
  Destination:            dmem/mem_reg_32512_32767_8_8/RAMS64E_C/ADR4
                            (rising edge-triggered cell RAMS64E clocked by sys_clk_pin  {rise@0.000ns fall@10.000ns period=12.000ns})
  Path Group:             sys_clk_pin
  Path Type:              Setup (Max at Slow Process Corner)
  Requirement:            12.000ns  (sys_clk_pin rise@12.000ns - sys_clk_pin rise@0.000ns)
  Data Path Delay:        11.181ns  (logic 0.456ns (4.078%)  route 10.725ns (95.922%))
  Logic Levels:           0  
  Clock Path Skew:        -0.288ns (DCD - SCD + CPR)
    Destination Clock Delay (DCD):    4.941ns = ( 16.941 - 12.000 ) 
    Source Clock Delay      (SCD):    5.416ns
    Clock Pessimism Removal (CPR):    0.187ns
  Clock Uncertainty:      0.035ns  ((TSJ^2 + TIJ^2)^1/2 + DJ) / 2 + PE
    Total System Jitter     (TSJ):    0.071ns
    Total Input Jitter      (TIJ):    0.000ns
    Discrete Jitter          (DJ):    0.000ns
    Phase Error              (PE):    0.000ns

    Location             Delay type                Incr(ns)  Path(ns)    Netlist Resource(s)
  -------------------------------------------------------------------    -------------------
                         (clock sys_clk_pin rise edge)
                                                      0.000     0.000 r  
    E3                                                0.000     0.000 r  CLK (IN)
                         net (fo=0)                   0.000     0.000    CLK
    E3                   IBUF (Prop_ibuf_I_O)         1.482     1.482 r  CLK_IBUF_inst/O
                         net (fo=1, routed)           2.025     3.506    CLK_IBUF
    BUFGCTRL_X0Y16       BUFG (Prop_bufg_I_O)         0.096     3.602 r  CLK_IBUF_BUFG_inst/O
                         net (fo=17145, routed)       1.813     5.416    CLK_IBUF_BUFG
    SLICE_X31Y39         FDRE                                         r  EX_MEM_ALU_RESULT_reg[6]_replica_12/C
  -------------------------------------------------------------------    -------------------
    SLICE_X31Y39         FDRE (Prop_fdre_C_Q)         0.456     5.872 r  EX_MEM_ALU_RESULT_reg[6]_replica_12/Q
                         net (fo=1240, routed)       10.725    16.597    dmem/mem_reg_32512_32767_8_8/A4
    SLICE_X30Y89         RAMS64E                                      r  dmem/mem_reg_32512_32767_8_8/RAMS64E_C/ADR4
  -------------------------------------------------------------------    -------------------

                         (clock sys_clk_pin rise edge)
                                                     12.000    12.000 r  
    E3                                                0.000    12.000 r  CLK (IN)
                         net (fo=0)                   0.000    12.000    CLK
    E3                   IBUF (Prop_ibuf_I_O)         1.411    13.411 r  CLK_IBUF_inst/O
                         net (fo=1, routed)           1.920    15.331    CLK_IBUF
    BUFGCTRL_X0Y16       BUFG (Prop_bufg_I_O)         0.091    15.422 r  CLK_IBUF_BUFG_inst/O
                         net (fo=17145, routed)       1.518    16.941    dmem/mem_reg_32512_32767_8_8/WCLK
    SLICE_X30Y89         RAMS64E                                      r  dmem/mem_reg_32512_32767_8_8/RAMS64E_C/CLK
                         clock pessimism              0.187    17.128    
                         clock uncertainty           -0.035    17.092    
    SLICE_X30Y89         RAMS64E (Setup_rams64e_CLK_ADR4)
                                                     -0.119    16.973    dmem/mem_reg_32512_32767_8_8/RAMS64E_C
  -------------------------------------------------------------------
                         required time                         16.973    
                         arrival time                         -16.597    
  -------------------------------------------------------------------
                         slack                                  0.377    

Slack (MET) :             0.377ns  (required time - arrival time)
  Source:                 EX_MEM_ALU_RESULT_reg[6]_replica_12/C
                            (rising edge-triggered cell FDRE clocked by sys_clk_pin  {rise@0.000ns fall@10.000ns period=12.000ns})
  Destination:            dmem/mem_reg_32512_32767_8_8/RAMS64E_D/ADR4
                            (rising edge-triggered cell RAMS64E clocked by sys_clk_pin  {rise@0.000ns fall@10.000ns period=12.000ns})
  Path Group:             sys_clk_pin
  Path Type:              Setup (Max at Slow Process Corner)
  Requirement:            12.000ns  (sys_clk_pin rise@12.000ns - sys_clk_pin rise@0.000ns)
  Data Path Delay:        11.181ns  (logic 0.456ns (4.078%)  route 10.725ns (95.922%))
  Logic Levels:           0  
  Clock Path Skew:        -0.288ns (DCD - SCD + CPR)
    Destination Clock Delay (DCD):    4.941ns = ( 16.941 - 12.000 ) 
    Source Clock Delay      (SCD):    5.416ns
    Clock Pessimism Removal (CPR):    0.187ns
  Clock Uncertainty:      0.035ns  ((TSJ^2 + TIJ^2)^1/2 + DJ) / 2 + PE
    Total System Jitter     (TSJ):    0.071ns
    Total Input Jitter      (TIJ):    0.000ns
    Discrete Jitter          (DJ):    0.000ns
    Phase Error              (PE):    0.000ns

    Location             Delay type                Incr(ns)  Path(ns)    Netlist Resource(s)
  -------------------------------------------------------------------    -------------------
                         (clock sys_clk_pin rise edge)
                                                      0.000     0.000 r  
    E3                                                0.000     0.000 r  CLK (IN)
                         net (fo=0)                   0.000     0.000    CLK
    E3                   IBUF (Prop_ibuf_I_O)         1.482     1.482 r  CLK_IBUF_inst/O
                         net (fo=1, routed)           2.025     3.506    CLK_IBUF
    BUFGCTRL_X0Y16       BUFG (Prop_bufg_I_O)         0.096     3.602 r  CLK_IBUF_BUFG_inst/O
                         net (fo=17145, routed)       1.813     5.416    CLK_IBUF_BUFG
    SLICE_X31Y39         FDRE                                         r  EX_MEM_ALU_RESULT_reg[6]_replica_12/C
  -------------------------------------------------------------------    -------------------
    SLICE_X31Y39         FDRE (Prop_fdre_C_Q)         0.456     5.872 r  EX_MEM_ALU_RESULT_reg[6]_replica_12/Q
                         net (fo=1240, routed)       10.725    16.597    dmem/mem_reg_32512_32767_8_8/A4
    SLICE_X30Y89         RAMS64E                                      r  dmem/mem_reg_32512_32767_8_8/RAMS64E_D/ADR4
  -------------------------------------------------------------------    -------------------

                         (clock sys_clk_pin rise edge)
                                                     12.000    12.000 r  
    E3                                                0.000    12.000 r  CLK (IN)
                         net (fo=0)                   0.000    12.000    CLK
    E3                   IBUF (Prop_ibuf_I_O)         1.411    13.411 r  CLK_IBUF_inst/O
                         net (fo=1, routed)           1.920    15.331    CLK_IBUF
    BUFGCTRL_X0Y16       BUFG (Prop_bufg_I_O)         0.091    15.422 r  CLK_IBUF_BUFG_inst/O
                         net (fo=17145, routed)       1.518    16.941    dmem/mem_reg_32512_32767_8_8/WCLK
    SLICE_X30Y89         RAMS64E                                      r  dmem/mem_reg_32512_32767_8_8/RAMS64E_D/CLK
                         clock pessimism              0.187    17.128    
                         clock uncertainty           -0.035    17.092    
    SLICE_X30Y89         RAMS64E (Setup_rams64e_CLK_ADR4)
                                                     -0.119    16.973    dmem/mem_reg_32512_32767_8_8/RAMS64E_D
  -------------------------------------------------------------------
                         required time                         16.973    
                         arrival time                         -16.597    
  -------------------------------------------------------------------
                         slack                                  0.377    

Slack (MET) :             0.384ns  (required time - arrival time)
  Source:                 EX_MEM_ALU_RESULT_reg[5]_replica_1/C
                            (rising edge-triggered cell FDRE clocked by sys_clk_pin  {rise@0.000ns fall@10.000ns period=12.000ns})
  Destination:            dmem/mem_reg_11520_11775_5_5/RAMS64E_A/ADR3
                            (rising edge-triggered cell RAMS64E clocked by sys_clk_pin  {rise@0.000ns fall@10.000ns period=12.000ns})
  Path Group:             sys_clk_pin
  Path Type:              Setup (Max at Slow Process Corner)
  Requirement:            12.000ns  (sys_clk_pin rise@12.000ns - sys_clk_pin rise@0.000ns)
  Data Path Delay:        11.525ns  (logic 0.456ns (3.957%)  route 11.069ns (96.043%))
  Logic Levels:           0  
  Clock Path Skew:        0.026ns (DCD - SCD + CPR)
    Destination Clock Delay (DCD):    5.089ns = ( 17.089 - 12.000 ) 
    Source Clock Delay      (SCD):    5.244ns
    Clock Pessimism Removal (CPR):    0.180ns
  Clock Uncertainty:      0.035ns  ((TSJ^2 + TIJ^2)^1/2 + DJ) / 2 + PE
    Total System Jitter     (TSJ):    0.071ns
    Total Input Jitter      (TIJ):    0.000ns
    Discrete Jitter          (DJ):    0.000ns
    Phase Error              (PE):    0.000ns

    Location             Delay type                Incr(ns)  Path(ns)    Netlist Resource(s)
  -------------------------------------------------------------------    -------------------
                         (clock sys_clk_pin rise edge)
                                                      0.000     0.000 r  
    E3                                                0.000     0.000 r  CLK (IN)
                         net (fo=0)                   0.000     0.000    CLK
    E3                   IBUF (Prop_ibuf_I_O)         1.482     1.482 r  CLK_IBUF_inst/O
                         net (fo=1, routed)           2.025     3.506    CLK_IBUF
    BUFGCTRL_X0Y16       BUFG (Prop_bufg_I_O)         0.096     3.602 r  CLK_IBUF_BUFG_inst/O
                         net (fo=17145, routed)       1.641     5.244    CLK_IBUF_BUFG
    SLICE_X32Y55         FDRE                                         r  EX_MEM_ALU_RESULT_reg[5]_replica_1/C
  -------------------------------------------------------------------    -------------------
    SLICE_X32Y55         FDRE (Prop_fdre_C_Q)         0.456     5.700 r  EX_MEM_ALU_RESULT_reg[5]_replica_1/Q
                         net (fo=1240, routed)       11.069    16.768    dmem/mem_reg_11520_11775_5_5/A3
    SLICE_X42Y165        RAMS64E                                      r  dmem/mem_reg_11520_11775_5_5/RAMS64E_A/ADR3
  -------------------------------------------------------------------    -------------------

                         (clock sys_clk_pin rise edge)
                                                     12.000    12.000 r  
    E3                                                0.000    12.000 r  CLK (IN)
                         net (fo=0)                   0.000    12.000    CLK
    E3                   IBUF (Prop_ibuf_I_O)         1.411    13.411 r  CLK_IBUF_inst/O
                         net (fo=1, routed)           1.920    15.331    CLK_IBUF
    BUFGCTRL_X0Y16       BUFG (Prop_bufg_I_O)         0.091    15.422 r  CLK_IBUF_BUFG_inst/O
                         net (fo=17145, routed)       1.667    17.089    dmem/mem_reg_11520_11775_5_5/WCLK
    SLICE_X42Y165        RAMS64E                                      r  dmem/mem_reg_11520_11775_5_5/RAMS64E_A/CLK
                         clock pessimism              0.180    17.269    
                         clock uncertainty           -0.035    17.234    
    SLICE_X42Y165        RAMS64E (Setup_rams64e_CLK_ADR3)
                                                     -0.082    17.152    dmem/mem_reg_11520_11775_5_5/RAMS64E_A
  -------------------------------------------------------------------
                         required time                         17.152    
                         arrival time                         -16.768    
  -------------------------------------------------------------------
                         slack                                  0.384    





Min Delay Paths
--------------------------------------------------------------------------------------
Slack (MET) :             0.083ns  (arrival time - required time)
  Source:                 EX_MEM_ALU_RESULT_reg[3]_replica_7/C
                            (rising edge-triggered cell FDRE clocked by sys_clk_pin  {rise@0.000ns fall@10.000ns period=12.000ns})
  Destination:            dmem/mem_reg_9728_9983_12_12/RAMS64E_A/ADR1
                            (rising edge-triggered cell RAMS64E clocked by sys_clk_pin  {rise@0.000ns fall@10.000ns period=12.000ns})
  Path Group:             sys_clk_pin
  Path Type:              Hold (Min at Fast Process Corner)
  Requirement:            0.000ns  (sys_clk_pin rise@0.000ns - sys_clk_pin rise@0.000ns)
  Data Path Delay:        0.428ns  (logic 0.141ns (32.971%)  route 0.287ns (67.029%))
  Logic Levels:           0  
  Clock Path Skew:        0.036ns (DCD - SCD - CPR)
    Destination Clock Delay (DCD):    2.075ns
    Source Clock Delay      (SCD):    1.556ns
    Clock Pessimism Removal (CPR):    0.483ns

    Location             Delay type                Incr(ns)  Path(ns)    Netlist Resource(s)
  -------------------------------------------------------------------    -------------------
                         (clock sys_clk_pin rise edge)
                                                      0.000     0.000 r  
    E3                                                0.000     0.000 r  CLK (IN)
                         net (fo=0)                   0.000     0.000    CLK
    E3                   IBUF (Prop_ibuf_I_O)         0.250     0.250 r  CLK_IBUF_inst/O
                         net (fo=1, routed)           0.644     0.894    CLK_IBUF
    BUFGCTRL_X0Y16       BUFG (Prop_bufg_I_O)         0.026     0.920 r  CLK_IBUF_BUFG_inst/O
                         net (fo=17145, routed)       0.636     1.556    CLK_IBUF_BUFG
    SLICE_X32Y39         FDRE                                         r  EX_MEM_ALU_RESULT_reg[3]_replica_7/C
  -------------------------------------------------------------------    -------------------
    SLICE_X32Y39         FDRE (Prop_fdre_C_Q)         0.141     1.697 r  EX_MEM_ALU_RESULT_reg[3]_replica_7/Q
                         net (fo=940, routed)         0.287     1.984    dmem/mem_reg_9728_9983_12_12/A1
    SLICE_X34Y40         RAMS64E                                      r  dmem/mem_reg_9728_9983_12_12/RAMS64E_A/ADR1
  -------------------------------------------------------------------    -------------------

                         (clock sys_clk_pin rise edge)
                                                      0.000     0.000 r  
    E3                                                0.000     0.000 r  CLK (IN)
                         net (fo=0)                   0.000     0.000    CLK
    E3                   IBUF (Prop_ibuf_I_O)         0.438     0.438 r  CLK_IBUF_inst/O
                         net (fo=1, routed)           0.699     1.136    CLK_IBUF
    BUFGCTRL_X0Y16       BUFG (Prop_bufg_I_O)         0.029     1.165 r  CLK_IBUF_BUFG_inst/O
                         net (fo=17145, routed)       0.910     2.075    dmem/mem_reg_9728_9983_12_12/WCLK
    SLICE_X34Y40         RAMS64E                                      r  dmem/mem_reg_9728_9983_12_12/RAMS64E_A/CLK
                         clock pessimism             -0.483     1.592    
    SLICE_X34Y40         RAMS64E (Hold_rams64e_CLK_ADR1)
                                                      0.309     1.901    dmem/mem_reg_9728_9983_12_12/RAMS64E_A
  -------------------------------------------------------------------
                         required time                         -1.901    
                         arrival time                           1.984    
  -------------------------------------------------------------------
                         slack                                  0.083    

Slack (MET) :             0.083ns  (arrival time - required time)
  Source:                 EX_MEM_ALU_RESULT_reg[3]_replica_7/C
                            (rising edge-triggered cell FDRE clocked by sys_clk_pin  {rise@0.000ns fall@10.000ns period=12.000ns})
  Destination:            dmem/mem_reg_9728_9983_12_12/RAMS64E_B/ADR1
                            (rising edge-triggered cell RAMS64E clocked by sys_clk_pin  {rise@0.000ns fall@10.000ns period=12.000ns})
  Path Group:             sys_clk_pin
  Path Type:              Hold (Min at Fast Process Corner)
  Requirement:            0.000ns  (sys_clk_pin rise@0.000ns - sys_clk_pin rise@0.000ns)
  Data Path Delay:        0.428ns  (logic 0.141ns (32.971%)  route 0.287ns (67.029%))
  Logic Levels:           0  
  Clock Path Skew:        0.036ns (DCD - SCD - CPR)
    Destination Clock Delay (DCD):    2.075ns
    Source Clock Delay      (SCD):    1.556ns
    Clock Pessimism Removal (CPR):    0.483ns

    Location             Delay type                Incr(ns)  Path(ns)    Netlist Resource(s)
  -------------------------------------------------------------------    -------------------
                         (clock sys_clk_pin rise edge)
                                                      0.000     0.000 r  
    E3                                                0.000     0.000 r  CLK (IN)
                         net (fo=0)                   0.000     0.000    CLK
    E3                   IBUF (Prop_ibuf_I_O)         0.250     0.250 r  CLK_IBUF_inst/O
                         net (fo=1, routed)           0.644     0.894    CLK_IBUF
    BUFGCTRL_X0Y16       BUFG (Prop_bufg_I_O)         0.026     0.920 r  CLK_IBUF_BUFG_inst/O
                         net (fo=17145, routed)       0.636     1.556    CLK_IBUF_BUFG
    SLICE_X32Y39         FDRE                                         r  EX_MEM_ALU_RESULT_reg[3]_replica_7/C
  -------------------------------------------------------------------    -------------------
    SLICE_X32Y39         FDRE (Prop_fdre_C_Q)         0.141     1.697 r  EX_MEM_ALU_RESULT_reg[3]_replica_7/Q
                         net (fo=940, routed)         0.287     1.984    dmem/mem_reg_9728_9983_12_12/A1
    SLICE_X34Y40         RAMS64E                                      r  dmem/mem_reg_9728_9983_12_12/RAMS64E_B/ADR1
  -------------------------------------------------------------------    -------------------

                         (clock sys_clk_pin rise edge)
                                                      0.000     0.000 r  
    E3                                                0.000     0.000 r  CLK (IN)
                         net (fo=0)                   0.000     0.000    CLK
    E3                   IBUF (Prop_ibuf_I_O)         0.438     0.438 r  CLK_IBUF_inst/O
                         net (fo=1, routed)           0.699     1.136    CLK_IBUF
    BUFGCTRL_X0Y16       BUFG (Prop_bufg_I_O)         0.029     1.165 r  CLK_IBUF_BUFG_inst/O
                         net (fo=17145, routed)       0.910     2.075    dmem/mem_reg_9728_9983_12_12/WCLK
    SLICE_X34Y40         RAMS64E                                      r  dmem/mem_reg_9728_9983_12_12/RAMS64E_B/CLK
                         clock pessimism             -0.483     1.592    
    SLICE_X34Y40         RAMS64E (Hold_rams64e_CLK_ADR1)
                                                      0.309     1.901    dmem/mem_reg_9728_9983_12_12/RAMS64E_B
  -------------------------------------------------------------------
                         required time                         -1.901    
                         arrival time                           1.984    
  -------------------------------------------------------------------
                         slack                                  0.083    

Slack (MET) :             0.083ns  (arrival time - required time)
  Source:                 EX_MEM_ALU_RESULT_reg[3]_replica_7/C
                            (rising edge-triggered cell FDRE clocked by sys_clk_pin  {rise@0.000ns fall@10.000ns period=12.000ns})
  Destination:            dmem/mem_reg_9728_9983_12_12/RAMS64E_C/ADR1
                            (rising edge-triggered cell RAMS64E clocked by sys_clk_pin  {rise@0.000ns fall@10.000ns period=12.000ns})
  Path Group:             sys_clk_pin
  Path Type:              Hold (Min at Fast Process Corner)
  Requirement:            0.000ns  (sys_clk_pin rise@0.000ns - sys_clk_pin rise@0.000ns)
  Data Path Delay:        0.428ns  (logic 0.141ns (32.971%)  route 0.287ns (67.029%))
  Logic Levels:           0  
  Clock Path Skew:        0.036ns (DCD - SCD - CPR)
    Destination Clock Delay (DCD):    2.075ns
    Source Clock Delay      (SCD):    1.556ns
    Clock Pessimism Removal (CPR):    0.483ns

    Location             Delay type                Incr(ns)  Path(ns)    Netlist Resource(s)
  -------------------------------------------------------------------    -------------------
                         (clock sys_clk_pin rise edge)
                                                      0.000     0.000 r  
    E3                                                0.000     0.000 r  CLK (IN)
                         net (fo=0)                   0.000     0.000    CLK
    E3                   IBUF (Prop_ibuf_I_O)         0.250     0.250 r  CLK_IBUF_inst/O
                         net (fo=1, routed)           0.644     0.894    CLK_IBUF
    BUFGCTRL_X0Y16       BUFG (Prop_bufg_I_O)         0.026     0.920 r  CLK_IBUF_BUFG_inst/O
                         net (fo=17145, routed)       0.636     1.556    CLK_IBUF_BUFG
    SLICE_X32Y39         FDRE                                         r  EX_MEM_ALU_RESULT_reg[3]_replica_7/C
  -------------------------------------------------------------------    -------------------
    SLICE_X32Y39         FDRE (Prop_fdre_C_Q)         0.141     1.697 r  EX_MEM_ALU_RESULT_reg[3]_replica_7/Q
                         net (fo=940, routed)         0.287     1.984    dmem/mem_reg_9728_9983_12_12/A1
    SLICE_X34Y40         RAMS64E                                      r  dmem/mem_reg_9728_9983_12_12/RAMS64E_C/ADR1
  -------------------------------------------------------------------    -------------------

                         (clock sys_clk_pin rise edge)
                                                      0.000     0.000 r  
    E3                                                0.000     0.000 r  CLK (IN)
                         net (fo=0)                   0.000     0.000    CLK
    E3                   IBUF (Prop_ibuf_I_O)         0.438     0.438 r  CLK_IBUF_inst/O
                         net (fo=1, routed)           0.699     1.136    CLK_IBUF
    BUFGCTRL_X0Y16       BUFG (Prop_bufg_I_O)         0.029     1.165 r  CLK_IBUF_BUFG_inst/O
                         net (fo=17145, routed)       0.910     2.075    dmem/mem_reg_9728_9983_12_12/WCLK
    SLICE_X34Y40         RAMS64E                                      r  dmem/mem_reg_9728_9983_12_12/RAMS64E_C/CLK
                         clock pessimism             -0.483     1.592    
    SLICE_X34Y40         RAMS64E (Hold_rams64e_CLK_ADR1)
                                                      0.309     1.901    dmem/mem_reg_9728_9983_12_12/RAMS64E_C
  -------------------------------------------------------------------
                         required time                         -1.901    
                         arrival time                           1.984    
  -------------------------------------------------------------------
                         slack                                  0.083    

Slack (MET) :             0.083ns  (arrival time - required time)
  Source:                 EX_MEM_ALU_RESULT_reg[3]_replica_7/C
                            (rising edge-triggered cell FDRE clocked by sys_clk_pin  {rise@0.000ns fall@10.000ns period=12.000ns})
  Destination:            dmem/mem_reg_9728_9983_12_12/RAMS64E_D/ADR1
                            (rising edge-triggered cell RAMS64E clocked by sys_clk_pin  {rise@0.000ns fall@10.000ns period=12.000ns})
  Path Group:             sys_clk_pin
  Path Type:              Hold (Min at Fast Process Corner)
  Requirement:            0.000ns  (sys_clk_pin rise@0.000ns - sys_clk_pin rise@0.000ns)
  Data Path Delay:        0.428ns  (logic 0.141ns (32.971%)  route 0.287ns (67.029%))
  Logic Levels:           0  
  Clock Path Skew:        0.036ns (DCD - SCD - CPR)
    Destination Clock Delay (DCD):    2.075ns
    Source Clock Delay      (SCD):    1.556ns
    Clock Pessimism Removal (CPR):    0.483ns

    Location             Delay type                Incr(ns)  Path(ns)    Netlist Resource(s)
  -------------------------------------------------------------------    -------------------
                         (clock sys_clk_pin rise edge)
                                                      0.000     0.000 r  
    E3                                                0.000     0.000 r  CLK (IN)
                         net (fo=0)                   0.000     0.000    CLK
    E3                   IBUF (Prop_ibuf_I_O)         0.250     0.250 r  CLK_IBUF_inst/O
                         net (fo=1, routed)           0.644     0.894    CLK_IBUF
    BUFGCTRL_X0Y16       BUFG (Prop_bufg_I_O)         0.026     0.920 r  CLK_IBUF_BUFG_inst/O
                         net (fo=17145, routed)       0.636     1.556    CLK_IBUF_BUFG
    SLICE_X32Y39         FDRE                                         r  EX_MEM_ALU_RESULT_reg[3]_replica_7/C
  -------------------------------------------------------------------    -------------------
    SLICE_X32Y39         FDRE (Prop_fdre_C_Q)         0.141     1.697 r  EX_MEM_ALU_RESULT_reg[3]_replica_7/Q
                         net (fo=940, routed)         0.287     1.984    dmem/mem_reg_9728_9983_12_12/A1
    SLICE_X34Y40         RAMS64E                                      r  dmem/mem_reg_9728_9983_12_12/RAMS64E_D/ADR1
  -------------------------------------------------------------------    -------------------

                         (clock sys_clk_pin rise edge)
                                                      0.000     0.000 r  
    E3                                                0.000     0.000 r  CLK (IN)
                         net (fo=0)                   0.000     0.000    CLK
    E3                   IBUF (Prop_ibuf_I_O)         0.438     0.438 r  CLK_IBUF_inst/O
                         net (fo=1, routed)           0.699     1.136    CLK_IBUF
    BUFGCTRL_X0Y16       BUFG (Prop_bufg_I_O)         0.029     1.165 r  CLK_IBUF_BUFG_inst/O
                         net (fo=17145, routed)       0.910     2.075    dmem/mem_reg_9728_9983_12_12/WCLK
    SLICE_X34Y40         RAMS64E                                      r  dmem/mem_reg_9728_9983_12_12/RAMS64E_D/CLK
                         clock pessimism             -0.483     1.592    
    SLICE_X34Y40         RAMS64E (Hold_rams64e_CLK_ADR1)
                                                      0.309     1.901    dmem/mem_reg_9728_9983_12_12/RAMS64E_D
  -------------------------------------------------------------------
                         required time                         -1.901    
                         arrival time                           1.984    
  -------------------------------------------------------------------
                         slack                                  0.083    

Slack (MET) :             0.096ns  (arrival time - required time)
  Source:                 EX_MEM_ALU_RESULT_reg[5]_replica_7/C
                            (rising edge-triggered cell FDRE clocked by sys_clk_pin  {rise@0.000ns fall@10.000ns period=12.000ns})
  Destination:            dmem/mem_reg_8448_8703_12_12/RAMS64E_A/ADR3
                            (rising edge-triggered cell RAMS64E clocked by sys_clk_pin  {rise@0.000ns fall@10.000ns period=12.000ns})
  Path Group:             sys_clk_pin
  Path Type:              Hold (Min at Fast Process Corner)
  Requirement:            0.000ns  (sys_clk_pin rise@0.000ns - sys_clk_pin rise@0.000ns)
  Data Path Delay:        0.371ns  (logic 0.141ns (38.010%)  route 0.230ns (61.990%))
  Logic Levels:           0  
  Clock Path Skew:        0.035ns (DCD - SCD - CPR)
    Destination Clock Delay (DCD):    2.074ns
    Source Clock Delay      (SCD):    1.556ns
    Clock Pessimism Removal (CPR):    0.483ns

    Location             Delay type                Incr(ns)  Path(ns)    Netlist Resource(s)
  -------------------------------------------------------------------    -------------------
                         (clock sys_clk_pin rise edge)
                                                      0.000     0.000 r  
    E3                                                0.000     0.000 r  CLK (IN)
                         net (fo=0)                   0.000     0.000    CLK
    E3                   IBUF (Prop_ibuf_I_O)         0.250     0.250 r  CLK_IBUF_inst/O
                         net (fo=1, routed)           0.644     0.894    CLK_IBUF
    BUFGCTRL_X0Y16       BUFG (Prop_bufg_I_O)         0.026     0.920 r  CLK_IBUF_BUFG_inst/O
                         net (fo=17145, routed)       0.636     1.556    CLK_IBUF_BUFG
    SLICE_X32Y38         FDRE                                         r  EX_MEM_ALU_RESULT_reg[5]_replica_7/C
  -------------------------------------------------------------------    -------------------
    SLICE_X32Y38         FDRE (Prop_fdre_C_Q)         0.141     1.697 r  EX_MEM_ALU_RESULT_reg[5]_replica_7/Q
                         net (fo=940, routed)         0.230     1.927    dmem/mem_reg_8448_8703_12_12/A3
    SLICE_X34Y39         RAMS64E                                      r  dmem/mem_reg_8448_8703_12_12/RAMS64E_A/ADR3
  -------------------------------------------------------------------    -------------------

                         (clock sys_clk_pin rise edge)
                                                      0.000     0.000 r  
    E3                                                0.000     0.000 r  CLK (IN)
                         net (fo=0)                   0.000     0.000    CLK
    E3                   IBUF (Prop_ibuf_I_O)         0.438     0.438 r  CLK_IBUF_inst/O
                         net (fo=1, routed)           0.699     1.136    CLK_IBUF
    BUFGCTRL_X0Y16       BUFG (Prop_bufg_I_O)         0.029     1.165 r  CLK_IBUF_BUFG_inst/O
                         net (fo=17145, routed)       0.909     2.074    dmem/mem_reg_8448_8703_12_12/WCLK
    SLICE_X34Y39         RAMS64E                                      r  dmem/mem_reg_8448_8703_12_12/RAMS64E_A/CLK
                         clock pessimism             -0.483     1.591    
    SLICE_X34Y39         RAMS64E (Hold_rams64e_CLK_ADR3)
                                                      0.240     1.831    dmem/mem_reg_8448_8703_12_12/RAMS64E_A
  -------------------------------------------------------------------
                         required time                         -1.831    
                         arrival time                           1.927    
  -------------------------------------------------------------------
                         slack                                  0.096    

Slack (MET) :             0.096ns  (arrival time - required time)
  Source:                 EX_MEM_ALU_RESULT_reg[5]_replica_7/C
                            (rising edge-triggered cell FDRE clocked by sys_clk_pin  {rise@0.000ns fall@10.000ns period=12.000ns})
  Destination:            dmem/mem_reg_8448_8703_12_12/RAMS64E_B/ADR3
                            (rising edge-triggered cell RAMS64E clocked by sys_clk_pin  {rise@0.000ns fall@10.000ns period=12.000ns})
  Path Group:             sys_clk_pin
  Path Type:              Hold (Min at Fast Process Corner)
  Requirement:            0.000ns  (sys_clk_pin rise@0.000ns - sys_clk_pin rise@0.000ns)
  Data Path Delay:        0.371ns  (logic 0.141ns (38.010%)  route 0.230ns (61.990%))
  Logic Levels:           0  
  Clock Path Skew:        0.035ns (DCD - SCD - CPR)
    Destination Clock Delay (DCD):    2.074ns
    Source Clock Delay      (SCD):    1.556ns
    Clock Pessimism Removal (CPR):    0.483ns

    Location             Delay type                Incr(ns)  Path(ns)    Netlist Resource(s)
  -------------------------------------------------------------------    -------------------
                         (clock sys_clk_pin rise edge)
                                                      0.000     0.000 r  
    E3                                                0.000     0.000 r  CLK (IN)
                         net (fo=0)                   0.000     0.000    CLK
    E3                   IBUF (Prop_ibuf_I_O)         0.250     0.250 r  CLK_IBUF_inst/O
                         net (fo=1, routed)           0.644     0.894    CLK_IBUF
    BUFGCTRL_X0Y16       BUFG (Prop_bufg_I_O)         0.026     0.920 r  CLK_IBUF_BUFG_inst/O
                         net (fo=17145, routed)       0.636     1.556    CLK_IBUF_BUFG
    SLICE_X32Y38         FDRE                                         r  EX_MEM_ALU_RESULT_reg[5]_replica_7/C
  -------------------------------------------------------------------    -------------------
    SLICE_X32Y38         FDRE (Prop_fdre_C_Q)         0.141     1.697 r  EX_MEM_ALU_RESULT_reg[5]_replica_7/Q
                         net (fo=940, routed)         0.230     1.927    dmem/mem_reg_8448_8703_12_12/A3
    SLICE_X34Y39         RAMS64E                                      r  dmem/mem_reg_8448_8703_12_12/RAMS64E_B/ADR3
  -------------------------------------------------------------------    -------------------

                         (clock sys_clk_pin rise edge)
                                                      0.000     0.000 r  
    E3                                                0.000     0.000 r  CLK (IN)
                         net (fo=0)                   0.000     0.000    CLK
    E3                   IBUF (Prop_ibuf_I_O)         0.438     0.438 r  CLK_IBUF_inst/O
                         net (fo=1, routed)           0.699     1.136    CLK_IBUF
    BUFGCTRL_X0Y16       BUFG (Prop_bufg_I_O)         0.029     1.165 r  CLK_IBUF_BUFG_inst/O
                         net (fo=17145, routed)       0.909     2.074    dmem/mem_reg_8448_8703_12_12/WCLK
    SLICE_X34Y39         RAMS64E                                      r  dmem/mem_reg_8448_8703_12_12/RAMS64E_B/CLK
                         clock pessimism             -0.483     1.591    
    SLICE_X34Y39         RAMS64E (Hold_rams64e_CLK_ADR3)
                                                      0.240     1.831    dmem/mem_reg_8448_8703_12_12/RAMS64E_B
  -------------------------------------------------------------------
                         required time                         -1.831    
                         arrival time                           1.927    
  -------------------------------------------------------------------
                         slack                                  0.096    

Slack (MET) :             0.096ns  (arrival time - required time)
  Source:                 EX_MEM_ALU_RESULT_reg[5]_replica_7/C
                            (rising edge-triggered cell FDRE clocked by sys_clk_pin  {rise@0.000ns fall@10.000ns period=12.000ns})
  Destination:            dmem/mem_reg_8448_8703_12_12/RAMS64E_C/ADR3
                            (rising edge-triggered cell RAMS64E clocked by sys_clk_pin  {rise@0.000ns fall@10.000ns period=12.000ns})
  Path Group:             sys_clk_pin
  Path Type:              Hold (Min at Fast Process Corner)
  Requirement:            0.000ns  (sys_clk_pin rise@0.000ns - sys_clk_pin rise@0.000ns)
  Data Path Delay:        0.371ns  (logic 0.141ns (38.010%)  route 0.230ns (61.990%))
  Logic Levels:           0  
  Clock Path Skew:        0.035ns (DCD - SCD - CPR)
    Destination Clock Delay (DCD):    2.074ns
    Source Clock Delay      (SCD):    1.556ns
    Clock Pessimism Removal (CPR):    0.483ns

    Location             Delay type                Incr(ns)  Path(ns)    Netlist Resource(s)
  -------------------------------------------------------------------    -------------------
                         (clock sys_clk_pin rise edge)
                                                      0.000     0.000 r  
    E3                                                0.000     0.000 r  CLK (IN)
                         net (fo=0)                   0.000     0.000    CLK
    E3                   IBUF (Prop_ibuf_I_O)         0.250     0.250 r  CLK_IBUF_inst/O
                         net (fo=1, routed)           0.644     0.894    CLK_IBUF
    BUFGCTRL_X0Y16       BUFG (Prop_bufg_I_O)         0.026     0.920 r  CLK_IBUF_BUFG_inst/O
                         net (fo=17145, routed)       0.636     1.556    CLK_IBUF_BUFG
    SLICE_X32Y38         FDRE                                         r  EX_MEM_ALU_RESULT_reg[5]_replica_7/C
  -------------------------------------------------------------------    -------------------
    SLICE_X32Y38         FDRE (Prop_fdre_C_Q)         0.141     1.697 r  EX_MEM_ALU_RESULT_reg[5]_replica_7/Q
                         net (fo=940, routed)         0.230     1.927    dmem/mem_reg_8448_8703_12_12/A3
    SLICE_X34Y39         RAMS64E                                      r  dmem/mem_reg_8448_8703_12_12/RAMS64E_C/ADR3
  -------------------------------------------------------------------    -------------------

                         (clock sys_clk_pin rise edge)
                                                      0.000     0.000 r  
    E3                                                0.000     0.000 r  CLK (IN)
                         net (fo=0)                   0.000     0.000    CLK
    E3                   IBUF (Prop_ibuf_I_O)         0.438     0.438 r  CLK_IBUF_inst/O
                         net (fo=1, routed)           0.699     1.136    CLK_IBUF
    BUFGCTRL_X0Y16       BUFG (Prop_bufg_I_O)         0.029     1.165 r  CLK_IBUF_BUFG_inst/O
                         net (fo=17145, routed)       0.909     2.074    dmem/mem_reg_8448_8703_12_12/WCLK
    SLICE_X34Y39         RAMS64E                                      r  dmem/mem_reg_8448_8703_12_12/RAMS64E_C/CLK
                         clock pessimism             -0.483     1.591    
    SLICE_X34Y39         RAMS64E (Hold_rams64e_CLK_ADR3)
                                                      0.240     1.831    dmem/mem_reg_8448_8703_12_12/RAMS64E_C
  -------------------------------------------------------------------
                         required time                         -1.831    
                         arrival time                           1.927    
  -------------------------------------------------------------------
                         slack                                  0.096    

Slack (MET) :             0.096ns  (arrival time - required time)
  Source:                 EX_MEM_ALU_RESULT_reg[5]_replica_7/C
                            (rising edge-triggered cell FDRE clocked by sys_clk_pin  {rise@0.000ns fall@10.000ns period=12.000ns})
  Destination:            dmem/mem_reg_8448_8703_12_12/RAMS64E_D/ADR3
                            (rising edge-triggered cell RAMS64E clocked by sys_clk_pin  {rise@0.000ns fall@10.000ns period=12.000ns})
  Path Group:             sys_clk_pin
  Path Type:              Hold (Min at Fast Process Corner)
  Requirement:            0.000ns  (sys_clk_pin rise@0.000ns - sys_clk_pin rise@0.000ns)
  Data Path Delay:        0.371ns  (logic 0.141ns (38.010%)  route 0.230ns (61.990%))
  Logic Levels:           0  
  Clock Path Skew:        0.035ns (DCD - SCD - CPR)
    Destination Clock Delay (DCD):    2.074ns
    Source Clock Delay      (SCD):    1.556ns
    Clock Pessimism Removal (CPR):    0.483ns

    Location             Delay type                Incr(ns)  Path(ns)    Netlist Resource(s)
  -------------------------------------------------------------------    -------------------
                         (clock sys_clk_pin rise edge)
                                                      0.000     0.000 r  
    E3                                                0.000     0.000 r  CLK (IN)
                         net (fo=0)                   0.000     0.000    CLK
    E3                   IBUF (Prop_ibuf_I_O)         0.250     0.250 r  CLK_IBUF_inst/O
                         net (fo=1, routed)           0.644     0.894    CLK_IBUF
    BUFGCTRL_X0Y16       BUFG (Prop_bufg_I_O)         0.026     0.920 r  CLK_IBUF_BUFG_inst/O
                         net (fo=17145, routed)       0.636     1.556    CLK_IBUF_BUFG
    SLICE_X32Y38         FDRE                                         r  EX_MEM_ALU_RESULT_reg[5]_replica_7/C
  -------------------------------------------------------------------    -------------------
    SLICE_X32Y38         FDRE (Prop_fdre_C_Q)         0.141     1.697 r  EX_MEM_ALU_RESULT_reg[5]_replica_7/Q
                         net (fo=940, routed)         0.230     1.927    dmem/mem_reg_8448_8703_12_12/A3
    SLICE_X34Y39         RAMS64E                                      r  dmem/mem_reg_8448_8703_12_12/RAMS64E_D/ADR3
  -------------------------------------------------------------------    -------------------

                         (clock sys_clk_pin rise edge)
                                                      0.000     0.000 r  
    E3                                                0.000     0.000 r  CLK (IN)
                         net (fo=0)                   0.000     0.000    CLK
    E3                   IBUF (Prop_ibuf_I_O)         0.438     0.438 r  CLK_IBUF_inst/O
                         net (fo=1, routed)           0.699     1.136    CLK_IBUF
    BUFGCTRL_X0Y16       BUFG (Prop_bufg_I_O)         0.029     1.165 r  CLK_IBUF_BUFG_inst/O
                         net (fo=17145, routed)       0.909     2.074    dmem/mem_reg_8448_8703_12_12/WCLK
    SLICE_X34Y39         RAMS64E                                      r  dmem/mem_reg_8448_8703_12_12/RAMS64E_D/CLK
                         clock pessimism             -0.483     1.591    
    SLICE_X34Y39         RAMS64E (Hold_rams64e_CLK_ADR3)
                                                      0.240     1.831    dmem/mem_reg_8448_8703_12_12/RAMS64E_D
  -------------------------------------------------------------------
                         required time                         -1.831    
                         arrival time                           1.927    
  -------------------------------------------------------------------
                         slack                                  0.096    

Slack (MET) :             0.097ns  (arrival time - required time)
  Source:                 PC_reg[18]/C
                            (rising edge-triggered cell FDRE clocked by sys_clk_pin  {rise@0.000ns fall@10.000ns period=12.000ns})
  Destination:            IF_ID_PC_reg[18]/D
                            (rising edge-triggered cell FDRE clocked by sys_clk_pin  {rise@0.000ns fall@10.000ns period=12.000ns})
  Path Group:             sys_clk_pin
  Path Type:              Hold (Min at Fast Process Corner)
  Requirement:            0.000ns  (sys_clk_pin rise@0.000ns - sys_clk_pin rise@0.000ns)
  Data Path Delay:        0.343ns  (logic 0.141ns (41.055%)  route 0.202ns (58.945%))
  Logic Levels:           0  
  Clock Path Skew:        0.199ns (DCD - SCD - CPR)
    Destination Clock Delay (DCD):    2.008ns
    Source Clock Delay      (SCD):    1.558ns
    Clock Pessimism Removal (CPR):    0.250ns

    Location             Delay type                Incr(ns)  Path(ns)    Netlist Resource(s)
  -------------------------------------------------------------------    -------------------
                         (clock sys_clk_pin rise edge)
                                                      0.000     0.000 r  
    E3                                                0.000     0.000 r  CLK (IN)
                         net (fo=0)                   0.000     0.000    CLK
    E3                   IBUF (Prop_ibuf_I_O)         0.250     0.250 r  CLK_IBUF_inst/O
                         net (fo=1, routed)           0.644     0.894    CLK_IBUF
    BUFGCTRL_X0Y16       BUFG (Prop_bufg_I_O)         0.026     0.920 r  CLK_IBUF_BUFG_inst/O
                         net (fo=17145, routed)       0.638     1.558    CLK_IBUF_BUFG
    SLICE_X32Y46         FDRE                                         r  PC_reg[18]/C
  -------------------------------------------------------------------    -------------------
    SLICE_X32Y46         FDRE (Prop_fdre_C_Q)         0.141     1.699 r  PC_reg[18]/Q
                         net (fo=2, routed)           0.202     1.901    PC[18]
    SLICE_X31Y50         FDRE                                         r  IF_ID_PC_reg[18]/D
  -------------------------------------------------------------------    -------------------

                         (clock sys_clk_pin rise edge)
                                                      0.000     0.000 r  
    E3                                                0.000     0.000 r  CLK (IN)
                         net (fo=0)                   0.000     0.000    CLK
    E3                   IBUF (Prop_ibuf_I_O)         0.438     0.438 r  CLK_IBUF_inst/O
                         net (fo=1, routed)           0.699     1.136    CLK_IBUF
    BUFGCTRL_X0Y16       BUFG (Prop_bufg_I_O)         0.029     1.165 r  CLK_IBUF_BUFG_inst/O
                         net (fo=17145, routed)       0.843     2.008    CLK_IBUF_BUFG
    SLICE_X31Y50         FDRE                                         r  IF_ID_PC_reg[18]/C
                         clock pessimism             -0.250     1.757    
    SLICE_X31Y50         FDRE (Hold_fdre_C_D)         0.047     1.804    IF_ID_PC_reg[18]
  -------------------------------------------------------------------
                         required time                         -1.804    
                         arrival time                           1.901    
  -------------------------------------------------------------------
                         slack                                  0.097    

Slack (MET) :             0.106ns  (arrival time - required time)
  Source:                 EX_MEM_ALU_RESULT_reg[5]_replica_7/C
                            (rising edge-triggered cell FDRE clocked by sys_clk_pin  {rise@0.000ns fall@10.000ns period=12.000ns})
  Destination:            dmem/mem_reg_12800_13055_9_9/RAMS64E_A/ADR3
                            (rising edge-triggered cell RAMS64E clocked by sys_clk_pin  {rise@0.000ns fall@10.000ns period=12.000ns})
  Path Group:             sys_clk_pin
  Path Type:              Hold (Min at Fast Process Corner)
  Requirement:            0.000ns  (sys_clk_pin rise@0.000ns - sys_clk_pin rise@0.000ns)
  Data Path Delay:        0.379ns  (logic 0.141ns (37.156%)  route 0.238ns (62.844%))
  Logic Levels:           0  
  Clock Path Skew:        0.033ns (DCD - SCD - CPR)
    Destination Clock Delay (DCD):    2.072ns
    Source Clock Delay      (SCD):    1.556ns
    Clock Pessimism Removal (CPR):    0.483ns

    Location             Delay type                Incr(ns)  Path(ns)    Netlist Resource(s)
  -------------------------------------------------------------------    -------------------
                         (clock sys_clk_pin rise edge)
                                                      0.000     0.000 r  
    E3                                                0.000     0.000 r  CLK (IN)
                         net (fo=0)                   0.000     0.000    CLK
    E3                   IBUF (Prop_ibuf_I_O)         0.250     0.250 r  CLK_IBUF_inst/O
                         net (fo=1, routed)           0.644     0.894    CLK_IBUF
    BUFGCTRL_X0Y16       BUFG (Prop_bufg_I_O)         0.026     0.920 r  CLK_IBUF_BUFG_inst/O
                         net (fo=17145, routed)       0.636     1.556    CLK_IBUF_BUFG
    SLICE_X32Y38         FDRE                                         r  EX_MEM_ALU_RESULT_reg[5]_replica_7/C
  -------------------------------------------------------------------    -------------------
    SLICE_X32Y38         FDRE (Prop_fdre_C_Q)         0.141     1.697 r  EX_MEM_ALU_RESULT_reg[5]_replica_7/Q
                         net (fo=940, routed)         0.238     1.935    dmem/mem_reg_12800_13055_9_9/A3
    SLICE_X34Y37         RAMS64E                                      r  dmem/mem_reg_12800_13055_9_9/RAMS64E_A/ADR3
  -------------------------------------------------------------------    -------------------

                         (clock sys_clk_pin rise edge)
                                                      0.000     0.000 r  
    E3                                                0.000     0.000 r  CLK (IN)
                         net (fo=0)                   0.000     0.000    CLK
    E3                   IBUF (Prop_ibuf_I_O)         0.438     0.438 r  CLK_IBUF_inst/O
                         net (fo=1, routed)           0.699     1.136    CLK_IBUF
    BUFGCTRL_X0Y16       BUFG (Prop_bufg_I_O)         0.029     1.165 r  CLK_IBUF_BUFG_inst/O
                         net (fo=17145, routed)       0.907     2.072    dmem/mem_reg_12800_13055_9_9/WCLK
    SLICE_X34Y37         RAMS64E                                      r  dmem/mem_reg_12800_13055_9_9/RAMS64E_A/CLK
                         clock pessimism             -0.483     1.589    
    SLICE_X34Y37         RAMS64E (Hold_rams64e_CLK_ADR3)
                                                      0.240     1.829    dmem/mem_reg_12800_13055_9_9/RAMS64E_A
  -------------------------------------------------------------------
                         required time                         -1.829    
                         arrival time                           1.935    
  -------------------------------------------------------------------
                         slack                                  0.106    





Pulse Width Checks
--------------------------------------------------------------------------------------
Clock Name:         sys_clk_pin
Waveform(ns):       { 0.000 10.000 }
Period(ns):         12.000
Sources:            { CLK }

Check Type        Corner  Lib Pin      Reference Pin  Required(ns)  Actual(ns)  Slack(ns)  Location        Pin
Min Period        n/a     BUFG/I       n/a            2.155         12.000      9.845      BUFGCTRL_X0Y16  CLK_IBUF_BUFG_inst/I
Min Period        n/a     FDRE/C       n/a            1.000         12.000      11.000     SLICE_X27Y49    EX_MEM_ALU_RESULT_reg[0]/C
Min Period        n/a     FDRE/C       n/a            1.000         12.000      11.000     SLICE_X33Y51    EX_MEM_ALU_RESULT_reg[10]/C
Min Period        n/a     FDRE/C       n/a            1.000         12.000      11.000     SLICE_X33Y51    EX_MEM_ALU_RESULT_reg[10]_replica/C
Min Period        n/a     FDRE/C       n/a            1.000         12.000      11.000     SLICE_X40Y51    EX_MEM_ALU_RESULT_reg[10]_replica_1/C
Min Period        n/a     FDRE/C       n/a            1.000         12.000      11.000     SLICE_X33Y51    EX_MEM_ALU_RESULT_reg[11]/C
Min Period        n/a     FDRE/C       n/a            1.000         12.000      11.000     SLICE_X28Y51    EX_MEM_ALU_RESULT_reg[11]_replica/C
Min Period        n/a     FDRE/C       n/a            1.000         12.000      11.000     SLICE_X40Y51    EX_MEM_ALU_RESULT_reg[11]_replica_1/C
Min Period        n/a     FDRE/C       n/a            1.000         12.000      11.000     SLICE_X28Y53    EX_MEM_ALU_RESULT_reg[12]/C
Min Period        n/a     FDRE/C       n/a            1.000         12.000      11.000     SLICE_X18Y43    EX_MEM_ALU_RESULT_reg[12]_rep/C
Low Pulse Width   Slow    RAMS64E/CLK  n/a            1.250         2.000       0.750      SLICE_X46Y120   dmem/mem_reg_0_255_0_0/RAMS64E_A/CLK
Low Pulse Width   Fast    RAMS64E/CLK  n/a            1.250         2.000       0.750      SLICE_X46Y120   dmem/mem_reg_0_255_0_0/RAMS64E_A/CLK
Low Pulse Width   Slow    RAMS64E/CLK  n/a            1.250         2.000       0.750      SLICE_X46Y120   dmem/mem_reg_0_255_0_0/RAMS64E_B/CLK
Low Pulse Width   Fast    RAMS64E/CLK  n/a            1.250         2.000       0.750      SLICE_X46Y120   dmem/mem_reg_0_255_0_0/RAMS64E_B/CLK
Low Pulse Width   Slow    RAMS64E/CLK  n/a            1.250         2.000       0.750      SLICE_X46Y120   dmem/mem_reg_0_255_0_0/RAMS64E_C/CLK
Low Pulse Width   Fast    RAMS64E/CLK  n/a            1.250         2.000       0.750      SLICE_X46Y120   dmem/mem_reg_0_255_0_0/RAMS64E_C/CLK
Low Pulse Width   Slow    RAMS64E/CLK  n/a            1.250         2.000       0.750      SLICE_X46Y120   dmem/mem_reg_0_255_0_0/RAMS64E_D/CLK
Low Pulse Width   Fast    RAMS64E/CLK  n/a            1.250         2.000       0.750      SLICE_X46Y120   dmem/mem_reg_0_255_0_0/RAMS64E_D/CLK
Low Pulse Width   Slow    RAMS64E/CLK  n/a            1.250         2.000       0.750      SLICE_X12Y30    dmem/mem_reg_0_255_10_10/RAMS64E_A/CLK
Low Pulse Width   Fast    RAMS64E/CLK  n/a            1.250         2.000       0.750      SLICE_X12Y30    dmem/mem_reg_0_255_10_10/RAMS64E_A/CLK
High Pulse Width  Slow    RAMS64E/CLK  n/a            1.250         10.000      8.750      SLICE_X46Y120   dmem/mem_reg_0_255_0_0/RAMS64E_A/CLK
High Pulse Width  Fast    RAMS64E/CLK  n/a            1.250         10.000      8.750      SLICE_X46Y120   dmem/mem_reg_0_255_0_0/RAMS64E_A/CLK
High Pulse Width  Slow    RAMS64E/CLK  n/a            1.250         10.000      8.750      SLICE_X46Y120   dmem/mem_reg_0_255_0_0/RAMS64E_B/CLK
High Pulse Width  Fast    RAMS64E/CLK  n/a            1.250         10.000      8.750      SLICE_X46Y120   dmem/mem_reg_0_255_0_0/RAMS64E_B/CLK
High Pulse Width  Slow    RAMS64E/CLK  n/a            1.250         10.000      8.750      SLICE_X46Y120   dmem/mem_reg_0_255_0_0/RAMS64E_C/CLK
High Pulse Width  Fast    RAMS64E/CLK  n/a            1.250         10.000      8.750      SLICE_X46Y120   dmem/mem_reg_0_255_0_0/RAMS64E_C/CLK
High Pulse Width  Slow    RAMS64E/CLK  n/a            1.250         10.000      8.750      SLICE_X46Y120   dmem/mem_reg_0_255_0_0/RAMS64E_D/CLK
High Pulse Width  Fast    RAMS64E/CLK  n/a            1.250         10.000      8.750      SLICE_X46Y120   dmem/mem_reg_0_255_0_0/RAMS64E_D/CLK
High Pulse Width  Slow    RAMS64E/CLK  n/a            1.250         10.000      8.750      SLICE_X12Y30    dmem/mem_reg_0_255_10_10/RAMS64E_A/CLK
High Pulse Width  Fast    RAMS64E/CLK  n/a            1.250         10.000      8.750      SLICE_X12Y30    dmem/mem_reg_0_255_10_10/RAMS64E_A/CLK



--------------------------------------------------------------------------------------
Path Group:  (none)
From Clock:  sys_clk_pin
  To Clock:  

Max Delay            64 Endpoints
Min Delay            64 Endpoints
--------------------------------------------------------------------------------------


Max Delay Paths
--------------------------------------------------------------------------------------
Slack:                    inf
  Source:                 EX_MEM_ALU_RESULT_reg[11]/C
                            (rising edge-triggered cell FDRE clocked by sys_clk_pin  {rise@0.000ns fall@10.000ns period=12.000ns})
  Destination:            daligner/iDATAO_reg[22]/D
  Path Group:             (none)
  Path Type:              Max at Slow Process Corner
  Data Path Delay:        26.644ns  (logic 1.961ns (7.360%)  route 24.683ns (92.640%))
  Logic Levels:           8  (LUT4=1 LUT5=1 LUT6=3 MUXF7=2 MUXF8=1)
  Clock Uncertainty:      0.025ns  ((TSJ^2 + TIJ^2)^1/2 + DJ) / 2 + PE
    Total System Jitter     (TSJ):    0.050ns
    Total Input Jitter      (TIJ):    0.000ns
    Discrete Jitter          (DJ):    0.000ns
    Phase Error              (PE):    0.000ns

    Location             Delay type                Incr(ns)  Path(ns)    Netlist Resource(s)
  -------------------------------------------------------------------    -------------------
                         (clock sys_clk_pin rise edge)
                                                      0.000     0.000 r  
    E3                                                0.000     0.000 r  CLK (IN)
                         net (fo=0)                   0.000     0.000    CLK
    E3                   IBUF (Prop_ibuf_I_O)         1.482     1.482 r  CLK_IBUF_inst/O
                         net (fo=1, routed)           2.025     3.506    CLK_IBUF
    BUFGCTRL_X0Y16       BUFG (Prop_bufg_I_O)         0.096     3.602 r  CLK_IBUF_BUFG_inst/O
                         net (fo=17145, routed)       1.642     5.245    CLK_IBUF_BUFG
    SLICE_X33Y51         FDRE                                         r  EX_MEM_ALU_RESULT_reg[11]/C
  -------------------------------------------------------------------    -------------------
    SLICE_X33Y51         FDRE (Prop_fdre_C_Q)         0.456     5.701 r  EX_MEM_ALU_RESULT_reg[11]/Q
                         net (fo=984, routed)        14.051    19.751    dmem/mem_reg_3584_3839_24_24_i_2_0[11]
    SLICE_X37Y177        LUT6 (Prop_lut6_I2_O)        0.124    19.875 r  dmem/iDATAO_reg[31]_i_35/O
                         net (fo=1, routed)           0.000    19.875    dmem/iDATAO_reg[31]_i_35_n_0
    SLICE_X37Y177        MUXF7 (Prop_muxf7_I0_O)      0.212    20.087 r  dmem/iDATAO_reg[31]_i_18/O
                         net (fo=1, routed)           0.000    20.087    dmem/iDATAO_reg[31]_i_18_n_0
    SLICE_X37Y177        MUXF8 (Prop_muxf8_I1_O)      0.094    20.181 r  dmem/iDATAO_reg[31]_i_9/O
                         net (fo=1, routed)           3.234    23.416    dmem/iDATAO_reg[31]_i_9_n_0
    SLICE_X15Y125        LUT6 (Prop_lut6_I0_O)        0.316    23.732 r  dmem/iDATAO_reg[31]_i_7/O
                         net (fo=1, routed)           0.000    23.732    dmem/iDATAO_reg[31]_i_7_n_0
    SLICE_X15Y125        MUXF7 (Prop_muxf7_I0_O)      0.212    23.944 r  dmem/iDATAO_reg[31]_i_5/O
                         net (fo=4, routed)           3.519    27.463    dmem/MEM_MDATAI[7]
    SLICE_X13Y55         LUT6 (Prop_lut6_I1_O)        0.299    27.762 r  dmem/iDATAO_reg[7]_i_3/O
                         net (fo=2, routed)           1.136    28.899    dmem/daligner/iDATAO0_in[7]
    SLICE_X13Y53         LUT4 (Prop_lut4_I3_O)        0.124    29.023 r  dmem/iDATAO_reg[31]_i_3/O
                         net (fo=24, routed)          1.930    30.953    dmem/iDATAO_reg[31]_i_3_n_0
    SLICE_X7Y48          LUT5 (Prop_lut5_I0_O)        0.124    31.077 r  dmem/iDATAO_reg[22]_i_1/O
                         net (fo=1, routed)           0.812    31.889    daligner/D[22]
    SLICE_X7Y45          LDCE                                         r  daligner/iDATAO_reg[22]/D
  -------------------------------------------------------------------    -------------------

Slack:                    inf
  Source:                 EX_MEM_ALU_RESULT_reg[11]/C
                            (rising edge-triggered cell FDRE clocked by sys_clk_pin  {rise@0.000ns fall@10.000ns period=12.000ns})
  Destination:            daligner/iDATAO_reg[23]/D
  Path Group:             (none)
  Path Type:              Max at Slow Process Corner
  Data Path Delay:        26.455ns  (logic 1.961ns (7.413%)  route 24.494ns (92.587%))
  Logic Levels:           8  (LUT4=1 LUT5=1 LUT6=3 MUXF7=2 MUXF8=1)
  Clock Uncertainty:      0.025ns  ((TSJ^2 + TIJ^2)^1/2 + DJ) / 2 + PE
    Total System Jitter     (TSJ):    0.050ns
    Total Input Jitter      (TIJ):    0.000ns
    Discrete Jitter          (DJ):    0.000ns
    Phase Error              (PE):    0.000ns

    Location             Delay type                Incr(ns)  Path(ns)    Netlist Resource(s)
  -------------------------------------------------------------------    -------------------
                         (clock sys_clk_pin rise edge)
                                                      0.000     0.000 r  
    E3                                                0.000     0.000 r  CLK (IN)
                         net (fo=0)                   0.000     0.000    CLK
    E3                   IBUF (Prop_ibuf_I_O)         1.482     1.482 r  CLK_IBUF_inst/O
                         net (fo=1, routed)           2.025     3.506    CLK_IBUF
    BUFGCTRL_X0Y16       BUFG (Prop_bufg_I_O)         0.096     3.602 r  CLK_IBUF_BUFG_inst/O
                         net (fo=17145, routed)       1.642     5.245    CLK_IBUF_BUFG
    SLICE_X33Y51         FDRE                                         r  EX_MEM_ALU_RESULT_reg[11]/C
  -------------------------------------------------------------------    -------------------
    SLICE_X33Y51         FDRE (Prop_fdre_C_Q)         0.456     5.701 r  EX_MEM_ALU_RESULT_reg[11]/Q
                         net (fo=984, routed)        14.051    19.751    dmem/mem_reg_3584_3839_24_24_i_2_0[11]
    SLICE_X37Y177        LUT6 (Prop_lut6_I2_O)        0.124    19.875 r  dmem/iDATAO_reg[31]_i_35/O
                         net (fo=1, routed)           0.000    19.875    dmem/iDATAO_reg[31]_i_35_n_0
    SLICE_X37Y177        MUXF7 (Prop_muxf7_I0_O)      0.212    20.087 r  dmem/iDATAO_reg[31]_i_18/O
                         net (fo=1, routed)           0.000    20.087    dmem/iDATAO_reg[31]_i_18_n_0
    SLICE_X37Y177        MUXF8 (Prop_muxf8_I1_O)      0.094    20.181 r  dmem/iDATAO_reg[31]_i_9/O
                         net (fo=1, routed)           3.234    23.416    dmem/iDATAO_reg[31]_i_9_n_0
    SLICE_X15Y125        LUT6 (Prop_lut6_I0_O)        0.316    23.732 r  dmem/iDATAO_reg[31]_i_7/O
                         net (fo=1, routed)           0.000    23.732    dmem/iDATAO_reg[31]_i_7_n_0
    SLICE_X15Y125        MUXF7 (Prop_muxf7_I0_O)      0.212    23.944 r  dmem/iDATAO_reg[31]_i_5/O
                         net (fo=4, routed)           3.519    27.463    dmem/MEM_MDATAI[7]
    SLICE_X13Y55         LUT6 (Prop_lut6_I1_O)        0.299    27.762 r  dmem/iDATAO_reg[7]_i_3/O
                         net (fo=2, routed)           1.136    28.899    dmem/daligner/iDATAO0_in[7]
    SLICE_X13Y53         LUT4 (Prop_lut4_I3_O)        0.124    29.023 r  dmem/iDATAO_reg[31]_i_3/O
                         net (fo=24, routed)          1.932    30.955    dmem/iDATAO_reg[31]_i_3_n_0
    SLICE_X7Y48          LUT5 (Prop_lut5_I0_O)        0.124    31.079 r  dmem/iDATAO_reg[23]_i_1/O
                         net (fo=1, routed)           0.621    31.700    daligner/D[23]
    SLICE_X7Y45          LDCE                                         r  daligner/iDATAO_reg[23]/D
  -------------------------------------------------------------------    -------------------

Slack:                    inf
  Source:                 EX_MEM_ALU_RESULT_reg[11]/C
                            (rising edge-triggered cell FDRE clocked by sys_clk_pin  {rise@0.000ns fall@10.000ns period=12.000ns})
  Destination:            daligner/iDATAO_reg[25]/D
  Path Group:             (none)
  Path Type:              Max at Slow Process Corner
  Data Path Delay:        26.432ns  (logic 1.961ns (7.419%)  route 24.471ns (92.581%))
  Logic Levels:           8  (LUT4=1 LUT5=1 LUT6=3 MUXF7=2 MUXF8=1)
  Clock Uncertainty:      0.025ns  ((TSJ^2 + TIJ^2)^1/2 + DJ) / 2 + PE
    Total System Jitter     (TSJ):    0.050ns
    Total Input Jitter      (TIJ):    0.000ns
    Discrete Jitter          (DJ):    0.000ns
    Phase Error              (PE):    0.000ns

    Location             Delay type                Incr(ns)  Path(ns)    Netlist Resource(s)
  -------------------------------------------------------------------    -------------------
                         (clock sys_clk_pin rise edge)
                                                      0.000     0.000 r  
    E3                                                0.000     0.000 r  CLK (IN)
                         net (fo=0)                   0.000     0.000    CLK
    E3                   IBUF (Prop_ibuf_I_O)         1.482     1.482 r  CLK_IBUF_inst/O
                         net (fo=1, routed)           2.025     3.506    CLK_IBUF
    BUFGCTRL_X0Y16       BUFG (Prop_bufg_I_O)         0.096     3.602 r  CLK_IBUF_BUFG_inst/O
                         net (fo=17145, routed)       1.642     5.245    CLK_IBUF_BUFG
    SLICE_X33Y51         FDRE                                         r  EX_MEM_ALU_RESULT_reg[11]/C
  -------------------------------------------------------------------    -------------------
    SLICE_X33Y51         FDRE (Prop_fdre_C_Q)         0.456     5.701 r  EX_MEM_ALU_RESULT_reg[11]/Q
                         net (fo=984, routed)        14.051    19.751    dmem/mem_reg_3584_3839_24_24_i_2_0[11]
    SLICE_X37Y177        LUT6 (Prop_lut6_I2_O)        0.124    19.875 r  dmem/iDATAO_reg[31]_i_35/O
                         net (fo=1, routed)           0.000    19.875    dmem/iDATAO_reg[31]_i_35_n_0
    SLICE_X37Y177        MUXF7 (Prop_muxf7_I0_O)      0.212    20.087 r  dmem/iDATAO_reg[31]_i_18/O
                         net (fo=1, routed)           0.000    20.087    dmem/iDATAO_reg[31]_i_18_n_0
    SLICE_X37Y177        MUXF8 (Prop_muxf8_I1_O)      0.094    20.181 r  dmem/iDATAO_reg[31]_i_9/O
                         net (fo=1, routed)           3.234    23.416    dmem/iDATAO_reg[31]_i_9_n_0
    SLICE_X15Y125        LUT6 (Prop_lut6_I0_O)        0.316    23.732 r  dmem/iDATAO_reg[31]_i_7/O
                         net (fo=1, routed)           0.000    23.732    dmem/iDATAO_reg[31]_i_7_n_0
    SLICE_X15Y125        MUXF7 (Prop_muxf7_I0_O)      0.212    23.944 r  dmem/iDATAO_reg[31]_i_5/O
                         net (fo=4, routed)           3.519    27.463    dmem/MEM_MDATAI[7]
    SLICE_X13Y55         LUT6 (Prop_lut6_I1_O)        0.299    27.762 r  dmem/iDATAO_reg[7]_i_3/O
                         net (fo=2, routed)           1.136    28.899    dmem/daligner/iDATAO0_in[7]
    SLICE_X13Y53         LUT4 (Prop_lut4_I3_O)        0.124    29.023 r  dmem/iDATAO_reg[31]_i_3/O
                         net (fo=24, routed)          1.477    30.499    dmem/iDATAO_reg[31]_i_3_n_0
    SLICE_X7Y51          LUT5 (Prop_lut5_I0_O)        0.124    30.623 r  dmem/iDATAO_reg[25]_i_1/O
                         net (fo=1, routed)           1.053    31.676    daligner/D[25]
    SLICE_X7Y41          LDCE                                         r  daligner/iDATAO_reg[25]/D
  -------------------------------------------------------------------    -------------------

Slack:                    inf
  Source:                 EX_MEM_ALU_RESULT_reg[11]/C
                            (rising edge-triggered cell FDRE clocked by sys_clk_pin  {rise@0.000ns fall@10.000ns period=12.000ns})
  Destination:            daligner/iDATAO_reg[26]/D
  Path Group:             (none)
  Path Type:              Max at Slow Process Corner
  Data Path Delay:        26.429ns  (logic 1.961ns (7.420%)  route 24.468ns (92.580%))
  Logic Levels:           8  (LUT4=1 LUT5=1 LUT6=3 MUXF7=2 MUXF8=1)
  Clock Uncertainty:      0.025ns  ((TSJ^2 + TIJ^2)^1/2 + DJ) / 2 + PE
    Total System Jitter     (TSJ):    0.050ns
    Total Input Jitter      (TIJ):    0.000ns
    Discrete Jitter          (DJ):    0.000ns
    Phase Error              (PE):    0.000ns

    Location             Delay type                Incr(ns)  Path(ns)    Netlist Resource(s)
  -------------------------------------------------------------------    -------------------
                         (clock sys_clk_pin rise edge)
                                                      0.000     0.000 r  
    E3                                                0.000     0.000 r  CLK (IN)
                         net (fo=0)                   0.000     0.000    CLK
    E3                   IBUF (Prop_ibuf_I_O)         1.482     1.482 r  CLK_IBUF_inst/O
                         net (fo=1, routed)           2.025     3.506    CLK_IBUF
    BUFGCTRL_X0Y16       BUFG (Prop_bufg_I_O)         0.096     3.602 r  CLK_IBUF_BUFG_inst/O
                         net (fo=17145, routed)       1.642     5.245    CLK_IBUF_BUFG
    SLICE_X33Y51         FDRE                                         r  EX_MEM_ALU_RESULT_reg[11]/C
  -------------------------------------------------------------------    -------------------
    SLICE_X33Y51         FDRE (Prop_fdre_C_Q)         0.456     5.701 r  EX_MEM_ALU_RESULT_reg[11]/Q
                         net (fo=984, routed)        14.051    19.751    dmem/mem_reg_3584_3839_24_24_i_2_0[11]
    SLICE_X37Y177        LUT6 (Prop_lut6_I2_O)        0.124    19.875 r  dmem/iDATAO_reg[31]_i_35/O
                         net (fo=1, routed)           0.000    19.875    dmem/iDATAO_reg[31]_i_35_n_0
    SLICE_X37Y177        MUXF7 (Prop_muxf7_I0_O)      0.212    20.087 r  dmem/iDATAO_reg[31]_i_18/O
                         net (fo=1, routed)           0.000    20.087    dmem/iDATAO_reg[31]_i_18_n_0
    SLICE_X37Y177        MUXF8 (Prop_muxf8_I1_O)      0.094    20.181 r  dmem/iDATAO_reg[31]_i_9/O
                         net (fo=1, routed)           3.234    23.416    dmem/iDATAO_reg[31]_i_9_n_0
    SLICE_X15Y125        LUT6 (Prop_lut6_I0_O)        0.316    23.732 r  dmem/iDATAO_reg[31]_i_7/O
                         net (fo=1, routed)           0.000    23.732    dmem/iDATAO_reg[31]_i_7_n_0
    SLICE_X15Y125        MUXF7 (Prop_muxf7_I0_O)      0.212    23.944 r  dmem/iDATAO_reg[31]_i_5/O
                         net (fo=4, routed)           3.519    27.463    dmem/MEM_MDATAI[7]
    SLICE_X13Y55         LUT6 (Prop_lut6_I1_O)        0.299    27.762 r  dmem/iDATAO_reg[7]_i_3/O
                         net (fo=2, routed)           1.136    28.899    dmem/daligner/iDATAO0_in[7]
    SLICE_X13Y53         LUT4 (Prop_lut4_I3_O)        0.124    29.023 r  dmem/iDATAO_reg[31]_i_3/O
                         net (fo=24, routed)          1.352    30.375    dmem/iDATAO_reg[31]_i_3_n_0
    SLICE_X9Y50          LUT5 (Prop_lut5_I0_O)        0.124    30.499 r  dmem/iDATAO_reg[26]_i_1/O
                         net (fo=1, routed)           1.175    31.674    daligner/D[26]
    SLICE_X11Y41         LDCE                                         r  daligner/iDATAO_reg[26]/D
  -------------------------------------------------------------------    -------------------

Slack:                    inf
  Source:                 EX_MEM_ALU_RESULT_reg[11]/C
                            (rising edge-triggered cell FDRE clocked by sys_clk_pin  {rise@0.000ns fall@10.000ns period=12.000ns})
  Destination:            daligner/iDATAO_reg[29]/D
  Path Group:             (none)
  Path Type:              Max at Slow Process Corner
  Data Path Delay:        26.275ns  (logic 1.961ns (7.463%)  route 24.314ns (92.537%))
  Logic Levels:           8  (LUT4=1 LUT5=1 LUT6=3 MUXF7=2 MUXF8=1)
  Clock Uncertainty:      0.025ns  ((TSJ^2 + TIJ^2)^1/2 + DJ) / 2 + PE
    Total System Jitter     (TSJ):    0.050ns
    Total Input Jitter      (TIJ):    0.000ns
    Discrete Jitter          (DJ):    0.000ns
    Phase Error              (PE):    0.000ns

    Location             Delay type                Incr(ns)  Path(ns)    Netlist Resource(s)
  -------------------------------------------------------------------    -------------------
                         (clock sys_clk_pin rise edge)
                                                      0.000     0.000 r  
    E3                                                0.000     0.000 r  CLK (IN)
                         net (fo=0)                   0.000     0.000    CLK
    E3                   IBUF (Prop_ibuf_I_O)         1.482     1.482 r  CLK_IBUF_inst/O
                         net (fo=1, routed)           2.025     3.506    CLK_IBUF
    BUFGCTRL_X0Y16       BUFG (Prop_bufg_I_O)         0.096     3.602 r  CLK_IBUF_BUFG_inst/O
                         net (fo=17145, routed)       1.642     5.245    CLK_IBUF_BUFG
    SLICE_X33Y51         FDRE                                         r  EX_MEM_ALU_RESULT_reg[11]/C
  -------------------------------------------------------------------    -------------------
    SLICE_X33Y51         FDRE (Prop_fdre_C_Q)         0.456     5.701 r  EX_MEM_ALU_RESULT_reg[11]/Q
                         net (fo=984, routed)        14.051    19.751    dmem/mem_reg_3584_3839_24_24_i_2_0[11]
    SLICE_X37Y177        LUT6 (Prop_lut6_I2_O)        0.124    19.875 r  dmem/iDATAO_reg[31]_i_35/O
                         net (fo=1, routed)           0.000    19.875    dmem/iDATAO_reg[31]_i_35_n_0
    SLICE_X37Y177        MUXF7 (Prop_muxf7_I0_O)      0.212    20.087 r  dmem/iDATAO_reg[31]_i_18/O
                         net (fo=1, routed)           0.000    20.087    dmem/iDATAO_reg[31]_i_18_n_0
    SLICE_X37Y177        MUXF8 (Prop_muxf8_I1_O)      0.094    20.181 r  dmem/iDATAO_reg[31]_i_9/O
                         net (fo=1, routed)           3.234    23.416    dmem/iDATAO_reg[31]_i_9_n_0
    SLICE_X15Y125        LUT6 (Prop_lut6_I0_O)        0.316    23.732 r  dmem/iDATAO_reg[31]_i_7/O
                         net (fo=1, routed)           0.000    23.732    dmem/iDATAO_reg[31]_i_7_n_0
    SLICE_X15Y125        MUXF7 (Prop_muxf7_I0_O)      0.212    23.944 r  dmem/iDATAO_reg[31]_i_5/O
                         net (fo=4, routed)           3.519    27.463    dmem/MEM_MDATAI[7]
    SLICE_X13Y55         LUT6 (Prop_lut6_I1_O)        0.299    27.762 r  dmem/iDATAO_reg[7]_i_3/O
                         net (fo=2, routed)           1.136    28.899    dmem/daligner/iDATAO0_in[7]
    SLICE_X13Y53         LUT4 (Prop_lut4_I3_O)        0.124    29.023 r  dmem/iDATAO_reg[31]_i_3/O
                         net (fo=24, routed)          1.624    30.647    dmem/iDATAO_reg[31]_i_3_n_0
    SLICE_X4Y52          LUT5 (Prop_lut5_I0_O)        0.124    30.771 r  dmem/iDATAO_reg[29]_i_1/O
                         net (fo=1, routed)           0.748    31.519    daligner/D[29]
    SLICE_X4Y41          LDCE                                         r  daligner/iDATAO_reg[29]/D
  -------------------------------------------------------------------    -------------------

Slack:                    inf
  Source:                 EX_MEM_ALU_RESULT_reg[11]/C
                            (rising edge-triggered cell FDRE clocked by sys_clk_pin  {rise@0.000ns fall@10.000ns period=12.000ns})
  Destination:            daligner/iDATAO_reg[16]/D
  Path Group:             (none)
  Path Type:              Max at Slow Process Corner
  Data Path Delay:        26.255ns  (logic 1.961ns (7.469%)  route 24.294ns (92.531%))
  Logic Levels:           8  (LUT4=1 LUT5=1 LUT6=3 MUXF7=2 MUXF8=1)
  Clock Uncertainty:      0.025ns  ((TSJ^2 + TIJ^2)^1/2 + DJ) / 2 + PE
    Total System Jitter     (TSJ):    0.050ns
    Total Input Jitter      (TIJ):    0.000ns
    Discrete Jitter          (DJ):    0.000ns
    Phase Error              (PE):    0.000ns

    Location             Delay type                Incr(ns)  Path(ns)    Netlist Resource(s)
  -------------------------------------------------------------------    -------------------
                         (clock sys_clk_pin rise edge)
                                                      0.000     0.000 r  
    E3                                                0.000     0.000 r  CLK (IN)
                         net (fo=0)                   0.000     0.000    CLK
    E3                   IBUF (Prop_ibuf_I_O)         1.482     1.482 r  CLK_IBUF_inst/O
                         net (fo=1, routed)           2.025     3.506    CLK_IBUF
    BUFGCTRL_X0Y16       BUFG (Prop_bufg_I_O)         0.096     3.602 r  CLK_IBUF_BUFG_inst/O
                         net (fo=17145, routed)       1.642     5.245    CLK_IBUF_BUFG
    SLICE_X33Y51         FDRE                                         r  EX_MEM_ALU_RESULT_reg[11]/C
  -------------------------------------------------------------------    -------------------
    SLICE_X33Y51         FDRE (Prop_fdre_C_Q)         0.456     5.701 r  EX_MEM_ALU_RESULT_reg[11]/Q
                         net (fo=984, routed)        14.051    19.751    dmem/mem_reg_3584_3839_24_24_i_2_0[11]
    SLICE_X37Y177        LUT6 (Prop_lut6_I2_O)        0.124    19.875 r  dmem/iDATAO_reg[31]_i_35/O
                         net (fo=1, routed)           0.000    19.875    dmem/iDATAO_reg[31]_i_35_n_0
    SLICE_X37Y177        MUXF7 (Prop_muxf7_I0_O)      0.212    20.087 r  dmem/iDATAO_reg[31]_i_18/O
                         net (fo=1, routed)           0.000    20.087    dmem/iDATAO_reg[31]_i_18_n_0
    SLICE_X37Y177        MUXF8 (Prop_muxf8_I1_O)      0.094    20.181 r  dmem/iDATAO_reg[31]_i_9/O
                         net (fo=1, routed)           3.234    23.416    dmem/iDATAO_reg[31]_i_9_n_0
    SLICE_X15Y125        LUT6 (Prop_lut6_I0_O)        0.316    23.732 r  dmem/iDATAO_reg[31]_i_7/O
                         net (fo=1, routed)           0.000    23.732    dmem/iDATAO_reg[31]_i_7_n_0
    SLICE_X15Y125        MUXF7 (Prop_muxf7_I0_O)      0.212    23.944 r  dmem/iDATAO_reg[31]_i_5/O
                         net (fo=4, routed)           3.519    27.463    dmem/MEM_MDATAI[7]
    SLICE_X13Y55         LUT6 (Prop_lut6_I1_O)        0.299    27.762 r  dmem/iDATAO_reg[7]_i_3/O
                         net (fo=2, routed)           1.136    28.899    dmem/daligner/iDATAO0_in[7]
    SLICE_X13Y53         LUT4 (Prop_lut4_I3_O)        0.124    29.023 r  dmem/iDATAO_reg[31]_i_3/O
                         net (fo=24, routed)          1.192    30.215    dmem/iDATAO_reg[31]_i_3_n_0
    SLICE_X15Y50         LUT5 (Prop_lut5_I0_O)        0.124    30.339 r  dmem/iDATAO_reg[16]_i_1/O
                         net (fo=1, routed)           1.161    31.499    daligner/D[16]
    SLICE_X17Y35         LDCE                                         r  daligner/iDATAO_reg[16]/D
  -------------------------------------------------------------------    -------------------

Slack:                    inf
  Source:                 EX_MEM_ALU_RESULT_reg[11]/C
                            (rising edge-triggered cell FDRE clocked by sys_clk_pin  {rise@0.000ns fall@10.000ns period=12.000ns})
  Destination:            daligner/iDATAO_reg[15]/D
  Path Group:             (none)
  Path Type:              Max at Slow Process Corner
  Data Path Delay:        26.222ns  (logic 1.961ns (7.478%)  route 24.261ns (92.522%))
  Logic Levels:           8  (LUT4=1 LUT6=4 MUXF7=2 MUXF8=1)
  Clock Uncertainty:      0.025ns  ((TSJ^2 + TIJ^2)^1/2 + DJ) / 2 + PE
    Total System Jitter     (TSJ):    0.050ns
    Total Input Jitter      (TIJ):    0.000ns
    Discrete Jitter          (DJ):    0.000ns
    Phase Error              (PE):    0.000ns

    Location             Delay type                Incr(ns)  Path(ns)    Netlist Resource(s)
  -------------------------------------------------------------------    -------------------
                         (clock sys_clk_pin rise edge)
                                                      0.000     0.000 r  
    E3                                                0.000     0.000 r  CLK (IN)
                         net (fo=0)                   0.000     0.000    CLK
    E3                   IBUF (Prop_ibuf_I_O)         1.482     1.482 r  CLK_IBUF_inst/O
                         net (fo=1, routed)           2.025     3.506    CLK_IBUF
    BUFGCTRL_X0Y16       BUFG (Prop_bufg_I_O)         0.096     3.602 r  CLK_IBUF_BUFG_inst/O
                         net (fo=17145, routed)       1.642     5.245    CLK_IBUF_BUFG
    SLICE_X33Y51         FDRE                                         r  EX_MEM_ALU_RESULT_reg[11]/C
  -------------------------------------------------------------------    -------------------
    SLICE_X33Y51         FDRE (Prop_fdre_C_Q)         0.456     5.701 r  EX_MEM_ALU_RESULT_reg[11]/Q
                         net (fo=984, routed)        14.051    19.751    dmem/mem_reg_3584_3839_24_24_i_2_0[11]
    SLICE_X37Y177        LUT6 (Prop_lut6_I2_O)        0.124    19.875 r  dmem/iDATAO_reg[31]_i_35/O
                         net (fo=1, routed)           0.000    19.875    dmem/iDATAO_reg[31]_i_35_n_0
    SLICE_X37Y177        MUXF7 (Prop_muxf7_I0_O)      0.212    20.087 r  dmem/iDATAO_reg[31]_i_18/O
                         net (fo=1, routed)           0.000    20.087    dmem/iDATAO_reg[31]_i_18_n_0
    SLICE_X37Y177        MUXF8 (Prop_muxf8_I1_O)      0.094    20.181 r  dmem/iDATAO_reg[31]_i_9/O
                         net (fo=1, routed)           3.234    23.416    dmem/iDATAO_reg[31]_i_9_n_0
    SLICE_X15Y125        LUT6 (Prop_lut6_I0_O)        0.316    23.732 r  dmem/iDATAO_reg[31]_i_7/O
                         net (fo=1, routed)           0.000    23.732    dmem/iDATAO_reg[31]_i_7_n_0
    SLICE_X15Y125        MUXF7 (Prop_muxf7_I0_O)      0.212    23.944 r  dmem/iDATAO_reg[31]_i_5/O
                         net (fo=4, routed)           3.519    27.463    dmem/MEM_MDATAI[7]
    SLICE_X13Y55         LUT6 (Prop_lut6_I1_O)        0.299    27.762 r  dmem/iDATAO_reg[7]_i_3/O
                         net (fo=2, routed)           1.136    28.899    dmem/daligner/iDATAO0_in[7]
    SLICE_X13Y53         LUT4 (Prop_lut4_I3_O)        0.124    29.023 r  dmem/iDATAO_reg[31]_i_3/O
                         net (fo=24, routed)          1.033    30.056    dmem/iDATAO_reg[31]_i_3_n_0
    SLICE_X15Y52         LUT6 (Prop_lut6_I0_O)        0.124    30.180 r  dmem/iDATAO_reg[15]_i_1/O
                         net (fo=1, routed)           1.286    31.467    daligner/D[15]
    SLICE_X15Y41         LDCE                                         r  daligner/iDATAO_reg[15]/D
  -------------------------------------------------------------------    -------------------

Slack:                    inf
  Source:                 EX_MEM_ALU_RESULT_reg[11]/C
                            (rising edge-triggered cell FDRE clocked by sys_clk_pin  {rise@0.000ns fall@10.000ns period=12.000ns})
  Destination:            daligner/iDATAO_reg[8]/D
  Path Group:             (none)
  Path Type:              Max at Slow Process Corner
  Data Path Delay:        26.178ns  (logic 1.961ns (7.491%)  route 24.217ns (92.509%))
  Logic Levels:           8  (LUT4=1 LUT6=4 MUXF7=2 MUXF8=1)
  Clock Uncertainty:      0.025ns  ((TSJ^2 + TIJ^2)^1/2 + DJ) / 2 + PE
    Total System Jitter     (TSJ):    0.050ns
    Total Input Jitter      (TIJ):    0.000ns
    Discrete Jitter          (DJ):    0.000ns
    Phase Error              (PE):    0.000ns

    Location             Delay type                Incr(ns)  Path(ns)    Netlist Resource(s)
  -------------------------------------------------------------------    -------------------
                         (clock sys_clk_pin rise edge)
                                                      0.000     0.000 r  
    E3                                                0.000     0.000 r  CLK (IN)
                         net (fo=0)                   0.000     0.000    CLK
    E3                   IBUF (Prop_ibuf_I_O)         1.482     1.482 r  CLK_IBUF_inst/O
                         net (fo=1, routed)           2.025     3.506    CLK_IBUF
    BUFGCTRL_X0Y16       BUFG (Prop_bufg_I_O)         0.096     3.602 r  CLK_IBUF_BUFG_inst/O
                         net (fo=17145, routed)       1.642     5.245    CLK_IBUF_BUFG
    SLICE_X33Y51         FDRE                                         r  EX_MEM_ALU_RESULT_reg[11]/C
  -------------------------------------------------------------------    -------------------
    SLICE_X33Y51         FDRE (Prop_fdre_C_Q)         0.456     5.701 r  EX_MEM_ALU_RESULT_reg[11]/Q
                         net (fo=984, routed)        14.051    19.751    dmem/mem_reg_3584_3839_24_24_i_2_0[11]
    SLICE_X37Y177        LUT6 (Prop_lut6_I2_O)        0.124    19.875 r  dmem/iDATAO_reg[31]_i_35/O
                         net (fo=1, routed)           0.000    19.875    dmem/iDATAO_reg[31]_i_35_n_0
    SLICE_X37Y177        MUXF7 (Prop_muxf7_I0_O)      0.212    20.087 r  dmem/iDATAO_reg[31]_i_18/O
                         net (fo=1, routed)           0.000    20.087    dmem/iDATAO_reg[31]_i_18_n_0
    SLICE_X37Y177        MUXF8 (Prop_muxf8_I1_O)      0.094    20.181 r  dmem/iDATAO_reg[31]_i_9/O
                         net (fo=1, routed)           3.234    23.416    dmem/iDATAO_reg[31]_i_9_n_0
    SLICE_X15Y125        LUT6 (Prop_lut6_I0_O)        0.316    23.732 r  dmem/iDATAO_reg[31]_i_7/O
                         net (fo=1, routed)           0.000    23.732    dmem/iDATAO_reg[31]_i_7_n_0
    SLICE_X15Y125        MUXF7 (Prop_muxf7_I0_O)      0.212    23.944 r  dmem/iDATAO_reg[31]_i_5/O
                         net (fo=4, routed)           3.519    27.463    dmem/MEM_MDATAI[7]
    SLICE_X13Y55         LUT6 (Prop_lut6_I1_O)        0.299    27.762 r  dmem/iDATAO_reg[7]_i_3/O
                         net (fo=2, routed)           1.136    28.899    dmem/daligner/iDATAO0_in[7]
    SLICE_X13Y53         LUT4 (Prop_lut4_I3_O)        0.124    29.023 r  dmem/iDATAO_reg[31]_i_3/O
                         net (fo=24, routed)          1.185    30.208    dmem/iDATAO_reg[31]_i_3_n_0
    SLICE_X15Y51         LUT6 (Prop_lut6_I0_O)        0.124    30.332 r  dmem/iDATAO_reg[8]_i_1/O
                         net (fo=1, routed)           1.091    31.422    daligner/D[8]
    SLICE_X16Y35         LDCE                                         r  daligner/iDATAO_reg[8]/D
  -------------------------------------------------------------------    -------------------

Slack:                    inf
  Source:                 EX_MEM_ALU_RESULT_reg[11]/C
                            (rising edge-triggered cell FDRE clocked by sys_clk_pin  {rise@0.000ns fall@10.000ns period=12.000ns})
  Destination:            daligner/iDATAO_reg[28]/D
  Path Group:             (none)
  Path Type:              Max at Slow Process Corner
  Data Path Delay:        26.126ns  (logic 1.961ns (7.506%)  route 24.165ns (92.494%))
  Logic Levels:           8  (LUT4=1 LUT5=1 LUT6=3 MUXF7=2 MUXF8=1)
  Clock Uncertainty:      0.025ns  ((TSJ^2 + TIJ^2)^1/2 + DJ) / 2 + PE
    Total System Jitter     (TSJ):    0.050ns
    Total Input Jitter      (TIJ):    0.000ns
    Discrete Jitter          (DJ):    0.000ns
    Phase Error              (PE):    0.000ns

    Location             Delay type                Incr(ns)  Path(ns)    Netlist Resource(s)
  -------------------------------------------------------------------    -------------------
                         (clock sys_clk_pin rise edge)
                                                      0.000     0.000 r  
    E3                                                0.000     0.000 r  CLK (IN)
                         net (fo=0)                   0.000     0.000    CLK
    E3                   IBUF (Prop_ibuf_I_O)         1.482     1.482 r  CLK_IBUF_inst/O
                         net (fo=1, routed)           2.025     3.506    CLK_IBUF
    BUFGCTRL_X0Y16       BUFG (Prop_bufg_I_O)         0.096     3.602 r  CLK_IBUF_BUFG_inst/O
                         net (fo=17145, routed)       1.642     5.245    CLK_IBUF_BUFG
    SLICE_X33Y51         FDRE                                         r  EX_MEM_ALU_RESULT_reg[11]/C
  -------------------------------------------------------------------    -------------------
    SLICE_X33Y51         FDRE (Prop_fdre_C_Q)         0.456     5.701 r  EX_MEM_ALU_RESULT_reg[11]/Q
                         net (fo=984, routed)        14.051    19.751    dmem/mem_reg_3584_3839_24_24_i_2_0[11]
    SLICE_X37Y177        LUT6 (Prop_lut6_I2_O)        0.124    19.875 r  dmem/iDATAO_reg[31]_i_35/O
                         net (fo=1, routed)           0.000    19.875    dmem/iDATAO_reg[31]_i_35_n_0
    SLICE_X37Y177        MUXF7 (Prop_muxf7_I0_O)      0.212    20.087 r  dmem/iDATAO_reg[31]_i_18/O
                         net (fo=1, routed)           0.000    20.087    dmem/iDATAO_reg[31]_i_18_n_0
    SLICE_X37Y177        MUXF8 (Prop_muxf8_I1_O)      0.094    20.181 r  dmem/iDATAO_reg[31]_i_9/O
                         net (fo=1, routed)           3.234    23.416    dmem/iDATAO_reg[31]_i_9_n_0
    SLICE_X15Y125        LUT6 (Prop_lut6_I0_O)        0.316    23.732 r  dmem/iDATAO_reg[31]_i_7/O
                         net (fo=1, routed)           0.000    23.732    dmem/iDATAO_reg[31]_i_7_n_0
    SLICE_X15Y125        MUXF7 (Prop_muxf7_I0_O)      0.212    23.944 r  dmem/iDATAO_reg[31]_i_5/O
                         net (fo=4, routed)           3.519    27.463    dmem/MEM_MDATAI[7]
    SLICE_X13Y55         LUT6 (Prop_lut6_I1_O)        0.299    27.762 r  dmem/iDATAO_reg[7]_i_3/O
                         net (fo=2, routed)           1.136    28.899    dmem/daligner/iDATAO0_in[7]
    SLICE_X13Y53         LUT4 (Prop_lut4_I3_O)        0.124    29.023 r  dmem/iDATAO_reg[31]_i_3/O
                         net (fo=24, routed)          1.051    30.074    dmem/iDATAO_reg[31]_i_3_n_0
    SLICE_X13Y51         LUT5 (Prop_lut5_I0_O)        0.124    30.198 r  dmem/iDATAO_reg[28]_i_1/O
                         net (fo=1, routed)           1.172    31.370    daligner/D[28]
    SLICE_X11Y44         LDCE                                         r  daligner/iDATAO_reg[28]/D
  -------------------------------------------------------------------    -------------------

Slack:                    inf
  Source:                 EX_MEM_ALU_RESULT_reg[11]/C
                            (rising edge-triggered cell FDRE clocked by sys_clk_pin  {rise@0.000ns fall@10.000ns period=12.000ns})
  Destination:            daligner/iDATAO_reg[31]/D
  Path Group:             (none)
  Path Type:              Max at Slow Process Corner
  Data Path Delay:        26.051ns  (logic 1.961ns (7.527%)  route 24.090ns (92.473%))
  Logic Levels:           8  (LUT4=1 LUT5=1 LUT6=3 MUXF7=2 MUXF8=1)
  Clock Uncertainty:      0.025ns  ((TSJ^2 + TIJ^2)^1/2 + DJ) / 2 + PE
    Total System Jitter     (TSJ):    0.050ns
    Total Input Jitter      (TIJ):    0.000ns
    Discrete Jitter          (DJ):    0.000ns
    Phase Error              (PE):    0.000ns

    Location             Delay type                Incr(ns)  Path(ns)    Netlist Resource(s)
  -------------------------------------------------------------------    -------------------
                         (clock sys_clk_pin rise edge)
                                                      0.000     0.000 r  
    E3                                                0.000     0.000 r  CLK (IN)
                         net (fo=0)                   0.000     0.000    CLK
    E3                   IBUF (Prop_ibuf_I_O)         1.482     1.482 r  CLK_IBUF_inst/O
                         net (fo=1, routed)           2.025     3.506    CLK_IBUF
    BUFGCTRL_X0Y16       BUFG (Prop_bufg_I_O)         0.096     3.602 r  CLK_IBUF_BUFG_inst/O
                         net (fo=17145, routed)       1.642     5.245    CLK_IBUF_BUFG
    SLICE_X33Y51         FDRE                                         r  EX_MEM_ALU_RESULT_reg[11]/C
  -------------------------------------------------------------------    -------------------
    SLICE_X33Y51         FDRE (Prop_fdre_C_Q)         0.456     5.701 r  EX_MEM_ALU_RESULT_reg[11]/Q
                         net (fo=984, routed)        14.051    19.751    dmem/mem_reg_3584_3839_24_24_i_2_0[11]
    SLICE_X37Y177        LUT6 (Prop_lut6_I2_O)        0.124    19.875 r  dmem/iDATAO_reg[31]_i_35/O
                         net (fo=1, routed)           0.000    19.875    dmem/iDATAO_reg[31]_i_35_n_0
    SLICE_X37Y177        MUXF7 (Prop_muxf7_I0_O)      0.212    20.087 r  dmem/iDATAO_reg[31]_i_18/O
                         net (fo=1, routed)           0.000    20.087    dmem/iDATAO_reg[31]_i_18_n_0
    SLICE_X37Y177        MUXF8 (Prop_muxf8_I1_O)      0.094    20.181 r  dmem/iDATAO_reg[31]_i_9/O
                         net (fo=1, routed)           3.234    23.416    dmem/iDATAO_reg[31]_i_9_n_0
    SLICE_X15Y125        LUT6 (Prop_lut6_I0_O)        0.316    23.732 r  dmem/iDATAO_reg[31]_i_7/O
                         net (fo=1, routed)           0.000    23.732    dmem/iDATAO_reg[31]_i_7_n_0
    SLICE_X15Y125        MUXF7 (Prop_muxf7_I0_O)      0.212    23.944 r  dmem/iDATAO_reg[31]_i_5/O
                         net (fo=4, routed)           3.519    27.463    dmem/MEM_MDATAI[7]
    SLICE_X13Y55         LUT6 (Prop_lut6_I1_O)        0.299    27.762 r  dmem/iDATAO_reg[7]_i_3/O
                         net (fo=2, routed)           1.136    28.899    dmem/daligner/iDATAO0_in[7]
    SLICE_X13Y53         LUT4 (Prop_lut4_I3_O)        0.124    29.023 r  dmem/iDATAO_reg[31]_i_3/O
                         net (fo=24, routed)          1.267    30.290    dmem/iDATAO_reg[31]_i_3_n_0
    SLICE_X4Y51          LUT5 (Prop_lut5_I0_O)        0.124    30.414 r  dmem/iDATAO_reg[31]_i_1/O
                         net (fo=1, routed)           0.882    31.296    daligner/D[31]
    SLICE_X4Y41          LDCE                                         r  daligner/iDATAO_reg[31]/D
  -------------------------------------------------------------------    -------------------





Min Delay Paths
--------------------------------------------------------------------------------------
Slack:                    inf
  Source:                 EX_MEM_DMRE_reg[1]/C
                            (rising edge-triggered cell FDRE clocked by sys_clk_pin  {rise@0.000ns fall@10.000ns period=12.000ns})
  Destination:            daligner/iDATAO_reg[14]/D
  Path Group:             (none)
  Path Type:              Min at Fast Process Corner
  Data Path Delay:        0.587ns  (logic 0.186ns (31.666%)  route 0.401ns (68.334%))
  Logic Levels:           1  (LUT6=1)
  Clock Uncertainty:      0.025ns  ((TSJ^2 + TIJ^2)^1/2 + DJ) / 2 + PE
    Total System Jitter     (TSJ):    0.050ns
    Total Input Jitter      (TIJ):    0.000ns
    Discrete Jitter          (DJ):    0.000ns
    Phase Error              (PE):    0.000ns

    Location             Delay type                Incr(ns)  Path(ns)    Netlist Resource(s)
  -------------------------------------------------------------------    -------------------
                         (clock sys_clk_pin rise edge)
                                                      0.000     0.000 r  
    E3                                                0.000     0.000 r  CLK (IN)
                         net (fo=0)                   0.000     0.000    CLK
    E3                   IBUF (Prop_ibuf_I_O)         0.250     0.250 r  CLK_IBUF_inst/O
                         net (fo=1, routed)           0.644     0.894    CLK_IBUF
    BUFGCTRL_X0Y16       BUFG (Prop_bufg_I_O)         0.026     0.920 r  CLK_IBUF_BUFG_inst/O
                         net (fo=17145, routed)       0.641     1.561    CLK_IBUF_BUFG
    SLICE_X19Y48         FDRE                                         r  EX_MEM_DMRE_reg[1]/C
  -------------------------------------------------------------------    -------------------
    SLICE_X19Y48         FDRE (Prop_fdre_C_Q)         0.141     1.702 r  EX_MEM_DMRE_reg[1]/Q
                         net (fo=35, routed)          0.233     1.935    dmem/MEM_WB_MEM_DATA_reg[0][1]
    SLICE_X19Y49         LUT6 (Prop_lut6_I3_O)        0.045     1.980 r  dmem/iDATAO_reg[14]_i_1/O
                         net (fo=1, routed)           0.168     2.148    daligner/D[14]
    SLICE_X21Y49         LDCE                                         r  daligner/iDATAO_reg[14]/D
  -------------------------------------------------------------------    -------------------

Slack:                    inf
  Source:                 EX_MEM_DMRE_reg[1]/C
                            (rising edge-triggered cell FDRE clocked by sys_clk_pin  {rise@0.000ns fall@10.000ns period=12.000ns})
  Destination:            daligner/iDATAO_reg[6]/D
  Path Group:             (none)
  Path Type:              Min at Fast Process Corner
  Data Path Delay:        0.600ns  (logic 0.186ns (30.991%)  route 0.414ns (69.009%))
  Logic Levels:           1  (LUT6=1)
  Clock Uncertainty:      0.025ns  ((TSJ^2 + TIJ^2)^1/2 + DJ) / 2 + PE
    Total System Jitter     (TSJ):    0.050ns
    Total Input Jitter      (TIJ):    0.000ns
    Discrete Jitter          (DJ):    0.000ns
    Phase Error              (PE):    0.000ns

    Location             Delay type                Incr(ns)  Path(ns)    Netlist Resource(s)
  -------------------------------------------------------------------    -------------------
                         (clock sys_clk_pin rise edge)
                                                      0.000     0.000 r  
    E3                                                0.000     0.000 r  CLK (IN)
                         net (fo=0)                   0.000     0.000    CLK
    E3                   IBUF (Prop_ibuf_I_O)         0.250     0.250 r  CLK_IBUF_inst/O
                         net (fo=1, routed)           0.644     0.894    CLK_IBUF
    BUFGCTRL_X0Y16       BUFG (Prop_bufg_I_O)         0.026     0.920 r  CLK_IBUF_BUFG_inst/O
                         net (fo=17145, routed)       0.641     1.561    CLK_IBUF_BUFG
    SLICE_X19Y48         FDRE                                         r  EX_MEM_DMRE_reg[1]/C
  -------------------------------------------------------------------    -------------------
    SLICE_X19Y48         FDRE (Prop_fdre_C_Q)         0.141     1.702 r  EX_MEM_DMRE_reg[1]/Q
                         net (fo=35, routed)          0.235     1.937    dmem/MEM_WB_MEM_DATA_reg[0][1]
    SLICE_X19Y49         LUT6 (Prop_lut6_I5_O)        0.045     1.982 r  dmem/iDATAO_reg[6]_i_1/O
                         net (fo=1, routed)           0.179     2.161    daligner/D[6]
    SLICE_X20Y49         LDCE                                         r  daligner/iDATAO_reg[6]/D
  -------------------------------------------------------------------    -------------------

Slack:                    inf
  Source:                 EX_MEM_DMSE_reg/C
                            (rising edge-triggered cell FDRE clocked by sys_clk_pin  {rise@0.000ns fall@10.000ns period=12.000ns})
  Destination:            daligner/iDATAO_reg[11]/D
  Path Group:             (none)
  Path Type:              Min at Fast Process Corner
  Data Path Delay:        0.947ns  (logic 0.231ns (24.391%)  route 0.716ns (75.609%))
  Logic Levels:           2  (LUT4=1 LUT6=1)
  Clock Uncertainty:      0.025ns  ((TSJ^2 + TIJ^2)^1/2 + DJ) / 2 + PE
    Total System Jitter     (TSJ):    0.050ns
    Total Input Jitter      (TIJ):    0.000ns
    Discrete Jitter          (DJ):    0.000ns
    Phase Error              (PE):    0.000ns

    Location             Delay type                Incr(ns)  Path(ns)    Netlist Resource(s)
  -------------------------------------------------------------------    -------------------
                         (clock sys_clk_pin rise edge)
                                                      0.000     0.000 r  
    E3                                                0.000     0.000 r  CLK (IN)
                         net (fo=0)                   0.000     0.000    CLK
    E3                   IBUF (Prop_ibuf_I_O)         0.250     0.250 r  CLK_IBUF_inst/O
                         net (fo=1, routed)           0.644     0.894    CLK_IBUF
    BUFGCTRL_X0Y16       BUFG (Prop_bufg_I_O)         0.026     0.920 r  CLK_IBUF_BUFG_inst/O
                         net (fo=17145, routed)       0.576     1.495    CLK_IBUF_BUFG
    SLICE_X13Y51         FDRE                                         r  EX_MEM_DMSE_reg/C
  -------------------------------------------------------------------    -------------------
    SLICE_X13Y51         FDRE (Prop_fdre_C_Q)         0.141     1.636 r  EX_MEM_DMSE_reg/Q
                         net (fo=2, routed)           0.228     1.865    dmem/EX_MEM_DMSE
    SLICE_X13Y53         LUT4 (Prop_lut4_I2_O)        0.045     1.910 r  dmem/iDATAO_reg[31]_i_3/O
                         net (fo=24, routed)          0.173     2.083    dmem/iDATAO_reg[31]_i_3_n_0
    SLICE_X13Y53         LUT6 (Prop_lut6_I0_O)        0.045     2.128 r  dmem/iDATAO_reg[11]_i_1/O
                         net (fo=1, routed)           0.315     2.442    daligner/D[11]
    SLICE_X15Y51         LDCE                                         r  daligner/iDATAO_reg[11]/D
  -------------------------------------------------------------------    -------------------

Slack:                    inf
  Source:                 EX_MEM_DMRE_reg[1]/C
                            (rising edge-triggered cell FDRE clocked by sys_clk_pin  {rise@0.000ns fall@10.000ns period=12.000ns})
  Destination:            daligner/iDATAO_reg[8]/D
  Path Group:             (none)
  Path Type:              Min at Fast Process Corner
  Data Path Delay:        0.888ns  (logic 0.186ns (20.940%)  route 0.702ns (79.060%))
  Logic Levels:           1  (LUT6=1)
  Clock Uncertainty:      0.025ns  ((TSJ^2 + TIJ^2)^1/2 + DJ) / 2 + PE
    Total System Jitter     (TSJ):    0.050ns
    Total Input Jitter      (TIJ):    0.000ns
    Discrete Jitter          (DJ):    0.000ns
    Phase Error              (PE):    0.000ns

    Location             Delay type                Incr(ns)  Path(ns)    Netlist Resource(s)
  -------------------------------------------------------------------    -------------------
                         (clock sys_clk_pin rise edge)
                                                      0.000     0.000 r  
    E3                                                0.000     0.000 r  CLK (IN)
                         net (fo=0)                   0.000     0.000    CLK
    E3                   IBUF (Prop_ibuf_I_O)         0.250     0.250 r  CLK_IBUF_inst/O
                         net (fo=1, routed)           0.644     0.894    CLK_IBUF
    BUFGCTRL_X0Y16       BUFG (Prop_bufg_I_O)         0.026     0.920 r  CLK_IBUF_BUFG_inst/O
                         net (fo=17145, routed)       0.641     1.561    CLK_IBUF_BUFG
    SLICE_X19Y48         FDRE                                         r  EX_MEM_DMRE_reg[1]/C
  -------------------------------------------------------------------    -------------------
    SLICE_X19Y48         FDRE (Prop_fdre_C_Q)         0.141     1.702 r  EX_MEM_DMRE_reg[1]/Q
                         net (fo=35, routed)          0.288     1.990    dmem/MEM_WB_MEM_DATA_reg[0][1]
    SLICE_X15Y51         LUT6 (Prop_lut6_I3_O)        0.045     2.035 r  dmem/iDATAO_reg[8]_i_1/O
                         net (fo=1, routed)           0.415     2.449    daligner/D[8]
    SLICE_X16Y35         LDCE                                         r  daligner/iDATAO_reg[8]/D
  -------------------------------------------------------------------    -------------------

Slack:                    inf
  Source:                 EX_MEM_DMSE_reg/C
                            (rising edge-triggered cell FDRE clocked by sys_clk_pin  {rise@0.000ns fall@10.000ns period=12.000ns})
  Destination:            daligner/iDATAO_reg[20]/D
  Path Group:             (none)
  Path Type:              Min at Fast Process Corner
  Data Path Delay:        1.011ns  (logic 0.231ns (22.840%)  route 0.780ns (77.160%))
  Logic Levels:           2  (LUT5=1 LUT6=1)
  Clock Uncertainty:      0.025ns  ((TSJ^2 + TIJ^2)^1/2 + DJ) / 2 + PE
    Total System Jitter     (TSJ):    0.050ns
    Total Input Jitter      (TIJ):    0.000ns
    Discrete Jitter          (DJ):    0.000ns
    Phase Error              (PE):    0.000ns

    Location             Delay type                Incr(ns)  Path(ns)    Netlist Resource(s)
  -------------------------------------------------------------------    -------------------
                         (clock sys_clk_pin rise edge)
                                                      0.000     0.000 r  
    E3                                                0.000     0.000 r  CLK (IN)
                         net (fo=0)                   0.000     0.000    CLK
    E3                   IBUF (Prop_ibuf_I_O)         0.250     0.250 r  CLK_IBUF_inst/O
                         net (fo=1, routed)           0.644     0.894    CLK_IBUF
    BUFGCTRL_X0Y16       BUFG (Prop_bufg_I_O)         0.026     0.920 r  CLK_IBUF_BUFG_inst/O
                         net (fo=17145, routed)       0.576     1.495    CLK_IBUF_BUFG
    SLICE_X13Y51         FDRE                                         r  EX_MEM_DMSE_reg/C
  -------------------------------------------------------------------    -------------------
    SLICE_X13Y51         FDRE (Prop_fdre_C_Q)         0.141     1.636 r  EX_MEM_DMSE_reg/Q
                         net (fo=2, routed)           0.261     1.897    dmem/EX_MEM_DMSE
    SLICE_X13Y52         LUT6 (Prop_lut6_I4_O)        0.045     1.942 r  dmem/iDATAO_reg[31]_i_4/O
                         net (fo=16, routed)          0.283     2.225    dmem/iDATAO_reg[31]_i_4_n_0
    SLICE_X15Y50         LUT5 (Prop_lut5_I1_O)        0.045     2.270 r  dmem/iDATAO_reg[20]_i_1/O
                         net (fo=1, routed)           0.237     2.507    daligner/D[20]
    SLICE_X15Y50         LDCE                                         r  daligner/iDATAO_reg[20]/D
  -------------------------------------------------------------------    -------------------

Slack:                    inf
  Source:                 EX_MEM_DMSE_reg/C
                            (rising edge-triggered cell FDRE clocked by sys_clk_pin  {rise@0.000ns fall@10.000ns period=12.000ns})
  Destination:            daligner/iDATAO_reg[27]/D
  Path Group:             (none)
  Path Type:              Min at Fast Process Corner
  Data Path Delay:        1.020ns  (logic 0.231ns (22.638%)  route 0.789ns (77.362%))
  Logic Levels:           2  (LUT5=1 LUT6=1)
  Clock Uncertainty:      0.025ns  ((TSJ^2 + TIJ^2)^1/2 + DJ) / 2 + PE
    Total System Jitter     (TSJ):    0.050ns
    Total Input Jitter      (TIJ):    0.000ns
    Discrete Jitter          (DJ):    0.000ns
    Phase Error              (PE):    0.000ns

    Location             Delay type                Incr(ns)  Path(ns)    Netlist Resource(s)
  -------------------------------------------------------------------    -------------------
                         (clock sys_clk_pin rise edge)
                                                      0.000     0.000 r  
    E3                                                0.000     0.000 r  CLK (IN)
                         net (fo=0)                   0.000     0.000    CLK
    E3                   IBUF (Prop_ibuf_I_O)         0.250     0.250 r  CLK_IBUF_inst/O
                         net (fo=1, routed)           0.644     0.894    CLK_IBUF
    BUFGCTRL_X0Y16       BUFG (Prop_bufg_I_O)         0.026     0.920 r  CLK_IBUF_BUFG_inst/O
                         net (fo=17145, routed)       0.576     1.495    CLK_IBUF_BUFG
    SLICE_X13Y51         FDRE                                         r  EX_MEM_DMSE_reg/C
  -------------------------------------------------------------------    -------------------
    SLICE_X13Y51         FDRE (Prop_fdre_C_Q)         0.141     1.636 r  EX_MEM_DMSE_reg/Q
                         net (fo=2, routed)           0.261     1.897    dmem/EX_MEM_DMSE
    SLICE_X13Y52         LUT6 (Prop_lut6_I4_O)        0.045     1.942 r  dmem/iDATAO_reg[31]_i_4/O
                         net (fo=16, routed)          0.094     2.035    dmem/iDATAO_reg[31]_i_4_n_0
    SLICE_X13Y52         LUT5 (Prop_lut5_I1_O)        0.045     2.080 r  dmem/iDATAO_reg[27]_i_1/O
                         net (fo=1, routed)           0.435     2.516    daligner/D[27]
    SLICE_X11Y45         LDCE                                         r  daligner/iDATAO_reg[27]/D
  -------------------------------------------------------------------    -------------------

Slack:                    inf
  Source:                 EX_MEM_DMRE_reg[1]/C
                            (rising edge-triggered cell FDRE clocked by sys_clk_pin  {rise@0.000ns fall@10.000ns period=12.000ns})
  Destination:            daligner/iDATAO_reg[0]/D
  Path Group:             (none)
  Path Type:              Min at Fast Process Corner
  Data Path Delay:        0.990ns  (logic 0.186ns (18.791%)  route 0.804ns (81.209%))
  Logic Levels:           1  (LUT6=1)
  Clock Uncertainty:      0.025ns  ((TSJ^2 + TIJ^2)^1/2 + DJ) / 2 + PE
    Total System Jitter     (TSJ):    0.050ns
    Total Input Jitter      (TIJ):    0.000ns
    Discrete Jitter          (DJ):    0.000ns
    Phase Error              (PE):    0.000ns

    Location             Delay type                Incr(ns)  Path(ns)    Netlist Resource(s)
  -------------------------------------------------------------------    -------------------
                         (clock sys_clk_pin rise edge)
                                                      0.000     0.000 r  
    E3                                                0.000     0.000 r  CLK (IN)
                         net (fo=0)                   0.000     0.000    CLK
    E3                   IBUF (Prop_ibuf_I_O)         0.250     0.250 r  CLK_IBUF_inst/O
                         net (fo=1, routed)           0.644     0.894    CLK_IBUF
    BUFGCTRL_X0Y16       BUFG (Prop_bufg_I_O)         0.026     0.920 r  CLK_IBUF_BUFG_inst/O
                         net (fo=17145, routed)       0.641     1.561    CLK_IBUF_BUFG
    SLICE_X19Y48         FDRE                                         r  EX_MEM_DMRE_reg[1]/C
  -------------------------------------------------------------------    -------------------
    SLICE_X19Y48         FDRE (Prop_fdre_C_Q)         0.141     1.702 r  EX_MEM_DMRE_reg[1]/Q
                         net (fo=35, routed)          0.455     2.157    dmem/MEM_WB_MEM_DATA_reg[0][1]
    SLICE_X15Y52         LUT6 (Prop_lut6_I5_O)        0.045     2.202 r  dmem/iDATAO_reg[0]_i_1/O
                         net (fo=1, routed)           0.349     2.551    daligner/D[0]
    SLICE_X15Y38         LDCE                                         r  daligner/iDATAO_reg[0]/D
  -------------------------------------------------------------------    -------------------

Slack:                    inf
  Source:                 EX_MEM_DMSE_reg/C
                            (rising edge-triggered cell FDRE clocked by sys_clk_pin  {rise@0.000ns fall@10.000ns period=12.000ns})
  Destination:            daligner/iDATAO_reg[19]/D
  Path Group:             (none)
  Path Type:              Min at Fast Process Corner
  Data Path Delay:        1.082ns  (logic 0.231ns (21.352%)  route 0.851ns (78.648%))
  Logic Levels:           2  (LUT4=1 LUT5=1)
  Clock Uncertainty:      0.025ns  ((TSJ^2 + TIJ^2)^1/2 + DJ) / 2 + PE
    Total System Jitter     (TSJ):    0.050ns
    Total Input Jitter      (TIJ):    0.000ns
    Discrete Jitter          (DJ):    0.000ns
    Phase Error              (PE):    0.000ns

    Location             Delay type                Incr(ns)  Path(ns)    Netlist Resource(s)
  -------------------------------------------------------------------    -------------------
                         (clock sys_clk_pin rise edge)
                                                      0.000     0.000 r  
    E3                                                0.000     0.000 r  CLK (IN)
                         net (fo=0)                   0.000     0.000    CLK
    E3                   IBUF (Prop_ibuf_I_O)         0.250     0.250 r  CLK_IBUF_inst/O
                         net (fo=1, routed)           0.644     0.894    CLK_IBUF
    BUFGCTRL_X0Y16       BUFG (Prop_bufg_I_O)         0.026     0.920 r  CLK_IBUF_BUFG_inst/O
                         net (fo=17145, routed)       0.576     1.495    CLK_IBUF_BUFG
    SLICE_X13Y51         FDRE                                         r  EX_MEM_DMSE_reg/C
  -------------------------------------------------------------------    -------------------
    SLICE_X13Y51         FDRE (Prop_fdre_C_Q)         0.141     1.636 r  EX_MEM_DMSE_reg/Q
                         net (fo=2, routed)           0.228     1.865    dmem/EX_MEM_DMSE
    SLICE_X13Y53         LUT4 (Prop_lut4_I2_O)        0.045     1.910 r  dmem/iDATAO_reg[31]_i_3/O
                         net (fo=24, routed)          0.258     2.168    dmem/iDATAO_reg[31]_i_3_n_0
    SLICE_X15Y52         LUT5 (Prop_lut5_I0_O)        0.045     2.213 r  dmem/iDATAO_reg[19]_i_1/O
                         net (fo=1, routed)           0.364     2.577    daligner/D[19]
    SLICE_X15Y41         LDCE                                         r  daligner/iDATAO_reg[19]/D
  -------------------------------------------------------------------    -------------------

Slack:                    inf
  Source:                 EX_MEM_DMSE_reg/C
                            (rising edge-triggered cell FDRE clocked by sys_clk_pin  {rise@0.000ns fall@10.000ns period=12.000ns})
  Destination:            daligner/iDATAO_reg[13]/D
  Path Group:             (none)
  Path Type:              Min at Fast Process Corner
  Data Path Delay:        1.085ns  (logic 0.231ns (21.289%)  route 0.854ns (78.711%))
  Logic Levels:           2  (LUT4=1 LUT6=1)
  Clock Uncertainty:      0.025ns  ((TSJ^2 + TIJ^2)^1/2 + DJ) / 2 + PE
    Total System Jitter     (TSJ):    0.050ns
    Total Input Jitter      (TIJ):    0.000ns
    Discrete Jitter          (DJ):    0.000ns
    Phase Error              (PE):    0.000ns

    Location             Delay type                Incr(ns)  Path(ns)    Netlist Resource(s)
  -------------------------------------------------------------------    -------------------
                         (clock sys_clk_pin rise edge)
                                                      0.000     0.000 r  
    E3                                                0.000     0.000 r  CLK (IN)
                         net (fo=0)                   0.000     0.000    CLK
    E3                   IBUF (Prop_ibuf_I_O)         0.250     0.250 r  CLK_IBUF_inst/O
                         net (fo=1, routed)           0.644     0.894    CLK_IBUF
    BUFGCTRL_X0Y16       BUFG (Prop_bufg_I_O)         0.026     0.920 r  CLK_IBUF_BUFG_inst/O
                         net (fo=17145, routed)       0.576     1.495    CLK_IBUF_BUFG
    SLICE_X13Y51         FDRE                                         r  EX_MEM_DMSE_reg/C
  -------------------------------------------------------------------    -------------------
    SLICE_X13Y51         FDRE (Prop_fdre_C_Q)         0.141     1.636 r  EX_MEM_DMSE_reg/Q
                         net (fo=2, routed)           0.228     1.865    dmem/EX_MEM_DMSE
    SLICE_X13Y53         LUT4 (Prop_lut4_I2_O)        0.045     1.910 r  dmem/iDATAO_reg[31]_i_3/O
                         net (fo=24, routed)          0.258     2.168    dmem/iDATAO_reg[31]_i_3_n_0
    SLICE_X15Y53         LUT6 (Prop_lut6_I0_O)        0.045     2.213 r  dmem/iDATAO_reg[13]_i_1/O
                         net (fo=1, routed)           0.367     2.580    daligner/D[13]
    SLICE_X21Y37         LDCE                                         r  daligner/iDATAO_reg[13]/D
  -------------------------------------------------------------------    -------------------

Slack:                    inf
  Source:                 EX_MEM_DMSE_reg/C
                            (rising edge-triggered cell FDRE clocked by sys_clk_pin  {rise@0.000ns fall@10.000ns period=12.000ns})
  Destination:            daligner/iDATAO_reg[9]/D
  Path Group:             (none)
  Path Type:              Min at Fast Process Corner
  Data Path Delay:        1.114ns  (logic 0.231ns (20.731%)  route 0.883ns (79.269%))
  Logic Levels:           2  (LUT4=1 LUT6=1)
  Clock Uncertainty:      0.025ns  ((TSJ^2 + TIJ^2)^1/2 + DJ) / 2 + PE
    Total System Jitter     (TSJ):    0.050ns
    Total Input Jitter      (TIJ):    0.000ns
    Discrete Jitter          (DJ):    0.000ns
    Phase Error              (PE):    0.000ns

    Location             Delay type                Incr(ns)  Path(ns)    Netlist Resource(s)
  -------------------------------------------------------------------    -------------------
                         (clock sys_clk_pin rise edge)
                                                      0.000     0.000 r  
    E3                                                0.000     0.000 r  CLK (IN)
                         net (fo=0)                   0.000     0.000    CLK
    E3                   IBUF (Prop_ibuf_I_O)         0.250     0.250 r  CLK_IBUF_inst/O
                         net (fo=1, routed)           0.644     0.894    CLK_IBUF
    BUFGCTRL_X0Y16       BUFG (Prop_bufg_I_O)         0.026     0.920 r  CLK_IBUF_BUFG_inst/O
                         net (fo=17145, routed)       0.576     1.495    CLK_IBUF_BUFG
    SLICE_X13Y51         FDRE                                         r  EX_MEM_DMSE_reg/C
  -------------------------------------------------------------------    -------------------
    SLICE_X13Y51         FDRE (Prop_fdre_C_Q)         0.141     1.636 r  EX_MEM_DMSE_reg/Q
                         net (fo=2, routed)           0.228     1.865    dmem/EX_MEM_DMSE
    SLICE_X13Y53         LUT4 (Prop_lut4_I2_O)        0.045     1.910 r  dmem/iDATAO_reg[31]_i_3/O
                         net (fo=24, routed)          0.353     2.263    dmem/iDATAO_reg[31]_i_3_n_0
    SLICE_X9Y53          LUT6 (Prop_lut6_I0_O)        0.045     2.308 r  dmem/iDATAO_reg[9]_i_1/O
                         net (fo=1, routed)           0.302     2.610    daligner/D[9]
    SLICE_X9Y45          LDCE                                         r  daligner/iDATAO_reg[9]/D
  -------------------------------------------------------------------    -------------------





--------------------------------------------------------------------------------------
Path Group:  (none)
From Clock:  
  To Clock:  sys_clk_pin

Max Delay           717 Endpoints
Min Delay           717 Endpoints
--------------------------------------------------------------------------------------


Max Delay Paths
--------------------------------------------------------------------------------------
Slack:                    inf
  Source:                 RSTN
                            (input port)
  Destination:            EX_MEM_ALU_RESULT_reg[8]_replica_3/R
                            (rising edge-triggered cell FDRE clocked by sys_clk_pin  {rise@0.000ns fall@10.000ns period=12.000ns})
  Path Group:             (none)
  Path Type:              Setup (Max at Slow Process Corner)
  Data Path Delay:        14.899ns  (logic 1.631ns (10.947%)  route 13.268ns (89.053%))
  Logic Levels:           2  (IBUF=1 LUT1=1)
  Clock Path Skew:        4.904ns (DCD - SCD + CPR)
    Destination Clock Delay (DCD):    4.904ns
    Source Clock Delay      (SCD):    0.000ns
    Clock Pessimism Removal (CPR):    0.000ns
  Clock Uncertainty:      0.025ns  ((TSJ^2 + TIJ^2)^1/2 + DJ) / 2 + PE
    Total System Jitter     (TSJ):    0.050ns
    Total Input Jitter      (TIJ):    0.000ns
    Discrete Jitter          (DJ):    0.000ns
    Phase Error              (PE):    0.000ns

    Location             Delay type                Incr(ns)  Path(ns)    Netlist Resource(s)
  -------------------------------------------------------------------    -------------------
    C12                                               0.000     0.000 f  RSTN (IN)
                         net (fo=0)                   0.000     0.000    RSTN
    C12                  IBUF (Prop_ibuf_I_O)         1.507     1.507 f  RSTN_IBUF_inst/O
                         net (fo=4, routed)           5.123     6.630    RSTN_IBUF
    SLICE_X16Y48         LUT1 (Prop_lut1_I0_O)        0.124     6.754 r  EX_MEM_WB_MUX[1]_i_1/O
                         net (fo=398, routed)         8.145    14.899    RST
    SLICE_X58Y119        FDRE                                         r  EX_MEM_ALU_RESULT_reg[8]_replica_3/R
  -------------------------------------------------------------------    -------------------

                         (clock sys_clk_pin rise edge)
                                                      0.000     0.000 r  
    E3                                                0.000     0.000 r  CLK (IN)
                         net (fo=0)                   0.000     0.000    CLK
    E3                   IBUF (Prop_ibuf_I_O)         1.411     1.411 r  CLK_IBUF_inst/O
                         net (fo=1, routed)           1.920     3.331    CLK_IBUF
    BUFGCTRL_X0Y16       BUFG (Prop_bufg_I_O)         0.091     3.422 r  CLK_IBUF_BUFG_inst/O
                         net (fo=17145, routed)       1.482     4.904    CLK_IBUF_BUFG
    SLICE_X58Y119        FDRE                                         r  EX_MEM_ALU_RESULT_reg[8]_replica_3/C

Slack:                    inf
  Source:                 RSTN
                            (input port)
  Destination:            EX_MEM_ALU_RESULT_reg[8]_replica_1/R
                            (rising edge-triggered cell FDRE clocked by sys_clk_pin  {rise@0.000ns fall@10.000ns period=12.000ns})
  Path Group:             (none)
  Path Type:              Setup (Max at Slow Process Corner)
  Data Path Delay:        14.242ns  (logic 1.631ns (11.452%)  route 12.611ns (88.548%))
  Logic Levels:           2  (IBUF=1 LUT1=1)
  Clock Path Skew:        4.991ns (DCD - SCD + CPR)
    Destination Clock Delay (DCD):    4.991ns
    Source Clock Delay      (SCD):    0.000ns
    Clock Pessimism Removal (CPR):    0.000ns
  Clock Uncertainty:      0.025ns  ((TSJ^2 + TIJ^2)^1/2 + DJ) / 2 + PE
    Total System Jitter     (TSJ):    0.050ns
    Total Input Jitter      (TIJ):    0.000ns
    Discrete Jitter          (DJ):    0.000ns
    Phase Error              (PE):    0.000ns

    Location             Delay type                Incr(ns)  Path(ns)    Netlist Resource(s)
  -------------------------------------------------------------------    -------------------
    C12                                               0.000     0.000 f  RSTN (IN)
                         net (fo=0)                   0.000     0.000    RSTN
    C12                  IBUF (Prop_ibuf_I_O)         1.507     1.507 f  RSTN_IBUF_inst/O
                         net (fo=4, routed)           5.123     6.630    RSTN_IBUF
    SLICE_X16Y48         LUT1 (Prop_lut1_I0_O)        0.124     6.754 r  EX_MEM_WB_MUX[1]_i_1/O
                         net (fo=398, routed)         7.487    14.242    RST
    SLICE_X72Y118        FDRE                                         r  EX_MEM_ALU_RESULT_reg[8]_replica_1/R
  -------------------------------------------------------------------    -------------------

                         (clock sys_clk_pin rise edge)
                                                      0.000     0.000 r  
    E3                                                0.000     0.000 r  CLK (IN)
                         net (fo=0)                   0.000     0.000    CLK
    E3                   IBUF (Prop_ibuf_I_O)         1.411     1.411 r  CLK_IBUF_inst/O
                         net (fo=1, routed)           1.920     3.331    CLK_IBUF
    BUFGCTRL_X0Y16       BUFG (Prop_bufg_I_O)         0.091     3.422 r  CLK_IBUF_BUFG_inst/O
                         net (fo=17145, routed)       1.569     4.991    CLK_IBUF_BUFG
    SLICE_X72Y118        FDRE                                         r  EX_MEM_ALU_RESULT_reg[8]_replica_1/C

Slack:                    inf
  Source:                 RSTN
                            (input port)
  Destination:            EX_MEM_ALU_RESULT_reg[8]_replica_5/R
                            (rising edge-triggered cell FDRE clocked by sys_clk_pin  {rise@0.000ns fall@10.000ns period=12.000ns})
  Path Group:             (none)
  Path Type:              Setup (Max at Slow Process Corner)
  Data Path Delay:        13.469ns  (logic 1.631ns (12.109%)  route 11.838ns (87.891%))
  Logic Levels:           2  (IBUF=1 LUT1=1)
  Clock Path Skew:        4.918ns (DCD - SCD + CPR)
    Destination Clock Delay (DCD):    4.918ns
    Source Clock Delay      (SCD):    0.000ns
    Clock Pessimism Removal (CPR):    0.000ns
  Clock Uncertainty:      0.025ns  ((TSJ^2 + TIJ^2)^1/2 + DJ) / 2 + PE
    Total System Jitter     (TSJ):    0.050ns
    Total Input Jitter      (TIJ):    0.000ns
    Discrete Jitter          (DJ):    0.000ns
    Phase Error              (PE):    0.000ns

    Location             Delay type                Incr(ns)  Path(ns)    Netlist Resource(s)
  -------------------------------------------------------------------    -------------------
    C12                                               0.000     0.000 f  RSTN (IN)
                         net (fo=0)                   0.000     0.000    RSTN
    C12                  IBUF (Prop_ibuf_I_O)         1.507     1.507 f  RSTN_IBUF_inst/O
                         net (fo=4, routed)           5.123     6.630    RSTN_IBUF
    SLICE_X16Y48         LUT1 (Prop_lut1_I0_O)        0.124     6.754 r  EX_MEM_WB_MUX[1]_i_1/O
                         net (fo=398, routed)         6.715    13.469    RST
    SLICE_X71Y103        FDRE                                         r  EX_MEM_ALU_RESULT_reg[8]_replica_5/R
  -------------------------------------------------------------------    -------------------

                         (clock sys_clk_pin rise edge)
                                                      0.000     0.000 r  
    E3                                                0.000     0.000 r  CLK (IN)
                         net (fo=0)                   0.000     0.000    CLK
    E3                   IBUF (Prop_ibuf_I_O)         1.411     1.411 r  CLK_IBUF_inst/O
                         net (fo=1, routed)           1.920     3.331    CLK_IBUF
    BUFGCTRL_X0Y16       BUFG (Prop_bufg_I_O)         0.091     3.422 r  CLK_IBUF_BUFG_inst/O
                         net (fo=17145, routed)       1.496     4.918    CLK_IBUF_BUFG
    SLICE_X71Y103        FDRE                                         r  EX_MEM_ALU_RESULT_reg[8]_replica_5/C

Slack:                    inf
  Source:                 RSTN
                            (input port)
  Destination:            EX_MEM_ALU_RESULT_reg[6]_replica_2/R
                            (rising edge-triggered cell FDRE clocked by sys_clk_pin  {rise@0.000ns fall@10.000ns period=12.000ns})
  Path Group:             (none)
  Path Type:              Setup (Max at Slow Process Corner)
  Data Path Delay:        13.305ns  (logic 1.631ns (12.259%)  route 11.674ns (87.741%))
  Logic Levels:           2  (IBUF=1 LUT1=1)
  Clock Path Skew:        4.919ns (DCD - SCD + CPR)
    Destination Clock Delay (DCD):    4.919ns
    Source Clock Delay      (SCD):    0.000ns
    Clock Pessimism Removal (CPR):    0.000ns
  Clock Uncertainty:      0.025ns  ((TSJ^2 + TIJ^2)^1/2 + DJ) / 2 + PE
    Total System Jitter     (TSJ):    0.050ns
    Total Input Jitter      (TIJ):    0.000ns
    Discrete Jitter          (DJ):    0.000ns
    Phase Error              (PE):    0.000ns

    Location             Delay type                Incr(ns)  Path(ns)    Netlist Resource(s)
  -------------------------------------------------------------------    -------------------
    C12                                               0.000     0.000 f  RSTN (IN)
                         net (fo=0)                   0.000     0.000    RSTN
    C12                  IBUF (Prop_ibuf_I_O)         1.507     1.507 f  RSTN_IBUF_inst/O
                         net (fo=4, routed)           5.123     6.630    RSTN_IBUF
    SLICE_X16Y48         LUT1 (Prop_lut1_I0_O)        0.124     6.754 r  EX_MEM_WB_MUX[1]_i_1/O
                         net (fo=398, routed)         6.551    13.305    RST
    SLICE_X37Y115        FDRE                                         r  EX_MEM_ALU_RESULT_reg[6]_replica_2/R
  -------------------------------------------------------------------    -------------------

                         (clock sys_clk_pin rise edge)
                                                      0.000     0.000 r  
    E3                                                0.000     0.000 r  CLK (IN)
                         net (fo=0)                   0.000     0.000    CLK
    E3                   IBUF (Prop_ibuf_I_O)         1.411     1.411 r  CLK_IBUF_inst/O
                         net (fo=1, routed)           1.920     3.331    CLK_IBUF
    BUFGCTRL_X0Y16       BUFG (Prop_bufg_I_O)         0.091     3.422 r  CLK_IBUF_BUFG_inst/O
                         net (fo=17145, routed)       1.497     4.919    CLK_IBUF_BUFG
    SLICE_X37Y115        FDRE                                         r  EX_MEM_ALU_RESULT_reg[6]_replica_2/C

Slack:                    inf
  Source:                 RSTN
                            (input port)
  Destination:            EX_MEM_ALU_RESULT_reg[8]_replica_4/R
                            (rising edge-triggered cell FDRE clocked by sys_clk_pin  {rise@0.000ns fall@10.000ns period=12.000ns})
  Path Group:             (none)
  Path Type:              Setup (Max at Slow Process Corner)
  Data Path Delay:        13.217ns  (logic 1.631ns (12.341%)  route 11.586ns (87.659%))
  Logic Levels:           2  (IBUF=1 LUT1=1)
  Clock Path Skew:        4.914ns (DCD - SCD + CPR)
    Destination Clock Delay (DCD):    4.914ns
    Source Clock Delay      (SCD):    0.000ns
    Clock Pessimism Removal (CPR):    0.000ns
  Clock Uncertainty:      0.025ns  ((TSJ^2 + TIJ^2)^1/2 + DJ) / 2 + PE
    Total System Jitter     (TSJ):    0.050ns
    Total Input Jitter      (TIJ):    0.000ns
    Discrete Jitter          (DJ):    0.000ns
    Phase Error              (PE):    0.000ns

    Location             Delay type                Incr(ns)  Path(ns)    Netlist Resource(s)
  -------------------------------------------------------------------    -------------------
    C12                                               0.000     0.000 f  RSTN (IN)
                         net (fo=0)                   0.000     0.000    RSTN
    C12                  IBUF (Prop_ibuf_I_O)         1.507     1.507 f  RSTN_IBUF_inst/O
                         net (fo=4, routed)           5.123     6.630    RSTN_IBUF
    SLICE_X16Y48         LUT1 (Prop_lut1_I0_O)        0.124     6.754 r  EX_MEM_WB_MUX[1]_i_1/O
                         net (fo=398, routed)         6.462    13.217    RST
    SLICE_X37Y119        FDRE                                         r  EX_MEM_ALU_RESULT_reg[8]_replica_4/R
  -------------------------------------------------------------------    -------------------

                         (clock sys_clk_pin rise edge)
                                                      0.000     0.000 r  
    E3                                                0.000     0.000 r  CLK (IN)
                         net (fo=0)                   0.000     0.000    CLK
    E3                   IBUF (Prop_ibuf_I_O)         1.411     1.411 r  CLK_IBUF_inst/O
                         net (fo=1, routed)           1.920     3.331    CLK_IBUF
    BUFGCTRL_X0Y16       BUFG (Prop_bufg_I_O)         0.091     3.422 r  CLK_IBUF_BUFG_inst/O
                         net (fo=17145, routed)       1.492     4.914    CLK_IBUF_BUFG
    SLICE_X37Y119        FDRE                                         r  EX_MEM_ALU_RESULT_reg[8]_replica_4/C

Slack:                    inf
  Source:                 RSTN
                            (input port)
  Destination:            EX_MEM_ALU_RESULT_reg[8]_replica_2/R
                            (rising edge-triggered cell FDRE clocked by sys_clk_pin  {rise@0.000ns fall@10.000ns period=12.000ns})
  Path Group:             (none)
  Path Type:              Setup (Max at Slow Process Corner)
  Data Path Delay:        13.055ns  (logic 1.631ns (12.493%)  route 11.424ns (87.507%))
  Logic Levels:           2  (IBUF=1 LUT1=1)
  Clock Path Skew:        4.919ns (DCD - SCD + CPR)
    Destination Clock Delay (DCD):    4.919ns
    Source Clock Delay      (SCD):    0.000ns
    Clock Pessimism Removal (CPR):    0.000ns
  Clock Uncertainty:      0.025ns  ((TSJ^2 + TIJ^2)^1/2 + DJ) / 2 + PE
    Total System Jitter     (TSJ):    0.050ns
    Total Input Jitter      (TIJ):    0.000ns
    Discrete Jitter          (DJ):    0.000ns
    Phase Error              (PE):    0.000ns

    Location             Delay type                Incr(ns)  Path(ns)    Netlist Resource(s)
  -------------------------------------------------------------------    -------------------
    C12                                               0.000     0.000 f  RSTN (IN)
                         net (fo=0)                   0.000     0.000    RSTN
    C12                  IBUF (Prop_ibuf_I_O)         1.507     1.507 f  RSTN_IBUF_inst/O
                         net (fo=4, routed)           5.123     6.630    RSTN_IBUF
    SLICE_X16Y48         LUT1 (Prop_lut1_I0_O)        0.124     6.754 r  EX_MEM_WB_MUX[1]_i_1/O
                         net (fo=398, routed)         6.301    13.055    RST
    SLICE_X15Y119        FDRE                                         r  EX_MEM_ALU_RESULT_reg[8]_replica_2/R
  -------------------------------------------------------------------    -------------------

                         (clock sys_clk_pin rise edge)
                                                      0.000     0.000 r  
    E3                                                0.000     0.000 r  CLK (IN)
                         net (fo=0)                   0.000     0.000    CLK
    E3                   IBUF (Prop_ibuf_I_O)         1.411     1.411 r  CLK_IBUF_inst/O
                         net (fo=1, routed)           1.920     3.331    CLK_IBUF
    BUFGCTRL_X0Y16       BUFG (Prop_bufg_I_O)         0.091     3.422 r  CLK_IBUF_BUFG_inst/O
                         net (fo=17145, routed)       1.497     4.919    CLK_IBUF_BUFG
    SLICE_X15Y119        FDRE                                         r  EX_MEM_ALU_RESULT_reg[8]_replica_2/C

Slack:                    inf
  Source:                 RSTN
                            (input port)
  Destination:            EX_MEM_ALU_RESULT_reg[6]_replica_3/R
                            (rising edge-triggered cell FDRE clocked by sys_clk_pin  {rise@0.000ns fall@10.000ns period=12.000ns})
  Path Group:             (none)
  Path Type:              Setup (Max at Slow Process Corner)
  Data Path Delay:        12.869ns  (logic 1.631ns (12.674%)  route 11.238ns (87.326%))
  Logic Levels:           2  (IBUF=1 LUT1=1)
  Clock Path Skew:        4.921ns (DCD - SCD + CPR)
    Destination Clock Delay (DCD):    4.921ns
    Source Clock Delay      (SCD):    0.000ns
    Clock Pessimism Removal (CPR):    0.000ns
  Clock Uncertainty:      0.025ns  ((TSJ^2 + TIJ^2)^1/2 + DJ) / 2 + PE
    Total System Jitter     (TSJ):    0.050ns
    Total Input Jitter      (TIJ):    0.000ns
    Discrete Jitter          (DJ):    0.000ns
    Phase Error              (PE):    0.000ns

    Location             Delay type                Incr(ns)  Path(ns)    Netlist Resource(s)
  -------------------------------------------------------------------    -------------------
    C12                                               0.000     0.000 f  RSTN (IN)
                         net (fo=0)                   0.000     0.000    RSTN
    C12                  IBUF (Prop_ibuf_I_O)         1.507     1.507 f  RSTN_IBUF_inst/O
                         net (fo=4, routed)           5.123     6.630    RSTN_IBUF
    SLICE_X16Y48         LUT1 (Prop_lut1_I0_O)        0.124     6.754 r  EX_MEM_WB_MUX[1]_i_1/O
                         net (fo=398, routed)         6.114    12.869    RST
    SLICE_X31Y114        FDRE                                         r  EX_MEM_ALU_RESULT_reg[6]_replica_3/R
  -------------------------------------------------------------------    -------------------

                         (clock sys_clk_pin rise edge)
                                                      0.000     0.000 r  
    E3                                                0.000     0.000 r  CLK (IN)
                         net (fo=0)                   0.000     0.000    CLK
    E3                   IBUF (Prop_ibuf_I_O)         1.411     1.411 r  CLK_IBUF_inst/O
                         net (fo=1, routed)           1.920     3.331    CLK_IBUF
    BUFGCTRL_X0Y16       BUFG (Prop_bufg_I_O)         0.091     3.422 r  CLK_IBUF_BUFG_inst/O
                         net (fo=17145, routed)       1.499     4.921    CLK_IBUF_BUFG
    SLICE_X31Y114        FDRE                                         r  EX_MEM_ALU_RESULT_reg[6]_replica_3/C

Slack:                    inf
  Source:                 RSTN
                            (input port)
  Destination:            EX_MEM_ALU_RESULT_reg[8]_replica_7/R
                            (rising edge-triggered cell FDRE clocked by sys_clk_pin  {rise@0.000ns fall@10.000ns period=12.000ns})
  Path Group:             (none)
  Path Type:              Setup (Max at Slow Process Corner)
  Data Path Delay:        12.763ns  (logic 1.631ns (12.779%)  route 11.132ns (87.221%))
  Logic Levels:           2  (IBUF=1 LUT1=1)
  Clock Path Skew:        4.916ns (DCD - SCD + CPR)
    Destination Clock Delay (DCD):    4.916ns
    Source Clock Delay      (SCD):    0.000ns
    Clock Pessimism Removal (CPR):    0.000ns
  Clock Uncertainty:      0.025ns  ((TSJ^2 + TIJ^2)^1/2 + DJ) / 2 + PE
    Total System Jitter     (TSJ):    0.050ns
    Total Input Jitter      (TIJ):    0.000ns
    Discrete Jitter          (DJ):    0.000ns
    Phase Error              (PE):    0.000ns

    Location             Delay type                Incr(ns)  Path(ns)    Netlist Resource(s)
  -------------------------------------------------------------------    -------------------
    C12                                               0.000     0.000 f  RSTN (IN)
                         net (fo=0)                   0.000     0.000    RSTN
    C12                  IBUF (Prop_ibuf_I_O)         1.507     1.507 f  RSTN_IBUF_inst/O
                         net (fo=4, routed)           5.123     6.630    RSTN_IBUF
    SLICE_X16Y48         LUT1 (Prop_lut1_I0_O)        0.124     6.754 r  EX_MEM_WB_MUX[1]_i_1/O
                         net (fo=398, routed)         6.009    12.763    RST
    SLICE_X61Y102        FDRE                                         r  EX_MEM_ALU_RESULT_reg[8]_replica_7/R
  -------------------------------------------------------------------    -------------------

                         (clock sys_clk_pin rise edge)
                                                      0.000     0.000 r  
    E3                                                0.000     0.000 r  CLK (IN)
                         net (fo=0)                   0.000     0.000    CLK
    E3                   IBUF (Prop_ibuf_I_O)         1.411     1.411 r  CLK_IBUF_inst/O
                         net (fo=1, routed)           1.920     3.331    CLK_IBUF
    BUFGCTRL_X0Y16       BUFG (Prop_bufg_I_O)         0.091     3.422 r  CLK_IBUF_BUFG_inst/O
                         net (fo=17145, routed)       1.494     4.916    CLK_IBUF_BUFG
    SLICE_X61Y102        FDRE                                         r  EX_MEM_ALU_RESULT_reg[8]_replica_7/C

Slack:                    inf
  Source:                 RSTN
                            (input port)
  Destination:            EX_MEM_ALU_RESULT_reg[6]_replica_5/R
                            (rising edge-triggered cell FDRE clocked by sys_clk_pin  {rise@0.000ns fall@10.000ns period=12.000ns})
  Path Group:             (none)
  Path Type:              Setup (Max at Slow Process Corner)
  Data Path Delay:        12.579ns  (logic 1.631ns (12.966%)  route 10.948ns (87.034%))
  Logic Levels:           2  (IBUF=1 LUT1=1)
  Clock Path Skew:        4.920ns (DCD - SCD + CPR)
    Destination Clock Delay (DCD):    4.920ns
    Source Clock Delay      (SCD):    0.000ns
    Clock Pessimism Removal (CPR):    0.000ns
  Clock Uncertainty:      0.025ns  ((TSJ^2 + TIJ^2)^1/2 + DJ) / 2 + PE
    Total System Jitter     (TSJ):    0.050ns
    Total Input Jitter      (TIJ):    0.000ns
    Discrete Jitter          (DJ):    0.000ns
    Phase Error              (PE):    0.000ns

    Location             Delay type                Incr(ns)  Path(ns)    Netlist Resource(s)
  -------------------------------------------------------------------    -------------------
    C12                                               0.000     0.000 f  RSTN (IN)
                         net (fo=0)                   0.000     0.000    RSTN
    C12                  IBUF (Prop_ibuf_I_O)         1.507     1.507 f  RSTN_IBUF_inst/O
                         net (fo=4, routed)           5.123     6.630    RSTN_IBUF
    SLICE_X16Y48         LUT1 (Prop_lut1_I0_O)        0.124     6.754 r  EX_MEM_WB_MUX[1]_i_1/O
                         net (fo=398, routed)         5.825    12.579    RST
    SLICE_X31Y115        FDRE                                         r  EX_MEM_ALU_RESULT_reg[6]_replica_5/R
  -------------------------------------------------------------------    -------------------

                         (clock sys_clk_pin rise edge)
                                                      0.000     0.000 r  
    E3                                                0.000     0.000 r  CLK (IN)
                         net (fo=0)                   0.000     0.000    CLK
    E3                   IBUF (Prop_ibuf_I_O)         1.411     1.411 r  CLK_IBUF_inst/O
                         net (fo=1, routed)           1.920     3.331    CLK_IBUF
    BUFGCTRL_X0Y16       BUFG (Prop_bufg_I_O)         0.091     3.422 r  CLK_IBUF_BUFG_inst/O
                         net (fo=17145, routed)       1.498     4.920    CLK_IBUF_BUFG
    SLICE_X31Y115        FDRE                                         r  EX_MEM_ALU_RESULT_reg[6]_replica_5/C

Slack:                    inf
  Source:                 RSTN
                            (input port)
  Destination:            EX_MEM_ALU_RESULT_reg[9]_replica/R
                            (rising edge-triggered cell FDRE clocked by sys_clk_pin  {rise@0.000ns fall@10.000ns period=12.000ns})
  Path Group:             (none)
  Path Type:              Setup (Max at Slow Process Corner)
  Data Path Delay:        12.520ns  (logic 1.631ns (13.027%)  route 10.889ns (86.973%))
  Logic Levels:           2  (IBUF=1 LUT1=1)
  Clock Path Skew:        5.006ns (DCD - SCD + CPR)
    Destination Clock Delay (DCD):    5.006ns
    Source Clock Delay      (SCD):    0.000ns
    Clock Pessimism Removal (CPR):    0.000ns
  Clock Uncertainty:      0.025ns  ((TSJ^2 + TIJ^2)^1/2 + DJ) / 2 + PE
    Total System Jitter     (TSJ):    0.050ns
    Total Input Jitter      (TIJ):    0.000ns
    Discrete Jitter          (DJ):    0.000ns
    Phase Error              (PE):    0.000ns

    Location             Delay type                Incr(ns)  Path(ns)    Netlist Resource(s)
  -------------------------------------------------------------------    -------------------
    C12                                               0.000     0.000 f  RSTN (IN)
                         net (fo=0)                   0.000     0.000    RSTN
    C12                  IBUF (Prop_ibuf_I_O)         1.507     1.507 f  RSTN_IBUF_inst/O
                         net (fo=4, routed)           5.123     6.630    RSTN_IBUF
    SLICE_X16Y48         LUT1 (Prop_lut1_I0_O)        0.124     6.754 r  EX_MEM_WB_MUX[1]_i_1/O
                         net (fo=398, routed)         5.766    12.520    RST
    SLICE_X72Y71         FDRE                                         r  EX_MEM_ALU_RESULT_reg[9]_replica/R
  -------------------------------------------------------------------    -------------------

                         (clock sys_clk_pin rise edge)
                                                      0.000     0.000 r  
    E3                                                0.000     0.000 r  CLK (IN)
                         net (fo=0)                   0.000     0.000    CLK
    E3                   IBUF (Prop_ibuf_I_O)         1.411     1.411 r  CLK_IBUF_inst/O
                         net (fo=1, routed)           1.920     3.331    CLK_IBUF
    BUFGCTRL_X0Y16       BUFG (Prop_bufg_I_O)         0.091     3.422 r  CLK_IBUF_BUFG_inst/O
                         net (fo=17145, routed)       1.583     5.006    CLK_IBUF_BUFG
    SLICE_X72Y71         FDRE                                         r  EX_MEM_ALU_RESULT_reg[9]_replica/C





Min Delay Paths
--------------------------------------------------------------------------------------
Slack:                    inf
  Source:                 daligner/iDATAO_reg[16]/G
                            (positive level-sensitive latch)
  Destination:            MEM_WB_MEM_DATA_reg[16]/D
                            (rising edge-triggered cell FDRE clocked by sys_clk_pin  {rise@0.000ns fall@10.000ns period=12.000ns})
  Path Group:             (none)
  Path Type:              Hold (Min at Fast Process Corner)
  Data Path Delay:        0.260ns  (logic 0.158ns (60.768%)  route 0.102ns (39.232%))
  Logic Levels:           1  (LDCE=1)
  Clock Uncertainty:      0.025ns  ((TSJ^2 + TIJ^2)^1/2 + DJ) / 2 + PE
    Total System Jitter     (TSJ):    0.050ns
    Total Input Jitter      (TIJ):    0.000ns
    Discrete Jitter          (DJ):    0.000ns
    Phase Error              (PE):    0.000ns

    Location             Delay type                Incr(ns)  Path(ns)    Netlist Resource(s)
  -------------------------------------------------------------------    -------------------
    SLICE_X17Y35         LDCE                         0.000     0.000 r  daligner/iDATAO_reg[16]/G
    SLICE_X17Y35         LDCE (EnToQ_ldce_G_Q)        0.158     0.158 r  daligner/iDATAO_reg[16]/Q
                         net (fo=1, routed)           0.102     0.260    MEM_DATAI[16]
    SLICE_X18Y35         FDRE                                         r  MEM_WB_MEM_DATA_reg[16]/D
  -------------------------------------------------------------------    -------------------

                         (clock sys_clk_pin rise edge)
                                                      0.000     0.000 r  
    E3                                                0.000     0.000 r  CLK (IN)
                         net (fo=0)                   0.000     0.000    CLK
    E3                   IBUF (Prop_ibuf_I_O)         0.438     0.438 r  CLK_IBUF_inst/O
                         net (fo=1, routed)           0.699     1.136    CLK_IBUF
    BUFGCTRL_X0Y16       BUFG (Prop_bufg_I_O)         0.029     1.165 r  CLK_IBUF_BUFG_inst/O
                         net (fo=17145, routed)       0.911     2.076    CLK_IBUF_BUFG
    SLICE_X18Y35         FDRE                                         r  MEM_WB_MEM_DATA_reg[16]/C

Slack:                    inf
  Source:                 daligner/iDATAO_reg[28]/G
                            (positive level-sensitive latch)
  Destination:            MEM_WB_MEM_DATA_reg[28]/D
                            (rising edge-triggered cell FDRE clocked by sys_clk_pin  {rise@0.000ns fall@10.000ns period=12.000ns})
  Path Group:             (none)
  Path Type:              Hold (Min at Fast Process Corner)
  Data Path Delay:        0.327ns  (logic 0.158ns (48.292%)  route 0.169ns (51.708%))
  Logic Levels:           1  (LDCE=1)
  Clock Uncertainty:      0.025ns  ((TSJ^2 + TIJ^2)^1/2 + DJ) / 2 + PE
    Total System Jitter     (TSJ):    0.050ns
    Total Input Jitter      (TIJ):    0.000ns
    Discrete Jitter          (DJ):    0.000ns
    Phase Error              (PE):    0.000ns

    Location             Delay type                Incr(ns)  Path(ns)    Netlist Resource(s)
  -------------------------------------------------------------------    -------------------
    SLICE_X11Y44         LDCE                         0.000     0.000 r  daligner/iDATAO_reg[28]/G
    SLICE_X11Y44         LDCE (EnToQ_ldce_G_Q)        0.158     0.158 r  daligner/iDATAO_reg[28]/Q
                         net (fo=1, routed)           0.169     0.327    MEM_DATAI[28]
    SLICE_X9Y44          FDRE                                         r  MEM_WB_MEM_DATA_reg[28]/D
  -------------------------------------------------------------------    -------------------

                         (clock sys_clk_pin rise edge)
                                                      0.000     0.000 r  
    E3                                                0.000     0.000 r  CLK (IN)
                         net (fo=0)                   0.000     0.000    CLK
    E3                   IBUF (Prop_ibuf_I_O)         0.438     0.438 r  CLK_IBUF_inst/O
                         net (fo=1, routed)           0.699     1.136    CLK_IBUF
    BUFGCTRL_X0Y16       BUFG (Prop_bufg_I_O)         0.029     1.165 r  CLK_IBUF_BUFG_inst/O
                         net (fo=17145, routed)       0.916     2.081    CLK_IBUF_BUFG
    SLICE_X9Y44          FDRE                                         r  MEM_WB_MEM_DATA_reg[28]/C

Slack:                    inf
  Source:                 daligner/iDATAO_reg[19]/G
                            (positive level-sensitive latch)
  Destination:            MEM_WB_MEM_DATA_reg[19]/D
                            (rising edge-triggered cell FDRE clocked by sys_clk_pin  {rise@0.000ns fall@10.000ns period=12.000ns})
  Path Group:             (none)
  Path Type:              Hold (Min at Fast Process Corner)
  Data Path Delay:        0.331ns  (logic 0.158ns (47.752%)  route 0.173ns (52.248%))
  Logic Levels:           1  (LDCE=1)
  Clock Uncertainty:      0.025ns  ((TSJ^2 + TIJ^2)^1/2 + DJ) / 2 + PE
    Total System Jitter     (TSJ):    0.050ns
    Total Input Jitter      (TIJ):    0.000ns
    Discrete Jitter          (DJ):    0.000ns
    Phase Error              (PE):    0.000ns

    Location             Delay type                Incr(ns)  Path(ns)    Netlist Resource(s)
  -------------------------------------------------------------------    -------------------
    SLICE_X15Y41         LDCE                         0.000     0.000 r  daligner/iDATAO_reg[19]/G
    SLICE_X15Y41         LDCE (EnToQ_ldce_G_Q)        0.158     0.158 r  daligner/iDATAO_reg[19]/Q
                         net (fo=1, routed)           0.173     0.331    MEM_DATAI[19]
    SLICE_X17Y40         FDRE                                         r  MEM_WB_MEM_DATA_reg[19]/D
  -------------------------------------------------------------------    -------------------

                         (clock sys_clk_pin rise edge)
                                                      0.000     0.000 r  
    E3                                                0.000     0.000 r  CLK (IN)
                         net (fo=0)                   0.000     0.000    CLK
    E3                   IBUF (Prop_ibuf_I_O)         0.438     0.438 r  CLK_IBUF_inst/O
                         net (fo=1, routed)           0.699     1.136    CLK_IBUF
    BUFGCTRL_X0Y16       BUFG (Prop_bufg_I_O)         0.029     1.165 r  CLK_IBUF_BUFG_inst/O
                         net (fo=17145, routed)       0.915     2.080    CLK_IBUF_BUFG
    SLICE_X17Y40         FDRE                                         r  MEM_WB_MEM_DATA_reg[19]/C

Slack:                    inf
  Source:                 daligner/iDATAO_reg[13]/G
                            (positive level-sensitive latch)
  Destination:            MEM_WB_MEM_DATA_reg[13]/D
                            (rising edge-triggered cell FDRE clocked by sys_clk_pin  {rise@0.000ns fall@10.000ns period=12.000ns})
  Path Group:             (none)
  Path Type:              Hold (Min at Fast Process Corner)
  Data Path Delay:        0.333ns  (logic 0.158ns (47.491%)  route 0.175ns (52.509%))
  Logic Levels:           1  (LDCE=1)
  Clock Uncertainty:      0.025ns  ((TSJ^2 + TIJ^2)^1/2 + DJ) / 2 + PE
    Total System Jitter     (TSJ):    0.050ns
    Total Input Jitter      (TIJ):    0.000ns
    Discrete Jitter          (DJ):    0.000ns
    Phase Error              (PE):    0.000ns

    Location             Delay type                Incr(ns)  Path(ns)    Netlist Resource(s)
  -------------------------------------------------------------------    -------------------
    SLICE_X21Y37         LDCE                         0.000     0.000 r  daligner/iDATAO_reg[13]/G
    SLICE_X21Y37         LDCE (EnToQ_ldce_G_Q)        0.158     0.158 r  daligner/iDATAO_reg[13]/Q
                         net (fo=1, routed)           0.175     0.333    MEM_DATAI[13]
    SLICE_X20Y37         FDRE                                         r  MEM_WB_MEM_DATA_reg[13]/D
  -------------------------------------------------------------------    -------------------

                         (clock sys_clk_pin rise edge)
                                                      0.000     0.000 r  
    E3                                                0.000     0.000 r  CLK (IN)
                         net (fo=0)                   0.000     0.000    CLK
    E3                   IBUF (Prop_ibuf_I_O)         0.438     0.438 r  CLK_IBUF_inst/O
                         net (fo=1, routed)           0.699     1.136    CLK_IBUF
    BUFGCTRL_X0Y16       BUFG (Prop_bufg_I_O)         0.029     1.165 r  CLK_IBUF_BUFG_inst/O
                         net (fo=17145, routed)       0.912     2.077    CLK_IBUF_BUFG
    SLICE_X20Y37         FDRE                                         r  MEM_WB_MEM_DATA_reg[13]/C

Slack:                    inf
  Source:                 daligner/iDATAO_reg[5]/G
                            (positive level-sensitive latch)
  Destination:            MEM_WB_MEM_DATA_reg[5]/D
                            (rising edge-triggered cell FDRE clocked by sys_clk_pin  {rise@0.000ns fall@10.000ns period=12.000ns})
  Path Group:             (none)
  Path Type:              Hold (Min at Fast Process Corner)
  Data Path Delay:        0.365ns  (logic 0.158ns (43.286%)  route 0.207ns (56.714%))
  Logic Levels:           1  (LDCE=1)
  Clock Uncertainty:      0.025ns  ((TSJ^2 + TIJ^2)^1/2 + DJ) / 2 + PE
    Total System Jitter     (TSJ):    0.050ns
    Total Input Jitter      (TIJ):    0.000ns
    Discrete Jitter          (DJ):    0.000ns
    Phase Error              (PE):    0.000ns

    Location             Delay type                Incr(ns)  Path(ns)    Netlist Resource(s)
  -------------------------------------------------------------------    -------------------
    SLICE_X13Y38         LDCE                         0.000     0.000 r  daligner/iDATAO_reg[5]/G
    SLICE_X13Y38         LDCE (EnToQ_ldce_G_Q)        0.158     0.158 r  daligner/iDATAO_reg[5]/Q
                         net (fo=1, routed)           0.207     0.365    MEM_DATAI[5]
    SLICE_X19Y37         FDRE                                         r  MEM_WB_MEM_DATA_reg[5]/D
  -------------------------------------------------------------------    -------------------

                         (clock sys_clk_pin rise edge)
                                                      0.000     0.000 r  
    E3                                                0.000     0.000 r  CLK (IN)
                         net (fo=0)                   0.000     0.000    CLK
    E3                   IBUF (Prop_ibuf_I_O)         0.438     0.438 r  CLK_IBUF_inst/O
                         net (fo=1, routed)           0.699     1.136    CLK_IBUF
    BUFGCTRL_X0Y16       BUFG (Prop_bufg_I_O)         0.029     1.165 r  CLK_IBUF_BUFG_inst/O
                         net (fo=17145, routed)       0.912     2.077    CLK_IBUF_BUFG
    SLICE_X19Y37         FDRE                                         r  MEM_WB_MEM_DATA_reg[5]/C

Slack:                    inf
  Source:                 daligner/iDATAO_reg[10]/G
                            (positive level-sensitive latch)
  Destination:            MEM_WB_MEM_DATA_reg[10]/D
                            (rising edge-triggered cell FDRE clocked by sys_clk_pin  {rise@0.000ns fall@10.000ns period=12.000ns})
  Path Group:             (none)
  Path Type:              Hold (Min at Fast Process Corner)
  Data Path Delay:        0.368ns  (logic 0.158ns (42.982%)  route 0.210ns (57.018%))
  Logic Levels:           1  (LDCE=1)
  Clock Uncertainty:      0.025ns  ((TSJ^2 + TIJ^2)^1/2 + DJ) / 2 + PE
    Total System Jitter     (TSJ):    0.050ns
    Total Input Jitter      (TIJ):    0.000ns
    Discrete Jitter          (DJ):    0.000ns
    Phase Error              (PE):    0.000ns

    Location             Delay type                Incr(ns)  Path(ns)    Netlist Resource(s)
  -------------------------------------------------------------------    -------------------
    SLICE_X11Y36         LDCE                         0.000     0.000 r  daligner/iDATAO_reg[10]/G
    SLICE_X11Y36         LDCE (EnToQ_ldce_G_Q)        0.158     0.158 r  daligner/iDATAO_reg[10]/Q
                         net (fo=1, routed)           0.210     0.368    MEM_DATAI[10]
    SLICE_X20Y36         FDRE                                         r  MEM_WB_MEM_DATA_reg[10]/D
  -------------------------------------------------------------------    -------------------

                         (clock sys_clk_pin rise edge)
                                                      0.000     0.000 r  
    E3                                                0.000     0.000 r  CLK (IN)
                         net (fo=0)                   0.000     0.000    CLK
    E3                   IBUF (Prop_ibuf_I_O)         0.438     0.438 r  CLK_IBUF_inst/O
                         net (fo=1, routed)           0.699     1.136    CLK_IBUF
    BUFGCTRL_X0Y16       BUFG (Prop_bufg_I_O)         0.029     1.165 r  CLK_IBUF_BUFG_inst/O
                         net (fo=17145, routed)       0.911     2.076    CLK_IBUF_BUFG
    SLICE_X20Y36         FDRE                                         r  MEM_WB_MEM_DATA_reg[10]/C

Slack:                    inf
  Source:                 daligner/iDATAO_reg[0]/G
                            (positive level-sensitive latch)
  Destination:            MEM_WB_MEM_DATA_reg[0]/D
                            (rising edge-triggered cell FDRE clocked by sys_clk_pin  {rise@0.000ns fall@10.000ns period=12.000ns})
  Path Group:             (none)
  Path Type:              Hold (Min at Fast Process Corner)
  Data Path Delay:        0.375ns  (logic 0.158ns (42.146%)  route 0.217ns (57.854%))
  Logic Levels:           1  (LDCE=1)
  Clock Uncertainty:      0.025ns  ((TSJ^2 + TIJ^2)^1/2 + DJ) / 2 + PE
    Total System Jitter     (TSJ):    0.050ns
    Total Input Jitter      (TIJ):    0.000ns
    Discrete Jitter          (DJ):    0.000ns
    Phase Error              (PE):    0.000ns

    Location             Delay type                Incr(ns)  Path(ns)    Netlist Resource(s)
  -------------------------------------------------------------------    -------------------
    SLICE_X15Y38         LDCE                         0.000     0.000 r  daligner/iDATAO_reg[0]/G
    SLICE_X15Y38         LDCE (EnToQ_ldce_G_Q)        0.158     0.158 r  daligner/iDATAO_reg[0]/Q
                         net (fo=1, routed)           0.217     0.375    MEM_DATAI[0]
    SLICE_X21Y38         FDRE                                         r  MEM_WB_MEM_DATA_reg[0]/D
  -------------------------------------------------------------------    -------------------

                         (clock sys_clk_pin rise edge)
                                                      0.000     0.000 r  
    E3                                                0.000     0.000 r  CLK (IN)
                         net (fo=0)                   0.000     0.000    CLK
    E3                   IBUF (Prop_ibuf_I_O)         0.438     0.438 r  CLK_IBUF_inst/O
                         net (fo=1, routed)           0.699     1.136    CLK_IBUF
    BUFGCTRL_X0Y16       BUFG (Prop_bufg_I_O)         0.029     1.165 r  CLK_IBUF_BUFG_inst/O
                         net (fo=17145, routed)       0.914     2.079    CLK_IBUF_BUFG
    SLICE_X21Y38         FDRE                                         r  MEM_WB_MEM_DATA_reg[0]/C

Slack:                    inf
  Source:                 daligner/iDATAO_reg[8]/G
                            (positive level-sensitive latch)
  Destination:            MEM_WB_MEM_DATA_reg[8]/D
                            (rising edge-triggered cell FDRE clocked by sys_clk_pin  {rise@0.000ns fall@10.000ns period=12.000ns})
  Path Group:             (none)
  Path Type:              Hold (Min at Fast Process Corner)
  Data Path Delay:        0.379ns  (logic 0.158ns (41.719%)  route 0.221ns (58.281%))
  Logic Levels:           1  (LDCE=1)
  Clock Uncertainty:      0.025ns  ((TSJ^2 + TIJ^2)^1/2 + DJ) / 2 + PE
    Total System Jitter     (TSJ):    0.050ns
    Total Input Jitter      (TIJ):    0.000ns
    Discrete Jitter          (DJ):    0.000ns
    Phase Error              (PE):    0.000ns

    Location             Delay type                Incr(ns)  Path(ns)    Netlist Resource(s)
  -------------------------------------------------------------------    -------------------
    SLICE_X16Y35         LDCE                         0.000     0.000 r  daligner/iDATAO_reg[8]/G
    SLICE_X16Y35         LDCE (EnToQ_ldce_G_Q)        0.158     0.158 r  daligner/iDATAO_reg[8]/Q
                         net (fo=1, routed)           0.221     0.379    MEM_DATAI[8]
    SLICE_X19Y35         FDRE                                         r  MEM_WB_MEM_DATA_reg[8]/D
  -------------------------------------------------------------------    -------------------

                         (clock sys_clk_pin rise edge)
                                                      0.000     0.000 r  
    E3                                                0.000     0.000 r  CLK (IN)
                         net (fo=0)                   0.000     0.000    CLK
    E3                   IBUF (Prop_ibuf_I_O)         0.438     0.438 r  CLK_IBUF_inst/O
                         net (fo=1, routed)           0.699     1.136    CLK_IBUF
    BUFGCTRL_X0Y16       BUFG (Prop_bufg_I_O)         0.029     1.165 r  CLK_IBUF_BUFG_inst/O
                         net (fo=17145, routed)       0.911     2.076    CLK_IBUF_BUFG
    SLICE_X19Y35         FDRE                                         r  MEM_WB_MEM_DATA_reg[8]/C

Slack:                    inf
  Source:                 daligner/iDATAO_reg[26]/G
                            (positive level-sensitive latch)
  Destination:            MEM_WB_MEM_DATA_reg[26]/D
                            (rising edge-triggered cell FDRE clocked by sys_clk_pin  {rise@0.000ns fall@10.000ns period=12.000ns})
  Path Group:             (none)
  Path Type:              Hold (Min at Fast Process Corner)
  Data Path Delay:        0.390ns  (logic 0.158ns (40.539%)  route 0.232ns (59.461%))
  Logic Levels:           1  (LDCE=1)
  Clock Uncertainty:      0.025ns  ((TSJ^2 + TIJ^2)^1/2 + DJ) / 2 + PE
    Total System Jitter     (TSJ):    0.050ns
    Total Input Jitter      (TIJ):    0.000ns
    Discrete Jitter          (DJ):    0.000ns
    Phase Error              (PE):    0.000ns

    Location             Delay type                Incr(ns)  Path(ns)    Netlist Resource(s)
  -------------------------------------------------------------------    -------------------
    SLICE_X11Y41         LDCE                         0.000     0.000 r  daligner/iDATAO_reg[26]/G
    SLICE_X11Y41         LDCE (EnToQ_ldce_G_Q)        0.158     0.158 r  daligner/iDATAO_reg[26]/Q
                         net (fo=1, routed)           0.232     0.390    MEM_DATAI[26]
    SLICE_X15Y40         FDRE                                         r  MEM_WB_MEM_DATA_reg[26]/D
  -------------------------------------------------------------------    -------------------

                         (clock sys_clk_pin rise edge)
                                                      0.000     0.000 r  
    E3                                                0.000     0.000 r  CLK (IN)
                         net (fo=0)                   0.000     0.000    CLK
    E3                   IBUF (Prop_ibuf_I_O)         0.438     0.438 r  CLK_IBUF_inst/O
                         net (fo=1, routed)           0.699     1.136    CLK_IBUF
    BUFGCTRL_X0Y16       BUFG (Prop_bufg_I_O)         0.029     1.165 r  CLK_IBUF_BUFG_inst/O
                         net (fo=17145, routed)       0.915     2.080    CLK_IBUF_BUFG
    SLICE_X15Y40         FDRE                                         r  MEM_WB_MEM_DATA_reg[26]/C

Slack:                    inf
  Source:                 daligner/iDATAO_reg[29]/G
                            (positive level-sensitive latch)
  Destination:            MEM_WB_MEM_DATA_reg[29]/D
                            (rising edge-triggered cell FDRE clocked by sys_clk_pin  {rise@0.000ns fall@10.000ns period=12.000ns})
  Path Group:             (none)
  Path Type:              Hold (Min at Fast Process Corner)
  Data Path Delay:        0.407ns  (logic 0.158ns (38.834%)  route 0.249ns (61.166%))
  Logic Levels:           1  (LDCE=1)
  Clock Uncertainty:      0.025ns  ((TSJ^2 + TIJ^2)^1/2 + DJ) / 2 + PE
    Total System Jitter     (TSJ):    0.050ns
    Total Input Jitter      (TIJ):    0.000ns
    Discrete Jitter          (DJ):    0.000ns
    Phase Error              (PE):    0.000ns

    Location             Delay type                Incr(ns)  Path(ns)    Netlist Resource(s)
  -------------------------------------------------------------------    -------------------
    SLICE_X4Y41          LDCE                         0.000     0.000 r  daligner/iDATAO_reg[29]/G
    SLICE_X4Y41          LDCE (EnToQ_ldce_G_Q)        0.158     0.158 r  daligner/iDATAO_reg[29]/Q
                         net (fo=1, routed)           0.249     0.407    MEM_DATAI[29]
    SLICE_X9Y41          FDRE                                         r  MEM_WB_MEM_DATA_reg[29]/D
  -------------------------------------------------------------------    -------------------

                         (clock sys_clk_pin rise edge)
                                                      0.000     0.000 r  
    E3                                                0.000     0.000 r  CLK (IN)
                         net (fo=0)                   0.000     0.000    CLK
    E3                   IBUF (Prop_ibuf_I_O)         0.438     0.438 r  CLK_IBUF_inst/O
                         net (fo=1, routed)           0.699     1.136    CLK_IBUF
    BUFGCTRL_X0Y16       BUFG (Prop_bufg_I_O)         0.029     1.165 r  CLK_IBUF_BUFG_inst/O
                         net (fo=17145, routed)       0.915     2.080    CLK_IBUF_BUFG
    SLICE_X9Y41          FDRE                                         r  MEM_WB_MEM_DATA_reg[29]/C





