Copyright 1986-2022 Xilinx, Inc. All Rights Reserved.
------------------------------------------------------------------------------------------------------------------------------------------------------------------------------------------------------------
| Tool Version : Vivado v.2022.2 (lin64) Build 3671981 Fri Oct 14 04:59:54 MDT 2022
| Date         : Thu May 21 18:17:28 2026
| Host         : st145 running 64-bit Ubuntu 22.04.1 LTS
| Command      : report_timing_summary -max_paths 10 -report_unconstrained -file riscv_timing_summary_routed.rpt -pb riscv_timing_summary_routed.pb -rpx riscv_timing_summary_routed.rpx -warn_on_violation
| Design       : riscv
| Device       : 7a100t-csg324
| Speed File   : -1  PRODUCTION 1.23 2018-06-13
------------------------------------------------------------------------------------------------------------------------------------------------------------------------------------------------------------

Timing Summary Report

------------------------------------------------------------------------------------------------
| Timer Settings
| --------------
------------------------------------------------------------------------------------------------

  Enable Multi Corner Analysis               :  Yes
  Enable Pessimism Removal                   :  Yes
  Pessimism Removal Resolution               :  Nearest Common Node
  Enable Input Delay Default Clock           :  No
  Enable Preset / Clear Arcs                 :  No
  Disable Flight Delays                      :  No
  Ignore I/O Paths                           :  No
  Timing Early Launch at Borrowing Latches   :  No
  Borrow Time for Max Delay Exceptions       :  Yes
  Merge Timing Exceptions                    :  Yes

  Corner  Analyze    Analyze    
  Name    Max Paths  Min Paths  
  ------  ---------  ---------  
  Slow    Yes        Yes        
  Fast    Yes        Yes        


------------------------------------------------------------------------------------------------
| Report Methodology
| ------------------
------------------------------------------------------------------------------------------------

Rule       Severity  Description                                                Violations  
---------  --------  ---------------------------------------------------------  ----------  
SYNTH-5    Warning   Mapped onto distributed RAM because of timing constraints  256         
SYNTH-10   Warning   Wide multiplier                                            12          
TIMING-18  Warning   Missing input or output delay                              33          
TIMING-20  Warning   Non-clocked latch                                          32          
LATCH-1    Advisory  Existing latches in the design                             1           

Note: This report is based on the most recent report_methodology run and may not be up-to-date. Run report_methodology on the current design for the latest report.



check_timing report

Table of Contents
-----------------
1. checking no_clock (96)
2. checking constant_clock (0)
3. checking pulse_width_clock (0)
4. checking unconstrained_internal_endpoints (32)
5. checking no_input_delay (1)
6. checking no_output_delay (32)
7. checking multiple_clock (0)
8. checking generated_clocks (0)
9. checking loops (0)
10. checking partial_input_delay (0)
11. checking partial_output_delay (0)
12. checking latch_loops (0)

1. checking no_clock (96)
-------------------------
 There are 32 register/latch pins with no clock driven by root clock pin: EX_MEM_ALU_RESULT_reg[0]/Q (HIGH)

 There are 32 register/latch pins with no clock driven by root clock pin: EX_MEM_DMRE_reg[0]/Q (HIGH)

 There are 32 register/latch pins with no clock driven by root clock pin: EX_MEM_DMRE_reg[1]/Q (HIGH)


2. checking constant_clock (0)
------------------------------
 There are 0 register/latch pins with constant_clock.


3. checking pulse_width_clock (0)
---------------------------------
 There are 0 register/latch pins which need pulse_width check


4. checking unconstrained_internal_endpoints (32)
-------------------------------------------------
 There are 32 pins that are not constrained for maximum delay. (HIGH)

 There are 0 pins that are not constrained for maximum delay due to constant clock.


5. checking no_input_delay (1)
------------------------------
 There is 1 input port with no input delay specified. (HIGH)

 There are 0 input ports with no input delay but user has a false path constraint.


6. checking no_output_delay (32)
--------------------------------
 There are 32 ports with no output delay specified. (HIGH)

 There are 0 ports with no output delay but user has a false path constraint

 There are 0 ports with no output delay but with a timing clock defined on it or propagating through it


7. checking multiple_clock (0)
------------------------------
 There are 0 register/latch pins with multiple clocks.


8. checking generated_clocks (0)
--------------------------------
 There are 0 generated clocks that are not connected to a clock source.


9. checking loops (0)
---------------------
 There are 0 combinational loops in the design.


10. checking partial_input_delay (0)
------------------------------------
 There are 0 input ports with partial input delay specified.


11. checking partial_output_delay (0)
-------------------------------------
 There are 0 ports with partial output delay specified.


12. checking latch_loops (0)
----------------------------
 There are 0 combinational latch loops in the design through latch input



------------------------------------------------------------------------------------------------
| Design Timing Summary
| ---------------------
------------------------------------------------------------------------------------------------

    WNS(ns)      TNS(ns)  TNS Failing Endpoints  TNS Total Endpoints      WHS(ns)      THS(ns)  THS Failing Endpoints  THS Total Endpoints     WPWS(ns)     TPWS(ns)  TPWS Failing Endpoints  TPWS Total Endpoints  
    -------      -------  ---------------------  -------------------      -------      -------  ---------------------  -------------------     --------     --------  ----------------------  --------------------  
      0.140        0.000                      0                12256        0.048        0.000                      0                12256        0.750        0.000                       0                  1738  


All user specified timing constraints are met.


------------------------------------------------------------------------------------------------
| Clock Summary
| -------------
------------------------------------------------------------------------------------------------

Clock        Waveform(ns)       Period(ns)      Frequency(MHz)
-----        ------------       ----------      --------------
sys_clk_pin  {0.000 10.000}     12.000          83.333          


------------------------------------------------------------------------------------------------
| Intra Clock Table
| -----------------
------------------------------------------------------------------------------------------------

Clock             WNS(ns)      TNS(ns)  TNS Failing Endpoints  TNS Total Endpoints      WHS(ns)      THS(ns)  THS Failing Endpoints  THS Total Endpoints     WPWS(ns)     TPWS(ns)  TPWS Failing Endpoints  TPWS Total Endpoints  
-----             -------      -------  ---------------------  -------------------      -------      -------  ---------------------  -------------------     --------     --------  ----------------------  --------------------  
sys_clk_pin         0.140        0.000                      0                12256        0.048        0.000                      0                12256        0.750        0.000                       0                  1738  


------------------------------------------------------------------------------------------------
| Inter Clock Table
| -----------------
------------------------------------------------------------------------------------------------

From Clock    To Clock          WNS(ns)      TNS(ns)  TNS Failing Endpoints  TNS Total Endpoints      WHS(ns)      THS(ns)  THS Failing Endpoints  THS Total Endpoints  
----------    --------          -------      -------  ---------------------  -------------------      -------      -------  ---------------------  -------------------  


------------------------------------------------------------------------------------------------
| Other Path Groups Table
| -----------------------
------------------------------------------------------------------------------------------------

Path Group    From Clock    To Clock          WNS(ns)      TNS(ns)  TNS Failing Endpoints  TNS Total Endpoints      WHS(ns)      THS(ns)  THS Failing Endpoints  THS Total Endpoints  
----------    ----------    --------          -------      -------  ---------------------  -------------------      -------      -------  ---------------------  -------------------  


------------------------------------------------------------------------------------------------
| User Ignored Path Table
| -----------------------
------------------------------------------------------------------------------------------------

Path Group    From Clock    To Clock    
----------    ----------    --------    


------------------------------------------------------------------------------------------------
| Unconstrained Path Table
| ------------------------
------------------------------------------------------------------------------------------------

Path Group    From Clock    To Clock    
----------    ----------    --------    
(none)        sys_clk_pin                 
(none)                      sys_clk_pin   


------------------------------------------------------------------------------------------------
| Timing Details
| --------------
------------------------------------------------------------------------------------------------


---------------------------------------------------------------------------------------------------
From Clock:  sys_clk_pin
  To Clock:  sys_clk_pin

Setup :            0  Failing Endpoints,  Worst Slack        0.140ns,  Total Violation        0.000ns
Hold  :            0  Failing Endpoints,  Worst Slack        0.048ns,  Total Violation        0.000ns
PW    :            0  Failing Endpoints,  Worst Slack        0.750ns,  Total Violation        0.000ns
---------------------------------------------------------------------------------------------------


Max Delay Paths
--------------------------------------------------------------------------------------
Slack (MET) :             0.140ns  (required time - arrival time)
  Source:                 EX_MEM_D_RD_reg[2]/C
                            (rising edge-triggered cell FDRE clocked by sys_clk_pin  {rise@0.000ns fall@10.000ns period=12.000ns})
  Destination:            ID_EX_RF_DATA1_reg[3]/R
                            (rising edge-triggered cell FDRE clocked by sys_clk_pin  {rise@0.000ns fall@10.000ns period=12.000ns})
  Path Group:             sys_clk_pin
  Path Type:              Setup (Max at Slow Process Corner)
  Requirement:            12.000ns  (sys_clk_pin rise@12.000ns - sys_clk_pin rise@0.000ns)
  Data Path Delay:        11.369ns  (logic 3.231ns (28.419%)  route 8.138ns (71.581%))
  Logic Levels:           15  (CARRY4=4 LUT2=2 LUT3=2 LUT4=1 LUT6=6)
  Clock Path Skew:        -0.026ns (DCD - SCD + CPR)
    Destination Clock Delay (DCD):    5.106ns = ( 17.106 - 12.000 ) 
    Source Clock Delay      (SCD):    5.418ns
    Clock Pessimism Removal (CPR):    0.285ns
  Clock Uncertainty:      0.035ns  ((TSJ^2 + TIJ^2)^1/2 + DJ) / 2 + PE
    Total System Jitter     (TSJ):    0.071ns
    Total Input Jitter      (TIJ):    0.000ns
    Discrete Jitter          (DJ):    0.000ns
    Phase Error              (PE):    0.000ns

    Location             Delay type                Incr(ns)  Path(ns)    Netlist Resource(s)
  -------------------------------------------------------------------    -------------------
                         (clock sys_clk_pin rise edge)
                                                      0.000     0.000 r  
    E3                                                0.000     0.000 r  CLK (IN)
                         net (fo=0)                   0.000     0.000    CLK
    E3                   IBUF (Prop_ibuf_I_O)         1.482     1.482 r  CLK_IBUF_inst/O
                         net (fo=1, routed)           2.025     3.506    CLK_IBUF
    BUFGCTRL_X0Y16       BUFG (Prop_bufg_I_O)         0.096     3.602 r  CLK_IBUF_BUFG_inst/O
                         net (fo=1749, routed)        1.815     5.418    CLK_IBUF_BUFG
    SLICE_X16Y37         FDRE                                         r  EX_MEM_D_RD_reg[2]/C
  -------------------------------------------------------------------    -------------------
    SLICE_X16Y37         FDRE (Prop_fdre_C_Q)         0.419     5.837 r  EX_MEM_D_RD_reg[2]/Q
                         net (fo=4, routed)           0.865     6.702    EX_MEM_D_RD[2]
    SLICE_X17Y38         LUT6 (Prop_lut6_I4_O)        0.299     7.001 r  MEM_MUL_UU_i_76/O
                         net (fo=1, routed)           0.404     7.405    MEM_MUL_UU_i_76_n_0
    SLICE_X17Y37         LUT6 (Prop_lut6_I4_O)        0.124     7.529 f  MEM_MUL_UU_i_68/O
                         net (fo=34, routed)          0.814     8.343    MEM_MUL_UU_i_68_n_0
    SLICE_X17Y37         LUT2 (Prop_lut2_I0_O)        0.124     8.467 f  MEM_MUL_UU_i_33/O
                         net (fo=32, routed)          0.798     9.264    MEM_MUL_UU_i_33_n_0
    SLICE_X20Y39         LUT6 (Prop_lut6_I2_O)        0.124     9.388 r  MEM_MUL_UU__1_i_8/O
                         net (fo=14, routed)          0.840    10.228    MEM_MUL_UU__1_i_8_n_0
    SLICE_X19Y41         LUT2 (Prop_lut2_I0_O)        0.124    10.352 r  EX_MEM_ALU_RESULT[11]_i_9/O
                         net (fo=1, routed)           0.000    10.352    EX_MEM_ALU_RESULT[11]_i_9_n_0
    SLICE_X19Y41         CARRY4 (Prop_carry4_S[1]_CO[3])
                                                      0.550    10.902 r  EX_MEM_ALU_RESULT_reg[11]_i_5/CO[3]
                         net (fo=1, routed)           0.000    10.902    EX_MEM_ALU_RESULT_reg[11]_i_5_n_0
    SLICE_X19Y42         CARRY4 (Prop_carry4_CI_CO[3])
                                                      0.114    11.016 r  EX_MEM_ALU_RESULT_reg[15]_i_5/CO[3]
                         net (fo=1, routed)           0.000    11.016    EX_MEM_ALU_RESULT_reg[15]_i_5_n_0
    SLICE_X19Y43         CARRY4 (Prop_carry4_CI_CO[3])
                                                      0.114    11.130 r  EX_MEM_ALU_RESULT_reg[19]_i_6/CO[3]
                         net (fo=1, routed)           0.000    11.130    EX_MEM_ALU_RESULT_reg[19]_i_6_n_0
    SLICE_X19Y44         CARRY4 (Prop_carry4_CI_O[3])
                                                      0.313    11.443 r  EX_MEM_ALU_RESULT_reg[23]_i_6/O[3]
                         net (fo=2, routed)           0.830    12.273    EX_MEM_ALU_RESULT_reg[23]_i_6_n_4
    SLICE_X20Y45         LUT4 (Prop_lut4_I0_O)        0.306    12.579 r  IF_ID_IR[31]_i_40/O
                         net (fo=1, routed)           0.929    13.508    IF_ID_IR[31]_i_40_n_0
    SLICE_X23Y44         LUT6 (Prop_lut6_I0_O)        0.124    13.632 r  IF_ID_IR[31]_i_29/O
                         net (fo=3, routed)           0.578    14.210    IF_ID_IR[31]_i_29_n_0
    SLICE_X20Y42         LUT3 (Prop_lut3_I2_O)        0.124    14.334 r  IF_ID_IR[31]_i_20/O
                         net (fo=1, routed)           0.158    14.492    IF_ID_IR[31]_i_20_n_0
    SLICE_X20Y42         LUT6 (Prop_lut6_I0_O)        0.124    14.616 r  IF_ID_IR[31]_i_13/O
                         net (fo=2, routed)           0.421    15.037    IF_ID_IR[31]_i_13_n_0
    SLICE_X22Y42         LUT6 (Prop_lut6_I2_O)        0.124    15.161 r  IF_ID_IR[31]_i_4/O
                         net (fo=34, routed)          0.510    15.671    IF_ID_IR[31]_i_4_n_0
    SLICE_X20Y41         LUT3 (Prop_lut3_I1_O)        0.124    15.795 r  ID_EX_IS_MUL_i_1/O
                         net (fo=188, routed)         0.992    16.787    ID_EX_PC0
    SLICE_X18Y36         FDRE                                         r  ID_EX_RF_DATA1_reg[3]/R
  -------------------------------------------------------------------    -------------------

                         (clock sys_clk_pin rise edge)
                                                     12.000    12.000 r  
    E3                                                0.000    12.000 r  CLK (IN)
                         net (fo=0)                   0.000    12.000    CLK
    E3                   IBUF (Prop_ibuf_I_O)         1.411    13.411 r  CLK_IBUF_inst/O
                         net (fo=1, routed)           1.920    15.331    CLK_IBUF
    BUFGCTRL_X0Y16       BUFG (Prop_bufg_I_O)         0.091    15.422 r  CLK_IBUF_BUFG_inst/O
                         net (fo=1749, routed)        1.684    17.106    CLK_IBUF_BUFG
    SLICE_X18Y36         FDRE                                         r  ID_EX_RF_DATA1_reg[3]/C
                         clock pessimism              0.285    17.392    
                         clock uncertainty           -0.035    17.356    
    SLICE_X18Y36         FDRE (Setup_fdre_C_R)       -0.429    16.927    ID_EX_RF_DATA1_reg[3]
  -------------------------------------------------------------------
                         required time                         16.927    
                         arrival time                         -16.787    
  -------------------------------------------------------------------
                         slack                                  0.140    

Slack (MET) :             0.140ns  (required time - arrival time)
  Source:                 EX_MEM_D_RD_reg[2]/C
                            (rising edge-triggered cell FDRE clocked by sys_clk_pin  {rise@0.000ns fall@10.000ns period=12.000ns})
  Destination:            ID_EX_RF_DATA1_reg[8]/R
                            (rising edge-triggered cell FDRE clocked by sys_clk_pin  {rise@0.000ns fall@10.000ns period=12.000ns})
  Path Group:             sys_clk_pin
  Path Type:              Setup (Max at Slow Process Corner)
  Requirement:            12.000ns  (sys_clk_pin rise@12.000ns - sys_clk_pin rise@0.000ns)
  Data Path Delay:        11.369ns  (logic 3.231ns (28.419%)  route 8.138ns (71.581%))
  Logic Levels:           15  (CARRY4=4 LUT2=2 LUT3=2 LUT4=1 LUT6=6)
  Clock Path Skew:        -0.026ns (DCD - SCD + CPR)
    Destination Clock Delay (DCD):    5.106ns = ( 17.106 - 12.000 ) 
    Source Clock Delay      (SCD):    5.418ns
    Clock Pessimism Removal (CPR):    0.285ns
  Clock Uncertainty:      0.035ns  ((TSJ^2 + TIJ^2)^1/2 + DJ) / 2 + PE
    Total System Jitter     (TSJ):    0.071ns
    Total Input Jitter      (TIJ):    0.000ns
    Discrete Jitter          (DJ):    0.000ns
    Phase Error              (PE):    0.000ns

    Location             Delay type                Incr(ns)  Path(ns)    Netlist Resource(s)
  -------------------------------------------------------------------    -------------------
                         (clock sys_clk_pin rise edge)
                                                      0.000     0.000 r  
    E3                                                0.000     0.000 r  CLK (IN)
                         net (fo=0)                   0.000     0.000    CLK
    E3                   IBUF (Prop_ibuf_I_O)         1.482     1.482 r  CLK_IBUF_inst/O
                         net (fo=1, routed)           2.025     3.506    CLK_IBUF
    BUFGCTRL_X0Y16       BUFG (Prop_bufg_I_O)         0.096     3.602 r  CLK_IBUF_BUFG_inst/O
                         net (fo=1749, routed)        1.815     5.418    CLK_IBUF_BUFG
    SLICE_X16Y37         FDRE                                         r  EX_MEM_D_RD_reg[2]/C
  -------------------------------------------------------------------    -------------------
    SLICE_X16Y37         FDRE (Prop_fdre_C_Q)         0.419     5.837 r  EX_MEM_D_RD_reg[2]/Q
                         net (fo=4, routed)           0.865     6.702    EX_MEM_D_RD[2]
    SLICE_X17Y38         LUT6 (Prop_lut6_I4_O)        0.299     7.001 r  MEM_MUL_UU_i_76/O
                         net (fo=1, routed)           0.404     7.405    MEM_MUL_UU_i_76_n_0
    SLICE_X17Y37         LUT6 (Prop_lut6_I4_O)        0.124     7.529 f  MEM_MUL_UU_i_68/O
                         net (fo=34, routed)          0.814     8.343    MEM_MUL_UU_i_68_n_0
    SLICE_X17Y37         LUT2 (Prop_lut2_I0_O)        0.124     8.467 f  MEM_MUL_UU_i_33/O
                         net (fo=32, routed)          0.798     9.264    MEM_MUL_UU_i_33_n_0
    SLICE_X20Y39         LUT6 (Prop_lut6_I2_O)        0.124     9.388 r  MEM_MUL_UU__1_i_8/O
                         net (fo=14, routed)          0.840    10.228    MEM_MUL_UU__1_i_8_n_0
    SLICE_X19Y41         LUT2 (Prop_lut2_I0_O)        0.124    10.352 r  EX_MEM_ALU_RESULT[11]_i_9/O
                         net (fo=1, routed)           0.000    10.352    EX_MEM_ALU_RESULT[11]_i_9_n_0
    SLICE_X19Y41         CARRY4 (Prop_carry4_S[1]_CO[3])
                                                      0.550    10.902 r  EX_MEM_ALU_RESULT_reg[11]_i_5/CO[3]
                         net (fo=1, routed)           0.000    10.902    EX_MEM_ALU_RESULT_reg[11]_i_5_n_0
    SLICE_X19Y42         CARRY4 (Prop_carry4_CI_CO[3])
                                                      0.114    11.016 r  EX_MEM_ALU_RESULT_reg[15]_i_5/CO[3]
                         net (fo=1, routed)           0.000    11.016    EX_MEM_ALU_RESULT_reg[15]_i_5_n_0
    SLICE_X19Y43         CARRY4 (Prop_carry4_CI_CO[3])
                                                      0.114    11.130 r  EX_MEM_ALU_RESULT_reg[19]_i_6/CO[3]
                         net (fo=1, routed)           0.000    11.130    EX_MEM_ALU_RESULT_reg[19]_i_6_n_0
    SLICE_X19Y44         CARRY4 (Prop_carry4_CI_O[3])
                                                      0.313    11.443 r  EX_MEM_ALU_RESULT_reg[23]_i_6/O[3]
                         net (fo=2, routed)           0.830    12.273    EX_MEM_ALU_RESULT_reg[23]_i_6_n_4
    SLICE_X20Y45         LUT4 (Prop_lut4_I0_O)        0.306    12.579 r  IF_ID_IR[31]_i_40/O
                         net (fo=1, routed)           0.929    13.508    IF_ID_IR[31]_i_40_n_0
    SLICE_X23Y44         LUT6 (Prop_lut6_I0_O)        0.124    13.632 r  IF_ID_IR[31]_i_29/O
                         net (fo=3, routed)           0.578    14.210    IF_ID_IR[31]_i_29_n_0
    SLICE_X20Y42         LUT3 (Prop_lut3_I2_O)        0.124    14.334 r  IF_ID_IR[31]_i_20/O
                         net (fo=1, routed)           0.158    14.492    IF_ID_IR[31]_i_20_n_0
    SLICE_X20Y42         LUT6 (Prop_lut6_I0_O)        0.124    14.616 r  IF_ID_IR[31]_i_13/O
                         net (fo=2, routed)           0.421    15.037    IF_ID_IR[31]_i_13_n_0
    SLICE_X22Y42         LUT6 (Prop_lut6_I2_O)        0.124    15.161 r  IF_ID_IR[31]_i_4/O
                         net (fo=34, routed)          0.510    15.671    IF_ID_IR[31]_i_4_n_0
    SLICE_X20Y41         LUT3 (Prop_lut3_I1_O)        0.124    15.795 r  ID_EX_IS_MUL_i_1/O
                         net (fo=188, routed)         0.992    16.787    ID_EX_PC0
    SLICE_X18Y36         FDRE                                         r  ID_EX_RF_DATA1_reg[8]/R
  -------------------------------------------------------------------    -------------------

                         (clock sys_clk_pin rise edge)
                                                     12.000    12.000 r  
    E3                                                0.000    12.000 r  CLK (IN)
                         net (fo=0)                   0.000    12.000    CLK
    E3                   IBUF (Prop_ibuf_I_O)         1.411    13.411 r  CLK_IBUF_inst/O
                         net (fo=1, routed)           1.920    15.331    CLK_IBUF
    BUFGCTRL_X0Y16       BUFG (Prop_bufg_I_O)         0.091    15.422 r  CLK_IBUF_BUFG_inst/O
                         net (fo=1749, routed)        1.684    17.106    CLK_IBUF_BUFG
    SLICE_X18Y36         FDRE                                         r  ID_EX_RF_DATA1_reg[8]/C
                         clock pessimism              0.285    17.392    
                         clock uncertainty           -0.035    17.356    
    SLICE_X18Y36         FDRE (Setup_fdre_C_R)       -0.429    16.927    ID_EX_RF_DATA1_reg[8]
  -------------------------------------------------------------------
                         required time                         16.927    
                         arrival time                         -16.787    
  -------------------------------------------------------------------
                         slack                                  0.140    

Slack (MET) :             0.150ns  (required time - arrival time)
  Source:                 EX_MEM_D_RD_reg[2]/C
                            (rising edge-triggered cell FDRE clocked by sys_clk_pin  {rise@0.000ns fall@10.000ns period=12.000ns})
  Destination:            IF_ID_IR_reg[9]/R
                            (rising edge-triggered cell FDRE clocked by sys_clk_pin  {rise@0.000ns fall@10.000ns period=12.000ns})
  Path Group:             sys_clk_pin
  Path Type:              Setup (Max at Slow Process Corner)
  Requirement:            12.000ns  (sys_clk_pin rise@12.000ns - sys_clk_pin rise@0.000ns)
  Data Path Delay:        11.345ns  (logic 3.231ns (28.481%)  route 8.114ns (71.519%))
  Logic Levels:           15  (CARRY4=4 LUT2=3 LUT3=1 LUT4=1 LUT6=6)
  Clock Path Skew:        -0.041ns (DCD - SCD + CPR)
    Destination Clock Delay (DCD):    5.109ns = ( 17.109 - 12.000 ) 
    Source Clock Delay      (SCD):    5.418ns
    Clock Pessimism Removal (CPR):    0.267ns
  Clock Uncertainty:      0.035ns  ((TSJ^2 + TIJ^2)^1/2 + DJ) / 2 + PE
    Total System Jitter     (TSJ):    0.071ns
    Total Input Jitter      (TIJ):    0.000ns
    Discrete Jitter          (DJ):    0.000ns
    Phase Error              (PE):    0.000ns

    Location             Delay type                Incr(ns)  Path(ns)    Netlist Resource(s)
  -------------------------------------------------------------------    -------------------
                         (clock sys_clk_pin rise edge)
                                                      0.000     0.000 r  
    E3                                                0.000     0.000 r  CLK (IN)
                         net (fo=0)                   0.000     0.000    CLK
    E3                   IBUF (Prop_ibuf_I_O)         1.482     1.482 r  CLK_IBUF_inst/O
                         net (fo=1, routed)           2.025     3.506    CLK_IBUF
    BUFGCTRL_X0Y16       BUFG (Prop_bufg_I_O)         0.096     3.602 r  CLK_IBUF_BUFG_inst/O
                         net (fo=1749, routed)        1.815     5.418    CLK_IBUF_BUFG
    SLICE_X16Y37         FDRE                                         r  EX_MEM_D_RD_reg[2]/C
  -------------------------------------------------------------------    -------------------
    SLICE_X16Y37         FDRE (Prop_fdre_C_Q)         0.419     5.837 r  EX_MEM_D_RD_reg[2]/Q
                         net (fo=4, routed)           0.865     6.702    EX_MEM_D_RD[2]
    SLICE_X17Y38         LUT6 (Prop_lut6_I4_O)        0.299     7.001 r  MEM_MUL_UU_i_76/O
                         net (fo=1, routed)           0.404     7.405    MEM_MUL_UU_i_76_n_0
    SLICE_X17Y37         LUT6 (Prop_lut6_I4_O)        0.124     7.529 f  MEM_MUL_UU_i_68/O
                         net (fo=34, routed)          0.814     8.343    MEM_MUL_UU_i_68_n_0
    SLICE_X17Y37         LUT2 (Prop_lut2_I0_O)        0.124     8.467 f  MEM_MUL_UU_i_33/O
                         net (fo=32, routed)          0.798     9.264    MEM_MUL_UU_i_33_n_0
    SLICE_X20Y39         LUT6 (Prop_lut6_I2_O)        0.124     9.388 r  MEM_MUL_UU__1_i_8/O
                         net (fo=14, routed)          0.840    10.228    MEM_MUL_UU__1_i_8_n_0
    SLICE_X19Y41         LUT2 (Prop_lut2_I0_O)        0.124    10.352 r  EX_MEM_ALU_RESULT[11]_i_9/O
                         net (fo=1, routed)           0.000    10.352    EX_MEM_ALU_RESULT[11]_i_9_n_0
    SLICE_X19Y41         CARRY4 (Prop_carry4_S[1]_CO[3])
                                                      0.550    10.902 r  EX_MEM_ALU_RESULT_reg[11]_i_5/CO[3]
                         net (fo=1, routed)           0.000    10.902    EX_MEM_ALU_RESULT_reg[11]_i_5_n_0
    SLICE_X19Y42         CARRY4 (Prop_carry4_CI_CO[3])
                                                      0.114    11.016 r  EX_MEM_ALU_RESULT_reg[15]_i_5/CO[3]
                         net (fo=1, routed)           0.000    11.016    EX_MEM_ALU_RESULT_reg[15]_i_5_n_0
    SLICE_X19Y43         CARRY4 (Prop_carry4_CI_CO[3])
                                                      0.114    11.130 r  EX_MEM_ALU_RESULT_reg[19]_i_6/CO[3]
                         net (fo=1, routed)           0.000    11.130    EX_MEM_ALU_RESULT_reg[19]_i_6_n_0
    SLICE_X19Y44         CARRY4 (Prop_carry4_CI_O[3])
                                                      0.313    11.443 r  EX_MEM_ALU_RESULT_reg[23]_i_6/O[3]
                         net (fo=2, routed)           0.830    12.273    EX_MEM_ALU_RESULT_reg[23]_i_6_n_4
    SLICE_X20Y45         LUT4 (Prop_lut4_I0_O)        0.306    12.579 r  IF_ID_IR[31]_i_40/O
                         net (fo=1, routed)           0.929    13.508    IF_ID_IR[31]_i_40_n_0
    SLICE_X23Y44         LUT6 (Prop_lut6_I0_O)        0.124    13.632 r  IF_ID_IR[31]_i_29/O
                         net (fo=3, routed)           0.578    14.210    IF_ID_IR[31]_i_29_n_0
    SLICE_X20Y42         LUT3 (Prop_lut3_I2_O)        0.124    14.334 r  IF_ID_IR[31]_i_20/O
                         net (fo=1, routed)           0.158    14.492    IF_ID_IR[31]_i_20_n_0
    SLICE_X20Y42         LUT6 (Prop_lut6_I0_O)        0.124    14.616 r  IF_ID_IR[31]_i_13/O
                         net (fo=2, routed)           0.421    15.037    IF_ID_IR[31]_i_13_n_0
    SLICE_X22Y42         LUT6 (Prop_lut6_I2_O)        0.124    15.161 r  IF_ID_IR[31]_i_4/O
                         net (fo=34, routed)          0.516    15.677    IF_ID_IR[31]_i_4_n_0
    SLICE_X22Y44         LUT2 (Prop_lut2_I0_O)        0.124    15.801 r  IF_ID_IR[31]_i_1/O
                         net (fo=94, routed)          0.961    16.762    IF_ID_IR[31]_i_1_n_0
    SLICE_X24Y41         FDRE                                         r  IF_ID_IR_reg[9]/R
  -------------------------------------------------------------------    -------------------

                         (clock sys_clk_pin rise edge)
                                                     12.000    12.000 r  
    E3                                                0.000    12.000 r  CLK (IN)
                         net (fo=0)                   0.000    12.000    CLK
    E3                   IBUF (Prop_ibuf_I_O)         1.411    13.411 r  CLK_IBUF_inst/O
                         net (fo=1, routed)           1.920    15.331    CLK_IBUF
    BUFGCTRL_X0Y16       BUFG (Prop_bufg_I_O)         0.091    15.422 r  CLK_IBUF_BUFG_inst/O
                         net (fo=1749, routed)        1.687    17.109    CLK_IBUF_BUFG
    SLICE_X24Y41         FDRE                                         r  IF_ID_IR_reg[9]/C
                         clock pessimism              0.267    17.377    
                         clock uncertainty           -0.035    17.341    
    SLICE_X24Y41         FDRE (Setup_fdre_C_R)       -0.429    16.912    IF_ID_IR_reg[9]
  -------------------------------------------------------------------
                         required time                         16.912    
                         arrival time                         -16.762    
  -------------------------------------------------------------------
                         slack                                  0.150    

Slack (MET) :             0.158ns  (required time - arrival time)
  Source:                 EX_MEM_D_RD_reg[2]/C
                            (rising edge-triggered cell FDRE clocked by sys_clk_pin  {rise@0.000ns fall@10.000ns period=12.000ns})
  Destination:            IF_ID_PC4_reg[5]/R
                            (rising edge-triggered cell FDRE clocked by sys_clk_pin  {rise@0.000ns fall@10.000ns period=12.000ns})
  Path Group:             sys_clk_pin
  Path Type:              Setup (Max at Slow Process Corner)
  Requirement:            12.000ns  (sys_clk_pin rise@12.000ns - sys_clk_pin rise@0.000ns)
  Data Path Delay:        11.337ns  (logic 3.231ns (28.499%)  route 8.106ns (71.501%))
  Logic Levels:           15  (CARRY4=4 LUT2=3 LUT3=1 LUT4=1 LUT6=6)
  Clock Path Skew:        -0.041ns (DCD - SCD + CPR)
    Destination Clock Delay (DCD):    5.109ns = ( 17.109 - 12.000 ) 
    Source Clock Delay      (SCD):    5.418ns
    Clock Pessimism Removal (CPR):    0.267ns
  Clock Uncertainty:      0.035ns  ((TSJ^2 + TIJ^2)^1/2 + DJ) / 2 + PE
    Total System Jitter     (TSJ):    0.071ns
    Total Input Jitter      (TIJ):    0.000ns
    Discrete Jitter          (DJ):    0.000ns
    Phase Error              (PE):    0.000ns

    Location             Delay type                Incr(ns)  Path(ns)    Netlist Resource(s)
  -------------------------------------------------------------------    -------------------
                         (clock sys_clk_pin rise edge)
                                                      0.000     0.000 r  
    E3                                                0.000     0.000 r  CLK (IN)
                         net (fo=0)                   0.000     0.000    CLK
    E3                   IBUF (Prop_ibuf_I_O)         1.482     1.482 r  CLK_IBUF_inst/O
                         net (fo=1, routed)           2.025     3.506    CLK_IBUF
    BUFGCTRL_X0Y16       BUFG (Prop_bufg_I_O)         0.096     3.602 r  CLK_IBUF_BUFG_inst/O
                         net (fo=1749, routed)        1.815     5.418    CLK_IBUF_BUFG
    SLICE_X16Y37         FDRE                                         r  EX_MEM_D_RD_reg[2]/C
  -------------------------------------------------------------------    -------------------
    SLICE_X16Y37         FDRE (Prop_fdre_C_Q)         0.419     5.837 r  EX_MEM_D_RD_reg[2]/Q
                         net (fo=4, routed)           0.865     6.702    EX_MEM_D_RD[2]
    SLICE_X17Y38         LUT6 (Prop_lut6_I4_O)        0.299     7.001 r  MEM_MUL_UU_i_76/O
                         net (fo=1, routed)           0.404     7.405    MEM_MUL_UU_i_76_n_0
    SLICE_X17Y37         LUT6 (Prop_lut6_I4_O)        0.124     7.529 f  MEM_MUL_UU_i_68/O
                         net (fo=34, routed)          0.814     8.343    MEM_MUL_UU_i_68_n_0
    SLICE_X17Y37         LUT2 (Prop_lut2_I0_O)        0.124     8.467 f  MEM_MUL_UU_i_33/O
                         net (fo=32, routed)          0.798     9.264    MEM_MUL_UU_i_33_n_0
    SLICE_X20Y39         LUT6 (Prop_lut6_I2_O)        0.124     9.388 r  MEM_MUL_UU__1_i_8/O
                         net (fo=14, routed)          0.840    10.228    MEM_MUL_UU__1_i_8_n_0
    SLICE_X19Y41         LUT2 (Prop_lut2_I0_O)        0.124    10.352 r  EX_MEM_ALU_RESULT[11]_i_9/O
                         net (fo=1, routed)           0.000    10.352    EX_MEM_ALU_RESULT[11]_i_9_n_0
    SLICE_X19Y41         CARRY4 (Prop_carry4_S[1]_CO[3])
                                                      0.550    10.902 r  EX_MEM_ALU_RESULT_reg[11]_i_5/CO[3]
                         net (fo=1, routed)           0.000    10.902    EX_MEM_ALU_RESULT_reg[11]_i_5_n_0
    SLICE_X19Y42         CARRY4 (Prop_carry4_CI_CO[3])
                                                      0.114    11.016 r  EX_MEM_ALU_RESULT_reg[15]_i_5/CO[3]
                         net (fo=1, routed)           0.000    11.016    EX_MEM_ALU_RESULT_reg[15]_i_5_n_0
    SLICE_X19Y43         CARRY4 (Prop_carry4_CI_CO[3])
                                                      0.114    11.130 r  EX_MEM_ALU_RESULT_reg[19]_i_6/CO[3]
                         net (fo=1, routed)           0.000    11.130    EX_MEM_ALU_RESULT_reg[19]_i_6_n_0
    SLICE_X19Y44         CARRY4 (Prop_carry4_CI_O[3])
                                                      0.313    11.443 r  EX_MEM_ALU_RESULT_reg[23]_i_6/O[3]
                         net (fo=2, routed)           0.830    12.273    EX_MEM_ALU_RESULT_reg[23]_i_6_n_4
    SLICE_X20Y45         LUT4 (Prop_lut4_I0_O)        0.306    12.579 r  IF_ID_IR[31]_i_40/O
                         net (fo=1, routed)           0.929    13.508    IF_ID_IR[31]_i_40_n_0
    SLICE_X23Y44         LUT6 (Prop_lut6_I0_O)        0.124    13.632 r  IF_ID_IR[31]_i_29/O
                         net (fo=3, routed)           0.578    14.210    IF_ID_IR[31]_i_29_n_0
    SLICE_X20Y42         LUT3 (Prop_lut3_I2_O)        0.124    14.334 r  IF_ID_IR[31]_i_20/O
                         net (fo=1, routed)           0.158    14.492    IF_ID_IR[31]_i_20_n_0
    SLICE_X20Y42         LUT6 (Prop_lut6_I0_O)        0.124    14.616 r  IF_ID_IR[31]_i_13/O
                         net (fo=2, routed)           0.421    15.037    IF_ID_IR[31]_i_13_n_0
    SLICE_X22Y42         LUT6 (Prop_lut6_I2_O)        0.124    15.161 r  IF_ID_IR[31]_i_4/O
                         net (fo=34, routed)          0.516    15.677    IF_ID_IR[31]_i_4_n_0
    SLICE_X22Y44         LUT2 (Prop_lut2_I0_O)        0.124    15.801 r  IF_ID_IR[31]_i_1/O
                         net (fo=94, routed)          0.953    16.755    IF_ID_IR[31]_i_1_n_0
    SLICE_X21Y40         FDRE                                         r  IF_ID_PC4_reg[5]/R
  -------------------------------------------------------------------    -------------------

                         (clock sys_clk_pin rise edge)
                                                     12.000    12.000 r  
    E3                                                0.000    12.000 r  CLK (IN)
                         net (fo=0)                   0.000    12.000    CLK
    E3                   IBUF (Prop_ibuf_I_O)         1.411    13.411 r  CLK_IBUF_inst/O
                         net (fo=1, routed)           1.920    15.331    CLK_IBUF
    BUFGCTRL_X0Y16       BUFG (Prop_bufg_I_O)         0.091    15.422 r  CLK_IBUF_BUFG_inst/O
                         net (fo=1749, routed)        1.687    17.109    CLK_IBUF_BUFG
    SLICE_X21Y40         FDRE                                         r  IF_ID_PC4_reg[5]/C
                         clock pessimism              0.267    17.377    
                         clock uncertainty           -0.035    17.341    
    SLICE_X21Y40         FDRE (Setup_fdre_C_R)       -0.429    16.912    IF_ID_PC4_reg[5]
  -------------------------------------------------------------------
                         required time                         16.912    
                         arrival time                         -16.755    
  -------------------------------------------------------------------
                         slack                                  0.158    

Slack (MET) :             0.158ns  (required time - arrival time)
  Source:                 EX_MEM_D_RD_reg[2]/C
                            (rising edge-triggered cell FDRE clocked by sys_clk_pin  {rise@0.000ns fall@10.000ns period=12.000ns})
  Destination:            IF_ID_PC4_reg[6]/R
                            (rising edge-triggered cell FDRE clocked by sys_clk_pin  {rise@0.000ns fall@10.000ns period=12.000ns})
  Path Group:             sys_clk_pin
  Path Type:              Setup (Max at Slow Process Corner)
  Requirement:            12.000ns  (sys_clk_pin rise@12.000ns - sys_clk_pin rise@0.000ns)
  Data Path Delay:        11.337ns  (logic 3.231ns (28.499%)  route 8.106ns (71.501%))
  Logic Levels:           15  (CARRY4=4 LUT2=3 LUT3=1 LUT4=1 LUT6=6)
  Clock Path Skew:        -0.041ns (DCD - SCD + CPR)
    Destination Clock Delay (DCD):    5.109ns = ( 17.109 - 12.000 ) 
    Source Clock Delay      (SCD):    5.418ns
    Clock Pessimism Removal (CPR):    0.267ns
  Clock Uncertainty:      0.035ns  ((TSJ^2 + TIJ^2)^1/2 + DJ) / 2 + PE
    Total System Jitter     (TSJ):    0.071ns
    Total Input Jitter      (TIJ):    0.000ns
    Discrete Jitter          (DJ):    0.000ns
    Phase Error              (PE):    0.000ns

    Location             Delay type                Incr(ns)  Path(ns)    Netlist Resource(s)
  -------------------------------------------------------------------    -------------------
                         (clock sys_clk_pin rise edge)
                                                      0.000     0.000 r  
    E3                                                0.000     0.000 r  CLK (IN)
                         net (fo=0)                   0.000     0.000    CLK
    E3                   IBUF (Prop_ibuf_I_O)         1.482     1.482 r  CLK_IBUF_inst/O
                         net (fo=1, routed)           2.025     3.506    CLK_IBUF
    BUFGCTRL_X0Y16       BUFG (Prop_bufg_I_O)         0.096     3.602 r  CLK_IBUF_BUFG_inst/O
                         net (fo=1749, routed)        1.815     5.418    CLK_IBUF_BUFG
    SLICE_X16Y37         FDRE                                         r  EX_MEM_D_RD_reg[2]/C
  -------------------------------------------------------------------    -------------------
    SLICE_X16Y37         FDRE (Prop_fdre_C_Q)         0.419     5.837 r  EX_MEM_D_RD_reg[2]/Q
                         net (fo=4, routed)           0.865     6.702    EX_MEM_D_RD[2]
    SLICE_X17Y38         LUT6 (Prop_lut6_I4_O)        0.299     7.001 r  MEM_MUL_UU_i_76/O
                         net (fo=1, routed)           0.404     7.405    MEM_MUL_UU_i_76_n_0
    SLICE_X17Y37         LUT6 (Prop_lut6_I4_O)        0.124     7.529 f  MEM_MUL_UU_i_68/O
                         net (fo=34, routed)          0.814     8.343    MEM_MUL_UU_i_68_n_0
    SLICE_X17Y37         LUT2 (Prop_lut2_I0_O)        0.124     8.467 f  MEM_MUL_UU_i_33/O
                         net (fo=32, routed)          0.798     9.264    MEM_MUL_UU_i_33_n_0
    SLICE_X20Y39         LUT6 (Prop_lut6_I2_O)        0.124     9.388 r  MEM_MUL_UU__1_i_8/O
                         net (fo=14, routed)          0.840    10.228    MEM_MUL_UU__1_i_8_n_0
    SLICE_X19Y41         LUT2 (Prop_lut2_I0_O)        0.124    10.352 r  EX_MEM_ALU_RESULT[11]_i_9/O
                         net (fo=1, routed)           0.000    10.352    EX_MEM_ALU_RESULT[11]_i_9_n_0
    SLICE_X19Y41         CARRY4 (Prop_carry4_S[1]_CO[3])
                                                      0.550    10.902 r  EX_MEM_ALU_RESULT_reg[11]_i_5/CO[3]
                         net (fo=1, routed)           0.000    10.902    EX_MEM_ALU_RESULT_reg[11]_i_5_n_0
    SLICE_X19Y42         CARRY4 (Prop_carry4_CI_CO[3])
                                                      0.114    11.016 r  EX_MEM_ALU_RESULT_reg[15]_i_5/CO[3]
                         net (fo=1, routed)           0.000    11.016    EX_MEM_ALU_RESULT_reg[15]_i_5_n_0
    SLICE_X19Y43         CARRY4 (Prop_carry4_CI_CO[3])
                                                      0.114    11.130 r  EX_MEM_ALU_RESULT_reg[19]_i_6/CO[3]
                         net (fo=1, routed)           0.000    11.130    EX_MEM_ALU_RESULT_reg[19]_i_6_n_0
    SLICE_X19Y44         CARRY4 (Prop_carry4_CI_O[3])
                                                      0.313    11.443 r  EX_MEM_ALU_RESULT_reg[23]_i_6/O[3]
                         net (fo=2, routed)           0.830    12.273    EX_MEM_ALU_RESULT_reg[23]_i_6_n_4
    SLICE_X20Y45         LUT4 (Prop_lut4_I0_O)        0.306    12.579 r  IF_ID_IR[31]_i_40/O
                         net (fo=1, routed)           0.929    13.508    IF_ID_IR[31]_i_40_n_0
    SLICE_X23Y44         LUT6 (Prop_lut6_I0_O)        0.124    13.632 r  IF_ID_IR[31]_i_29/O
                         net (fo=3, routed)           0.578    14.210    IF_ID_IR[31]_i_29_n_0
    SLICE_X20Y42         LUT3 (Prop_lut3_I2_O)        0.124    14.334 r  IF_ID_IR[31]_i_20/O
                         net (fo=1, routed)           0.158    14.492    IF_ID_IR[31]_i_20_n_0
    SLICE_X20Y42         LUT6 (Prop_lut6_I0_O)        0.124    14.616 r  IF_ID_IR[31]_i_13/O
                         net (fo=2, routed)           0.421    15.037    IF_ID_IR[31]_i_13_n_0
    SLICE_X22Y42         LUT6 (Prop_lut6_I2_O)        0.124    15.161 r  IF_ID_IR[31]_i_4/O
                         net (fo=34, routed)          0.516    15.677    IF_ID_IR[31]_i_4_n_0
    SLICE_X22Y44         LUT2 (Prop_lut2_I0_O)        0.124    15.801 r  IF_ID_IR[31]_i_1/O
                         net (fo=94, routed)          0.953    16.755    IF_ID_IR[31]_i_1_n_0
    SLICE_X21Y40         FDRE                                         r  IF_ID_PC4_reg[6]/R
  -------------------------------------------------------------------    -------------------

                         (clock sys_clk_pin rise edge)
                                                     12.000    12.000 r  
    E3                                                0.000    12.000 r  CLK (IN)
                         net (fo=0)                   0.000    12.000    CLK
    E3                   IBUF (Prop_ibuf_I_O)         1.411    13.411 r  CLK_IBUF_inst/O
                         net (fo=1, routed)           1.920    15.331    CLK_IBUF
    BUFGCTRL_X0Y16       BUFG (Prop_bufg_I_O)         0.091    15.422 r  CLK_IBUF_BUFG_inst/O
                         net (fo=1749, routed)        1.687    17.109    CLK_IBUF_BUFG
    SLICE_X21Y40         FDRE                                         r  IF_ID_PC4_reg[6]/C
                         clock pessimism              0.267    17.377    
                         clock uncertainty           -0.035    17.341    
    SLICE_X21Y40         FDRE (Setup_fdre_C_R)       -0.429    16.912    IF_ID_PC4_reg[6]
  -------------------------------------------------------------------
                         required time                         16.912    
                         arrival time                         -16.755    
  -------------------------------------------------------------------
                         slack                                  0.158    

Slack (MET) :             0.158ns  (required time - arrival time)
  Source:                 EX_MEM_D_RD_reg[2]/C
                            (rising edge-triggered cell FDRE clocked by sys_clk_pin  {rise@0.000ns fall@10.000ns period=12.000ns})
  Destination:            IF_ID_PC4_reg[7]/R
                            (rising edge-triggered cell FDRE clocked by sys_clk_pin  {rise@0.000ns fall@10.000ns period=12.000ns})
  Path Group:             sys_clk_pin
  Path Type:              Setup (Max at Slow Process Corner)
  Requirement:            12.000ns  (sys_clk_pin rise@12.000ns - sys_clk_pin rise@0.000ns)
  Data Path Delay:        11.337ns  (logic 3.231ns (28.499%)  route 8.106ns (71.501%))
  Logic Levels:           15  (CARRY4=4 LUT2=3 LUT3=1 LUT4=1 LUT6=6)
  Clock Path Skew:        -0.041ns (DCD - SCD + CPR)
    Destination Clock Delay (DCD):    5.109ns = ( 17.109 - 12.000 ) 
    Source Clock Delay      (SCD):    5.418ns
    Clock Pessimism Removal (CPR):    0.267ns
  Clock Uncertainty:      0.035ns  ((TSJ^2 + TIJ^2)^1/2 + DJ) / 2 + PE
    Total System Jitter     (TSJ):    0.071ns
    Total Input Jitter      (TIJ):    0.000ns
    Discrete Jitter          (DJ):    0.000ns
    Phase Error              (PE):    0.000ns

    Location             Delay type                Incr(ns)  Path(ns)    Netlist Resource(s)
  -------------------------------------------------------------------    -------------------
                         (clock sys_clk_pin rise edge)
                                                      0.000     0.000 r  
    E3                                                0.000     0.000 r  CLK (IN)
                         net (fo=0)                   0.000     0.000    CLK
    E3                   IBUF (Prop_ibuf_I_O)         1.482     1.482 r  CLK_IBUF_inst/O
                         net (fo=1, routed)           2.025     3.506    CLK_IBUF
    BUFGCTRL_X0Y16       BUFG (Prop_bufg_I_O)         0.096     3.602 r  CLK_IBUF_BUFG_inst/O
                         net (fo=1749, routed)        1.815     5.418    CLK_IBUF_BUFG
    SLICE_X16Y37         FDRE                                         r  EX_MEM_D_RD_reg[2]/C
  -------------------------------------------------------------------    -------------------
    SLICE_X16Y37         FDRE (Prop_fdre_C_Q)         0.419     5.837 r  EX_MEM_D_RD_reg[2]/Q
                         net (fo=4, routed)           0.865     6.702    EX_MEM_D_RD[2]
    SLICE_X17Y38         LUT6 (Prop_lut6_I4_O)        0.299     7.001 r  MEM_MUL_UU_i_76/O
                         net (fo=1, routed)           0.404     7.405    MEM_MUL_UU_i_76_n_0
    SLICE_X17Y37         LUT6 (Prop_lut6_I4_O)        0.124     7.529 f  MEM_MUL_UU_i_68/O
                         net (fo=34, routed)          0.814     8.343    MEM_MUL_UU_i_68_n_0
    SLICE_X17Y37         LUT2 (Prop_lut2_I0_O)        0.124     8.467 f  MEM_MUL_UU_i_33/O
                         net (fo=32, routed)          0.798     9.264    MEM_MUL_UU_i_33_n_0
    SLICE_X20Y39         LUT6 (Prop_lut6_I2_O)        0.124     9.388 r  MEM_MUL_UU__1_i_8/O
                         net (fo=14, routed)          0.840    10.228    MEM_MUL_UU__1_i_8_n_0
    SLICE_X19Y41         LUT2 (Prop_lut2_I0_O)        0.124    10.352 r  EX_MEM_ALU_RESULT[11]_i_9/O
                         net (fo=1, routed)           0.000    10.352    EX_MEM_ALU_RESULT[11]_i_9_n_0
    SLICE_X19Y41         CARRY4 (Prop_carry4_S[1]_CO[3])
                                                      0.550    10.902 r  EX_MEM_ALU_RESULT_reg[11]_i_5/CO[3]
                         net (fo=1, routed)           0.000    10.902    EX_MEM_ALU_RESULT_reg[11]_i_5_n_0
    SLICE_X19Y42         CARRY4 (Prop_carry4_CI_CO[3])
                                                      0.114    11.016 r  EX_MEM_ALU_RESULT_reg[15]_i_5/CO[3]
                         net (fo=1, routed)           0.000    11.016    EX_MEM_ALU_RESULT_reg[15]_i_5_n_0
    SLICE_X19Y43         CARRY4 (Prop_carry4_CI_CO[3])
                                                      0.114    11.130 r  EX_MEM_ALU_RESULT_reg[19]_i_6/CO[3]
                         net (fo=1, routed)           0.000    11.130    EX_MEM_ALU_RESULT_reg[19]_i_6_n_0
    SLICE_X19Y44         CARRY4 (Prop_carry4_CI_O[3])
                                                      0.313    11.443 r  EX_MEM_ALU_RESULT_reg[23]_i_6/O[3]
                         net (fo=2, routed)           0.830    12.273    EX_MEM_ALU_RESULT_reg[23]_i_6_n_4
    SLICE_X20Y45         LUT4 (Prop_lut4_I0_O)        0.306    12.579 r  IF_ID_IR[31]_i_40/O
                         net (fo=1, routed)           0.929    13.508    IF_ID_IR[31]_i_40_n_0
    SLICE_X23Y44         LUT6 (Prop_lut6_I0_O)        0.124    13.632 r  IF_ID_IR[31]_i_29/O
                         net (fo=3, routed)           0.578    14.210    IF_ID_IR[31]_i_29_n_0
    SLICE_X20Y42         LUT3 (Prop_lut3_I2_O)        0.124    14.334 r  IF_ID_IR[31]_i_20/O
                         net (fo=1, routed)           0.158    14.492    IF_ID_IR[31]_i_20_n_0
    SLICE_X20Y42         LUT6 (Prop_lut6_I0_O)        0.124    14.616 r  IF_ID_IR[31]_i_13/O
                         net (fo=2, routed)           0.421    15.037    IF_ID_IR[31]_i_13_n_0
    SLICE_X22Y42         LUT6 (Prop_lut6_I2_O)        0.124    15.161 r  IF_ID_IR[31]_i_4/O
                         net (fo=34, routed)          0.516    15.677    IF_ID_IR[31]_i_4_n_0
    SLICE_X22Y44         LUT2 (Prop_lut2_I0_O)        0.124    15.801 r  IF_ID_IR[31]_i_1/O
                         net (fo=94, routed)          0.953    16.755    IF_ID_IR[31]_i_1_n_0
    SLICE_X21Y40         FDRE                                         r  IF_ID_PC4_reg[7]/R
  -------------------------------------------------------------------    -------------------

                         (clock sys_clk_pin rise edge)
                                                     12.000    12.000 r  
    E3                                                0.000    12.000 r  CLK (IN)
                         net (fo=0)                   0.000    12.000    CLK
    E3                   IBUF (Prop_ibuf_I_O)         1.411    13.411 r  CLK_IBUF_inst/O
                         net (fo=1, routed)           1.920    15.331    CLK_IBUF
    BUFGCTRL_X0Y16       BUFG (Prop_bufg_I_O)         0.091    15.422 r  CLK_IBUF_BUFG_inst/O
                         net (fo=1749, routed)        1.687    17.109    CLK_IBUF_BUFG
    SLICE_X21Y40         FDRE                                         r  IF_ID_PC4_reg[7]/C
                         clock pessimism              0.267    17.377    
                         clock uncertainty           -0.035    17.341    
    SLICE_X21Y40         FDRE (Setup_fdre_C_R)       -0.429    16.912    IF_ID_PC4_reg[7]
  -------------------------------------------------------------------
                         required time                         16.912    
                         arrival time                         -16.755    
  -------------------------------------------------------------------
                         slack                                  0.158    

Slack (MET) :             0.158ns  (required time - arrival time)
  Source:                 EX_MEM_D_RD_reg[2]/C
                            (rising edge-triggered cell FDRE clocked by sys_clk_pin  {rise@0.000ns fall@10.000ns period=12.000ns})
  Destination:            IF_ID_PC4_reg[8]/R
                            (rising edge-triggered cell FDRE clocked by sys_clk_pin  {rise@0.000ns fall@10.000ns period=12.000ns})
  Path Group:             sys_clk_pin
  Path Type:              Setup (Max at Slow Process Corner)
  Requirement:            12.000ns  (sys_clk_pin rise@12.000ns - sys_clk_pin rise@0.000ns)
  Data Path Delay:        11.337ns  (logic 3.231ns (28.499%)  route 8.106ns (71.501%))
  Logic Levels:           15  (CARRY4=4 LUT2=3 LUT3=1 LUT4=1 LUT6=6)
  Clock Path Skew:        -0.041ns (DCD - SCD + CPR)
    Destination Clock Delay (DCD):    5.109ns = ( 17.109 - 12.000 ) 
    Source Clock Delay      (SCD):    5.418ns
    Clock Pessimism Removal (CPR):    0.267ns
  Clock Uncertainty:      0.035ns  ((TSJ^2 + TIJ^2)^1/2 + DJ) / 2 + PE
    Total System Jitter     (TSJ):    0.071ns
    Total Input Jitter      (TIJ):    0.000ns
    Discrete Jitter          (DJ):    0.000ns
    Phase Error              (PE):    0.000ns

    Location             Delay type                Incr(ns)  Path(ns)    Netlist Resource(s)
  -------------------------------------------------------------------    -------------------
                         (clock sys_clk_pin rise edge)
                                                      0.000     0.000 r  
    E3                                                0.000     0.000 r  CLK (IN)
                         net (fo=0)                   0.000     0.000    CLK
    E3                   IBUF (Prop_ibuf_I_O)         1.482     1.482 r  CLK_IBUF_inst/O
                         net (fo=1, routed)           2.025     3.506    CLK_IBUF
    BUFGCTRL_X0Y16       BUFG (Prop_bufg_I_O)         0.096     3.602 r  CLK_IBUF_BUFG_inst/O
                         net (fo=1749, routed)        1.815     5.418    CLK_IBUF_BUFG
    SLICE_X16Y37         FDRE                                         r  EX_MEM_D_RD_reg[2]/C
  -------------------------------------------------------------------    -------------------
    SLICE_X16Y37         FDRE (Prop_fdre_C_Q)         0.419     5.837 r  EX_MEM_D_RD_reg[2]/Q
                         net (fo=4, routed)           0.865     6.702    EX_MEM_D_RD[2]
    SLICE_X17Y38         LUT6 (Prop_lut6_I4_O)        0.299     7.001 r  MEM_MUL_UU_i_76/O
                         net (fo=1, routed)           0.404     7.405    MEM_MUL_UU_i_76_n_0
    SLICE_X17Y37         LUT6 (Prop_lut6_I4_O)        0.124     7.529 f  MEM_MUL_UU_i_68/O
                         net (fo=34, routed)          0.814     8.343    MEM_MUL_UU_i_68_n_0
    SLICE_X17Y37         LUT2 (Prop_lut2_I0_O)        0.124     8.467 f  MEM_MUL_UU_i_33/O
                         net (fo=32, routed)          0.798     9.264    MEM_MUL_UU_i_33_n_0
    SLICE_X20Y39         LUT6 (Prop_lut6_I2_O)        0.124     9.388 r  MEM_MUL_UU__1_i_8/O
                         net (fo=14, routed)          0.840    10.228    MEM_MUL_UU__1_i_8_n_0
    SLICE_X19Y41         LUT2 (Prop_lut2_I0_O)        0.124    10.352 r  EX_MEM_ALU_RESULT[11]_i_9/O
                         net (fo=1, routed)           0.000    10.352    EX_MEM_ALU_RESULT[11]_i_9_n_0
    SLICE_X19Y41         CARRY4 (Prop_carry4_S[1]_CO[3])
                                                      0.550    10.902 r  EX_MEM_ALU_RESULT_reg[11]_i_5/CO[3]
                         net (fo=1, routed)           0.000    10.902    EX_MEM_ALU_RESULT_reg[11]_i_5_n_0
    SLICE_X19Y42         CARRY4 (Prop_carry4_CI_CO[3])
                                                      0.114    11.016 r  EX_MEM_ALU_RESULT_reg[15]_i_5/CO[3]
                         net (fo=1, routed)           0.000    11.016    EX_MEM_ALU_RESULT_reg[15]_i_5_n_0
    SLICE_X19Y43         CARRY4 (Prop_carry4_CI_CO[3])
                                                      0.114    11.130 r  EX_MEM_ALU_RESULT_reg[19]_i_6/CO[3]
                         net (fo=1, routed)           0.000    11.130    EX_MEM_ALU_RESULT_reg[19]_i_6_n_0
    SLICE_X19Y44         CARRY4 (Prop_carry4_CI_O[3])
                                                      0.313    11.443 r  EX_MEM_ALU_RESULT_reg[23]_i_6/O[3]
                         net (fo=2, routed)           0.830    12.273    EX_MEM_ALU_RESULT_reg[23]_i_6_n_4
    SLICE_X20Y45         LUT4 (Prop_lut4_I0_O)        0.306    12.579 r  IF_ID_IR[31]_i_40/O
                         net (fo=1, routed)           0.929    13.508    IF_ID_IR[31]_i_40_n_0
    SLICE_X23Y44         LUT6 (Prop_lut6_I0_O)        0.124    13.632 r  IF_ID_IR[31]_i_29/O
                         net (fo=3, routed)           0.578    14.210    IF_ID_IR[31]_i_29_n_0
    SLICE_X20Y42         LUT3 (Prop_lut3_I2_O)        0.124    14.334 r  IF_ID_IR[31]_i_20/O
                         net (fo=1, routed)           0.158    14.492    IF_ID_IR[31]_i_20_n_0
    SLICE_X20Y42         LUT6 (Prop_lut6_I0_O)        0.124    14.616 r  IF_ID_IR[31]_i_13/O
                         net (fo=2, routed)           0.421    15.037    IF_ID_IR[31]_i_13_n_0
    SLICE_X22Y42         LUT6 (Prop_lut6_I2_O)        0.124    15.161 r  IF_ID_IR[31]_i_4/O
                         net (fo=34, routed)          0.516    15.677    IF_ID_IR[31]_i_4_n_0
    SLICE_X22Y44         LUT2 (Prop_lut2_I0_O)        0.124    15.801 r  IF_ID_IR[31]_i_1/O
                         net (fo=94, routed)          0.953    16.755    IF_ID_IR[31]_i_1_n_0
    SLICE_X21Y40         FDRE                                         r  IF_ID_PC4_reg[8]/R
  -------------------------------------------------------------------    -------------------

                         (clock sys_clk_pin rise edge)
                                                     12.000    12.000 r  
    E3                                                0.000    12.000 r  CLK (IN)
                         net (fo=0)                   0.000    12.000    CLK
    E3                   IBUF (Prop_ibuf_I_O)         1.411    13.411 r  CLK_IBUF_inst/O
                         net (fo=1, routed)           1.920    15.331    CLK_IBUF
    BUFGCTRL_X0Y16       BUFG (Prop_bufg_I_O)         0.091    15.422 r  CLK_IBUF_BUFG_inst/O
                         net (fo=1749, routed)        1.687    17.109    CLK_IBUF_BUFG
    SLICE_X21Y40         FDRE                                         r  IF_ID_PC4_reg[8]/C
                         clock pessimism              0.267    17.377    
                         clock uncertainty           -0.035    17.341    
    SLICE_X21Y40         FDRE (Setup_fdre_C_R)       -0.429    16.912    IF_ID_PC4_reg[8]
  -------------------------------------------------------------------
                         required time                         16.912    
                         arrival time                         -16.755    
  -------------------------------------------------------------------
                         slack                                  0.158    

Slack (MET) :             0.195ns  (required time - arrival time)
  Source:                 EX_MEM_D_RD_reg[2]/C
                            (rising edge-triggered cell FDRE clocked by sys_clk_pin  {rise@0.000ns fall@10.000ns period=12.000ns})
  Destination:            ID_EX_RF_DATA2_reg[11]/R
                            (rising edge-triggered cell FDRE clocked by sys_clk_pin  {rise@0.000ns fall@10.000ns period=12.000ns})
  Path Group:             sys_clk_pin
  Path Type:              Setup (Max at Slow Process Corner)
  Requirement:            12.000ns  (sys_clk_pin rise@12.000ns - sys_clk_pin rise@0.000ns)
  Data Path Delay:        11.317ns  (logic 3.231ns (28.551%)  route 8.086ns (71.449%))
  Logic Levels:           15  (CARRY4=4 LUT2=2 LUT3=2 LUT4=1 LUT6=6)
  Clock Path Skew:        -0.024ns (DCD - SCD + CPR)
    Destination Clock Delay (DCD):    5.108ns = ( 17.108 - 12.000 ) 
    Source Clock Delay      (SCD):    5.418ns
    Clock Pessimism Removal (CPR):    0.285ns
  Clock Uncertainty:      0.035ns  ((TSJ^2 + TIJ^2)^1/2 + DJ) / 2 + PE
    Total System Jitter     (TSJ):    0.071ns
    Total Input Jitter      (TIJ):    0.000ns
    Discrete Jitter          (DJ):    0.000ns
    Phase Error              (PE):    0.000ns

    Location             Delay type                Incr(ns)  Path(ns)    Netlist Resource(s)
  -------------------------------------------------------------------    -------------------
                         (clock sys_clk_pin rise edge)
                                                      0.000     0.000 r  
    E3                                                0.000     0.000 r  CLK (IN)
                         net (fo=0)                   0.000     0.000    CLK
    E3                   IBUF (Prop_ibuf_I_O)         1.482     1.482 r  CLK_IBUF_inst/O
                         net (fo=1, routed)           2.025     3.506    CLK_IBUF
    BUFGCTRL_X0Y16       BUFG (Prop_bufg_I_O)         0.096     3.602 r  CLK_IBUF_BUFG_inst/O
                         net (fo=1749, routed)        1.815     5.418    CLK_IBUF_BUFG
    SLICE_X16Y37         FDRE                                         r  EX_MEM_D_RD_reg[2]/C
  -------------------------------------------------------------------    -------------------
    SLICE_X16Y37         FDRE (Prop_fdre_C_Q)         0.419     5.837 r  EX_MEM_D_RD_reg[2]/Q
                         net (fo=4, routed)           0.865     6.702    EX_MEM_D_RD[2]
    SLICE_X17Y38         LUT6 (Prop_lut6_I4_O)        0.299     7.001 r  MEM_MUL_UU_i_76/O
                         net (fo=1, routed)           0.404     7.405    MEM_MUL_UU_i_76_n_0
    SLICE_X17Y37         LUT6 (Prop_lut6_I4_O)        0.124     7.529 f  MEM_MUL_UU_i_68/O
                         net (fo=34, routed)          0.814     8.343    MEM_MUL_UU_i_68_n_0
    SLICE_X17Y37         LUT2 (Prop_lut2_I0_O)        0.124     8.467 f  MEM_MUL_UU_i_33/O
                         net (fo=32, routed)          0.798     9.264    MEM_MUL_UU_i_33_n_0
    SLICE_X20Y39         LUT6 (Prop_lut6_I2_O)        0.124     9.388 r  MEM_MUL_UU__1_i_8/O
                         net (fo=14, routed)          0.840    10.228    MEM_MUL_UU__1_i_8_n_0
    SLICE_X19Y41         LUT2 (Prop_lut2_I0_O)        0.124    10.352 r  EX_MEM_ALU_RESULT[11]_i_9/O
                         net (fo=1, routed)           0.000    10.352    EX_MEM_ALU_RESULT[11]_i_9_n_0
    SLICE_X19Y41         CARRY4 (Prop_carry4_S[1]_CO[3])
                                                      0.550    10.902 r  EX_MEM_ALU_RESULT_reg[11]_i_5/CO[3]
                         net (fo=1, routed)           0.000    10.902    EX_MEM_ALU_RESULT_reg[11]_i_5_n_0
    SLICE_X19Y42         CARRY4 (Prop_carry4_CI_CO[3])
                                                      0.114    11.016 r  EX_MEM_ALU_RESULT_reg[15]_i_5/CO[3]
                         net (fo=1, routed)           0.000    11.016    EX_MEM_ALU_RESULT_reg[15]_i_5_n_0
    SLICE_X19Y43         CARRY4 (Prop_carry4_CI_CO[3])
                                                      0.114    11.130 r  EX_MEM_ALU_RESULT_reg[19]_i_6/CO[3]
                         net (fo=1, routed)           0.000    11.130    EX_MEM_ALU_RESULT_reg[19]_i_6_n_0
    SLICE_X19Y44         CARRY4 (Prop_carry4_CI_O[3])
                                                      0.313    11.443 r  EX_MEM_ALU_RESULT_reg[23]_i_6/O[3]
                         net (fo=2, routed)           0.830    12.273    EX_MEM_ALU_RESULT_reg[23]_i_6_n_4
    SLICE_X20Y45         LUT4 (Prop_lut4_I0_O)        0.306    12.579 r  IF_ID_IR[31]_i_40/O
                         net (fo=1, routed)           0.929    13.508    IF_ID_IR[31]_i_40_n_0
    SLICE_X23Y44         LUT6 (Prop_lut6_I0_O)        0.124    13.632 r  IF_ID_IR[31]_i_29/O
                         net (fo=3, routed)           0.578    14.210    IF_ID_IR[31]_i_29_n_0
    SLICE_X20Y42         LUT3 (Prop_lut3_I2_O)        0.124    14.334 r  IF_ID_IR[31]_i_20/O
                         net (fo=1, routed)           0.158    14.492    IF_ID_IR[31]_i_20_n_0
    SLICE_X20Y42         LUT6 (Prop_lut6_I0_O)        0.124    14.616 r  IF_ID_IR[31]_i_13/O
                         net (fo=2, routed)           0.421    15.037    IF_ID_IR[31]_i_13_n_0
    SLICE_X22Y42         LUT6 (Prop_lut6_I2_O)        0.124    15.161 r  IF_ID_IR[31]_i_4/O
                         net (fo=34, routed)          0.510    15.671    IF_ID_IR[31]_i_4_n_0
    SLICE_X20Y41         LUT3 (Prop_lut3_I1_O)        0.124    15.795 r  ID_EX_IS_MUL_i_1/O
                         net (fo=188, routed)         0.940    16.734    ID_EX_PC0
    SLICE_X16Y38         FDRE                                         r  ID_EX_RF_DATA2_reg[11]/R
  -------------------------------------------------------------------    -------------------

                         (clock sys_clk_pin rise edge)
                                                     12.000    12.000 r  
    E3                                                0.000    12.000 r  CLK (IN)
                         net (fo=0)                   0.000    12.000    CLK
    E3                   IBUF (Prop_ibuf_I_O)         1.411    13.411 r  CLK_IBUF_inst/O
                         net (fo=1, routed)           1.920    15.331    CLK_IBUF
    BUFGCTRL_X0Y16       BUFG (Prop_bufg_I_O)         0.091    15.422 r  CLK_IBUF_BUFG_inst/O
                         net (fo=1749, routed)        1.686    17.108    CLK_IBUF_BUFG
    SLICE_X16Y38         FDRE                                         r  ID_EX_RF_DATA2_reg[11]/C
                         clock pessimism              0.285    17.394    
                         clock uncertainty           -0.035    17.358    
    SLICE_X16Y38         FDRE (Setup_fdre_C_R)       -0.429    16.929    ID_EX_RF_DATA2_reg[11]
  -------------------------------------------------------------------
                         required time                         16.929    
                         arrival time                         -16.734    
  -------------------------------------------------------------------
                         slack                                  0.195    

Slack (MET) :             0.195ns  (required time - arrival time)
  Source:                 EX_MEM_D_RD_reg[2]/C
                            (rising edge-triggered cell FDRE clocked by sys_clk_pin  {rise@0.000ns fall@10.000ns period=12.000ns})
  Destination:            ID_EX_RF_DATA2_reg[3]/R
                            (rising edge-triggered cell FDRE clocked by sys_clk_pin  {rise@0.000ns fall@10.000ns period=12.000ns})
  Path Group:             sys_clk_pin
  Path Type:              Setup (Max at Slow Process Corner)
  Requirement:            12.000ns  (sys_clk_pin rise@12.000ns - sys_clk_pin rise@0.000ns)
  Data Path Delay:        11.317ns  (logic 3.231ns (28.551%)  route 8.086ns (71.449%))
  Logic Levels:           15  (CARRY4=4 LUT2=2 LUT3=2 LUT4=1 LUT6=6)
  Clock Path Skew:        -0.024ns (DCD - SCD + CPR)
    Destination Clock Delay (DCD):    5.108ns = ( 17.108 - 12.000 ) 
    Source Clock Delay      (SCD):    5.418ns
    Clock Pessimism Removal (CPR):    0.285ns
  Clock Uncertainty:      0.035ns  ((TSJ^2 + TIJ^2)^1/2 + DJ) / 2 + PE
    Total System Jitter     (TSJ):    0.071ns
    Total Input Jitter      (TIJ):    0.000ns
    Discrete Jitter          (DJ):    0.000ns
    Phase Error              (PE):    0.000ns

    Location             Delay type                Incr(ns)  Path(ns)    Netlist Resource(s)
  -------------------------------------------------------------------    -------------------
                         (clock sys_clk_pin rise edge)
                                                      0.000     0.000 r  
    E3                                                0.000     0.000 r  CLK (IN)
                         net (fo=0)                   0.000     0.000    CLK
    E3                   IBUF (Prop_ibuf_I_O)         1.482     1.482 r  CLK_IBUF_inst/O
                         net (fo=1, routed)           2.025     3.506    CLK_IBUF
    BUFGCTRL_X0Y16       BUFG (Prop_bufg_I_O)         0.096     3.602 r  CLK_IBUF_BUFG_inst/O
                         net (fo=1749, routed)        1.815     5.418    CLK_IBUF_BUFG
    SLICE_X16Y37         FDRE                                         r  EX_MEM_D_RD_reg[2]/C
  -------------------------------------------------------------------    -------------------
    SLICE_X16Y37         FDRE (Prop_fdre_C_Q)         0.419     5.837 r  EX_MEM_D_RD_reg[2]/Q
                         net (fo=4, routed)           0.865     6.702    EX_MEM_D_RD[2]
    SLICE_X17Y38         LUT6 (Prop_lut6_I4_O)        0.299     7.001 r  MEM_MUL_UU_i_76/O
                         net (fo=1, routed)           0.404     7.405    MEM_MUL_UU_i_76_n_0
    SLICE_X17Y37         LUT6 (Prop_lut6_I4_O)        0.124     7.529 f  MEM_MUL_UU_i_68/O
                         net (fo=34, routed)          0.814     8.343    MEM_MUL_UU_i_68_n_0
    SLICE_X17Y37         LUT2 (Prop_lut2_I0_O)        0.124     8.467 f  MEM_MUL_UU_i_33/O
                         net (fo=32, routed)          0.798     9.264    MEM_MUL_UU_i_33_n_0
    SLICE_X20Y39         LUT6 (Prop_lut6_I2_O)        0.124     9.388 r  MEM_MUL_UU__1_i_8/O
                         net (fo=14, routed)          0.840    10.228    MEM_MUL_UU__1_i_8_n_0
    SLICE_X19Y41         LUT2 (Prop_lut2_I0_O)        0.124    10.352 r  EX_MEM_ALU_RESULT[11]_i_9/O
                         net (fo=1, routed)           0.000    10.352    EX_MEM_ALU_RESULT[11]_i_9_n_0
    SLICE_X19Y41         CARRY4 (Prop_carry4_S[1]_CO[3])
                                                      0.550    10.902 r  EX_MEM_ALU_RESULT_reg[11]_i_5/CO[3]
                         net (fo=1, routed)           0.000    10.902    EX_MEM_ALU_RESULT_reg[11]_i_5_n_0
    SLICE_X19Y42         CARRY4 (Prop_carry4_CI_CO[3])
                                                      0.114    11.016 r  EX_MEM_ALU_RESULT_reg[15]_i_5/CO[3]
                         net (fo=1, routed)           0.000    11.016    EX_MEM_ALU_RESULT_reg[15]_i_5_n_0
    SLICE_X19Y43         CARRY4 (Prop_carry4_CI_CO[3])
                                                      0.114    11.130 r  EX_MEM_ALU_RESULT_reg[19]_i_6/CO[3]
                         net (fo=1, routed)           0.000    11.130    EX_MEM_ALU_RESULT_reg[19]_i_6_n_0
    SLICE_X19Y44         CARRY4 (Prop_carry4_CI_O[3])
                                                      0.313    11.443 r  EX_MEM_ALU_RESULT_reg[23]_i_6/O[3]
                         net (fo=2, routed)           0.830    12.273    EX_MEM_ALU_RESULT_reg[23]_i_6_n_4
    SLICE_X20Y45         LUT4 (Prop_lut4_I0_O)        0.306    12.579 r  IF_ID_IR[31]_i_40/O
                         net (fo=1, routed)           0.929    13.508    IF_ID_IR[31]_i_40_n_0
    SLICE_X23Y44         LUT6 (Prop_lut6_I0_O)        0.124    13.632 r  IF_ID_IR[31]_i_29/O
                         net (fo=3, routed)           0.578    14.210    IF_ID_IR[31]_i_29_n_0
    SLICE_X20Y42         LUT3 (Prop_lut3_I2_O)        0.124    14.334 r  IF_ID_IR[31]_i_20/O
                         net (fo=1, routed)           0.158    14.492    IF_ID_IR[31]_i_20_n_0
    SLICE_X20Y42         LUT6 (Prop_lut6_I0_O)        0.124    14.616 r  IF_ID_IR[31]_i_13/O
                         net (fo=2, routed)           0.421    15.037    IF_ID_IR[31]_i_13_n_0
    SLICE_X22Y42         LUT6 (Prop_lut6_I2_O)        0.124    15.161 r  IF_ID_IR[31]_i_4/O
                         net (fo=34, routed)          0.510    15.671    IF_ID_IR[31]_i_4_n_0
    SLICE_X20Y41         LUT3 (Prop_lut3_I1_O)        0.124    15.795 r  ID_EX_IS_MUL_i_1/O
                         net (fo=188, routed)         0.940    16.734    ID_EX_PC0
    SLICE_X16Y38         FDRE                                         r  ID_EX_RF_DATA2_reg[3]/R
  -------------------------------------------------------------------    -------------------

                         (clock sys_clk_pin rise edge)
                                                     12.000    12.000 r  
    E3                                                0.000    12.000 r  CLK (IN)
                         net (fo=0)                   0.000    12.000    CLK
    E3                   IBUF (Prop_ibuf_I_O)         1.411    13.411 r  CLK_IBUF_inst/O
                         net (fo=1, routed)           1.920    15.331    CLK_IBUF
    BUFGCTRL_X0Y16       BUFG (Prop_bufg_I_O)         0.091    15.422 r  CLK_IBUF_BUFG_inst/O
                         net (fo=1749, routed)        1.686    17.108    CLK_IBUF_BUFG
    SLICE_X16Y38         FDRE                                         r  ID_EX_RF_DATA2_reg[3]/C
                         clock pessimism              0.285    17.394    
                         clock uncertainty           -0.035    17.358    
    SLICE_X16Y38         FDRE (Setup_fdre_C_R)       -0.429    16.929    ID_EX_RF_DATA2_reg[3]
  -------------------------------------------------------------------
                         required time                         16.929    
                         arrival time                         -16.734    
  -------------------------------------------------------------------
                         slack                                  0.195    

Slack (MET) :             0.195ns  (required time - arrival time)
  Source:                 EX_MEM_D_RD_reg[2]/C
                            (rising edge-triggered cell FDRE clocked by sys_clk_pin  {rise@0.000ns fall@10.000ns period=12.000ns})
  Destination:            ID_EX_RS1_NUM_reg[1]/R
                            (rising edge-triggered cell FDRE clocked by sys_clk_pin  {rise@0.000ns fall@10.000ns period=12.000ns})
  Path Group:             sys_clk_pin
  Path Type:              Setup (Max at Slow Process Corner)
  Requirement:            12.000ns  (sys_clk_pin rise@12.000ns - sys_clk_pin rise@0.000ns)
  Data Path Delay:        11.317ns  (logic 3.231ns (28.551%)  route 8.086ns (71.449%))
  Logic Levels:           15  (CARRY4=4 LUT2=2 LUT3=2 LUT4=1 LUT6=6)
  Clock Path Skew:        -0.024ns (DCD - SCD + CPR)
    Destination Clock Delay (DCD):    5.108ns = ( 17.108 - 12.000 ) 
    Source Clock Delay      (SCD):    5.418ns
    Clock Pessimism Removal (CPR):    0.285ns
  Clock Uncertainty:      0.035ns  ((TSJ^2 + TIJ^2)^1/2 + DJ) / 2 + PE
    Total System Jitter     (TSJ):    0.071ns
    Total Input Jitter      (TIJ):    0.000ns
    Discrete Jitter          (DJ):    0.000ns
    Phase Error              (PE):    0.000ns

    Location             Delay type                Incr(ns)  Path(ns)    Netlist Resource(s)
  -------------------------------------------------------------------    -------------------
                         (clock sys_clk_pin rise edge)
                                                      0.000     0.000 r  
    E3                                                0.000     0.000 r  CLK (IN)
                         net (fo=0)                   0.000     0.000    CLK
    E3                   IBUF (Prop_ibuf_I_O)         1.482     1.482 r  CLK_IBUF_inst/O
                         net (fo=1, routed)           2.025     3.506    CLK_IBUF
    BUFGCTRL_X0Y16       BUFG (Prop_bufg_I_O)         0.096     3.602 r  CLK_IBUF_BUFG_inst/O
                         net (fo=1749, routed)        1.815     5.418    CLK_IBUF_BUFG
    SLICE_X16Y37         FDRE                                         r  EX_MEM_D_RD_reg[2]/C
  -------------------------------------------------------------------    -------------------
    SLICE_X16Y37         FDRE (Prop_fdre_C_Q)         0.419     5.837 r  EX_MEM_D_RD_reg[2]/Q
                         net (fo=4, routed)           0.865     6.702    EX_MEM_D_RD[2]
    SLICE_X17Y38         LUT6 (Prop_lut6_I4_O)        0.299     7.001 r  MEM_MUL_UU_i_76/O
                         net (fo=1, routed)           0.404     7.405    MEM_MUL_UU_i_76_n_0
    SLICE_X17Y37         LUT6 (Prop_lut6_I4_O)        0.124     7.529 f  MEM_MUL_UU_i_68/O
                         net (fo=34, routed)          0.814     8.343    MEM_MUL_UU_i_68_n_0
    SLICE_X17Y37         LUT2 (Prop_lut2_I0_O)        0.124     8.467 f  MEM_MUL_UU_i_33/O
                         net (fo=32, routed)          0.798     9.264    MEM_MUL_UU_i_33_n_0
    SLICE_X20Y39         LUT6 (Prop_lut6_I2_O)        0.124     9.388 r  MEM_MUL_UU__1_i_8/O
                         net (fo=14, routed)          0.840    10.228    MEM_MUL_UU__1_i_8_n_0
    SLICE_X19Y41         LUT2 (Prop_lut2_I0_O)        0.124    10.352 r  EX_MEM_ALU_RESULT[11]_i_9/O
                         net (fo=1, routed)           0.000    10.352    EX_MEM_ALU_RESULT[11]_i_9_n_0
    SLICE_X19Y41         CARRY4 (Prop_carry4_S[1]_CO[3])
                                                      0.550    10.902 r  EX_MEM_ALU_RESULT_reg[11]_i_5/CO[3]
                         net (fo=1, routed)           0.000    10.902    EX_MEM_ALU_RESULT_reg[11]_i_5_n_0
    SLICE_X19Y42         CARRY4 (Prop_carry4_CI_CO[3])
                                                      0.114    11.016 r  EX_MEM_ALU_RESULT_reg[15]_i_5/CO[3]
                         net (fo=1, routed)           0.000    11.016    EX_MEM_ALU_RESULT_reg[15]_i_5_n_0
    SLICE_X19Y43         CARRY4 (Prop_carry4_CI_CO[3])
                                                      0.114    11.130 r  EX_MEM_ALU_RESULT_reg[19]_i_6/CO[3]
                         net (fo=1, routed)           0.000    11.130    EX_MEM_ALU_RESULT_reg[19]_i_6_n_0
    SLICE_X19Y44         CARRY4 (Prop_carry4_CI_O[3])
                                                      0.313    11.443 r  EX_MEM_ALU_RESULT_reg[23]_i_6/O[3]
                         net (fo=2, routed)           0.830    12.273    EX_MEM_ALU_RESULT_reg[23]_i_6_n_4
    SLICE_X20Y45         LUT4 (Prop_lut4_I0_O)        0.306    12.579 r  IF_ID_IR[31]_i_40/O
                         net (fo=1, routed)           0.929    13.508    IF_ID_IR[31]_i_40_n_0
    SLICE_X23Y44         LUT6 (Prop_lut6_I0_O)        0.124    13.632 r  IF_ID_IR[31]_i_29/O
                         net (fo=3, routed)           0.578    14.210    IF_ID_IR[31]_i_29_n_0
    SLICE_X20Y42         LUT3 (Prop_lut3_I2_O)        0.124    14.334 r  IF_ID_IR[31]_i_20/O
                         net (fo=1, routed)           0.158    14.492    IF_ID_IR[31]_i_20_n_0
    SLICE_X20Y42         LUT6 (Prop_lut6_I0_O)        0.124    14.616 r  IF_ID_IR[31]_i_13/O
                         net (fo=2, routed)           0.421    15.037    IF_ID_IR[31]_i_13_n_0
    SLICE_X22Y42         LUT6 (Prop_lut6_I2_O)        0.124    15.161 r  IF_ID_IR[31]_i_4/O
                         net (fo=34, routed)          0.510    15.671    IF_ID_IR[31]_i_4_n_0
    SLICE_X20Y41         LUT3 (Prop_lut3_I1_O)        0.124    15.795 r  ID_EX_IS_MUL_i_1/O
                         net (fo=188, routed)         0.940    16.734    ID_EX_PC0
    SLICE_X16Y38         FDRE                                         r  ID_EX_RS1_NUM_reg[1]/R
  -------------------------------------------------------------------    -------------------

                         (clock sys_clk_pin rise edge)
                                                     12.000    12.000 r  
    E3                                                0.000    12.000 r  CLK (IN)
                         net (fo=0)                   0.000    12.000    CLK
    E3                   IBUF (Prop_ibuf_I_O)         1.411    13.411 r  CLK_IBUF_inst/O
                         net (fo=1, routed)           1.920    15.331    CLK_IBUF
    BUFGCTRL_X0Y16       BUFG (Prop_bufg_I_O)         0.091    15.422 r  CLK_IBUF_BUFG_inst/O
                         net (fo=1749, routed)        1.686    17.108    CLK_IBUF_BUFG
    SLICE_X16Y38         FDRE                                         r  ID_EX_RS1_NUM_reg[1]/C
                         clock pessimism              0.285    17.394    
                         clock uncertainty           -0.035    17.358    
    SLICE_X16Y38         FDRE (Setup_fdre_C_R)       -0.429    16.929    ID_EX_RS1_NUM_reg[1]
  -------------------------------------------------------------------
                         required time                         16.929    
                         arrival time                         -16.734    
  -------------------------------------------------------------------
                         slack                                  0.195    





Min Delay Paths
--------------------------------------------------------------------------------------
Slack (MET) :             0.048ns  (arrival time - required time)
  Source:                 EX_MEM_ALU_RESULT_reg[2]_rep__2/C
                            (rising edge-triggered cell FDRE clocked by sys_clk_pin  {rise@0.000ns fall@10.000ns period=12.000ns})
  Destination:            dmem/mem_reg_512_767_5_5/RAMS64E_A/ADR0
                            (rising edge-triggered cell RAMS64E clocked by sys_clk_pin  {rise@0.000ns fall@10.000ns period=12.000ns})
  Path Group:             sys_clk_pin
  Path Type:              Hold (Min at Fast Process Corner)
  Requirement:            0.000ns  (sys_clk_pin rise@0.000ns - sys_clk_pin rise@0.000ns)
  Data Path Delay:        0.371ns  (logic 0.141ns (38.053%)  route 0.230ns (61.947%))
  Logic Levels:           0  
  Clock Path Skew:        0.013ns (DCD - SCD - CPR)
    Destination Clock Delay (DCD):    2.040ns
    Source Clock Delay      (SCD):    1.523ns
    Clock Pessimism Removal (CPR):    0.503ns

    Location             Delay type                Incr(ns)  Path(ns)    Netlist Resource(s)
  -------------------------------------------------------------------    -------------------
                         (clock sys_clk_pin rise edge)
                                                      0.000     0.000 r  
    E3                                                0.000     0.000 r  CLK (IN)
                         net (fo=0)                   0.000     0.000    CLK
    E3                   IBUF (Prop_ibuf_I_O)         0.250     0.250 r  CLK_IBUF_inst/O
                         net (fo=1, routed)           0.644     0.894    CLK_IBUF
    BUFGCTRL_X0Y16       BUFG (Prop_bufg_I_O)         0.026     0.920 r  CLK_IBUF_BUFG_inst/O
                         net (fo=1749, routed)        0.604     1.523    CLK_IBUF_BUFG
    SLICE_X7Y52          FDRE                                         r  EX_MEM_ALU_RESULT_reg[2]_rep__2/C
  -------------------------------------------------------------------    -------------------
    SLICE_X7Y52          FDRE (Prop_fdre_C_Q)         0.141     1.664 r  EX_MEM_ALU_RESULT_reg[2]_rep__2/Q
                         net (fo=128, routed)         0.230     1.894    dmem/mem_reg_512_767_5_5/A0
    SLICE_X6Y52          RAMS64E                                      r  dmem/mem_reg_512_767_5_5/RAMS64E_A/ADR0
  -------------------------------------------------------------------    -------------------

                         (clock sys_clk_pin rise edge)
                                                      0.000     0.000 r  
    E3                                                0.000     0.000 r  CLK (IN)
                         net (fo=0)                   0.000     0.000    CLK
    E3                   IBUF (Prop_ibuf_I_O)         0.438     0.438 r  CLK_IBUF_inst/O
                         net (fo=1, routed)           0.699     1.136    CLK_IBUF
    BUFGCTRL_X0Y16       BUFG (Prop_bufg_I_O)         0.029     1.165 r  CLK_IBUF_BUFG_inst/O
                         net (fo=1749, routed)        0.875     2.040    dmem/mem_reg_512_767_5_5/WCLK
    SLICE_X6Y52          RAMS64E                                      r  dmem/mem_reg_512_767_5_5/RAMS64E_A/CLK
                         clock pessimism             -0.503     1.536    
    SLICE_X6Y52          RAMS64E (Hold_rams64e_CLK_ADR0)
                                                      0.310     1.846    dmem/mem_reg_512_767_5_5/RAMS64E_A
  -------------------------------------------------------------------
                         required time                         -1.846    
                         arrival time                           1.894    
  -------------------------------------------------------------------
                         slack                                  0.048    

Slack (MET) :             0.048ns  (arrival time - required time)
  Source:                 EX_MEM_ALU_RESULT_reg[2]_rep__2/C
                            (rising edge-triggered cell FDRE clocked by sys_clk_pin  {rise@0.000ns fall@10.000ns period=12.000ns})
  Destination:            dmem/mem_reg_512_767_5_5/RAMS64E_B/ADR0
                            (rising edge-triggered cell RAMS64E clocked by sys_clk_pin  {rise@0.000ns fall@10.000ns period=12.000ns})
  Path Group:             sys_clk_pin
  Path Type:              Hold (Min at Fast Process Corner)
  Requirement:            0.000ns  (sys_clk_pin rise@0.000ns - sys_clk_pin rise@0.000ns)
  Data Path Delay:        0.371ns  (logic 0.141ns (38.053%)  route 0.230ns (61.947%))
  Logic Levels:           0  
  Clock Path Skew:        0.013ns (DCD - SCD - CPR)
    Destination Clock Delay (DCD):    2.040ns
    Source Clock Delay      (SCD):    1.523ns
    Clock Pessimism Removal (CPR):    0.503ns

    Location             Delay type                Incr(ns)  Path(ns)    Netlist Resource(s)
  -------------------------------------------------------------------    -------------------
                         (clock sys_clk_pin rise edge)
                                                      0.000     0.000 r  
    E3                                                0.000     0.000 r  CLK (IN)
                         net (fo=0)                   0.000     0.000    CLK
    E3                   IBUF (Prop_ibuf_I_O)         0.250     0.250 r  CLK_IBUF_inst/O
                         net (fo=1, routed)           0.644     0.894    CLK_IBUF
    BUFGCTRL_X0Y16       BUFG (Prop_bufg_I_O)         0.026     0.920 r  CLK_IBUF_BUFG_inst/O
                         net (fo=1749, routed)        0.604     1.523    CLK_IBUF_BUFG
    SLICE_X7Y52          FDRE                                         r  EX_MEM_ALU_RESULT_reg[2]_rep__2/C
  -------------------------------------------------------------------    -------------------
    SLICE_X7Y52          FDRE (Prop_fdre_C_Q)         0.141     1.664 r  EX_MEM_ALU_RESULT_reg[2]_rep__2/Q
                         net (fo=128, routed)         0.230     1.894    dmem/mem_reg_512_767_5_5/A0
    SLICE_X6Y52          RAMS64E                                      r  dmem/mem_reg_512_767_5_5/RAMS64E_B/ADR0
  -------------------------------------------------------------------    -------------------

                         (clock sys_clk_pin rise edge)
                                                      0.000     0.000 r  
    E3                                                0.000     0.000 r  CLK (IN)
                         net (fo=0)                   0.000     0.000    CLK
    E3                   IBUF (Prop_ibuf_I_O)         0.438     0.438 r  CLK_IBUF_inst/O
                         net (fo=1, routed)           0.699     1.136    CLK_IBUF
    BUFGCTRL_X0Y16       BUFG (Prop_bufg_I_O)         0.029     1.165 r  CLK_IBUF_BUFG_inst/O
                         net (fo=1749, routed)        0.875     2.040    dmem/mem_reg_512_767_5_5/WCLK
    SLICE_X6Y52          RAMS64E                                      r  dmem/mem_reg_512_767_5_5/RAMS64E_B/CLK
                         clock pessimism             -0.503     1.536    
    SLICE_X6Y52          RAMS64E (Hold_rams64e_CLK_ADR0)
                                                      0.310     1.846    dmem/mem_reg_512_767_5_5/RAMS64E_B
  -------------------------------------------------------------------
                         required time                         -1.846    
                         arrival time                           1.894    
  -------------------------------------------------------------------
                         slack                                  0.048    

Slack (MET) :             0.048ns  (arrival time - required time)
  Source:                 EX_MEM_ALU_RESULT_reg[2]_rep__2/C
                            (rising edge-triggered cell FDRE clocked by sys_clk_pin  {rise@0.000ns fall@10.000ns period=12.000ns})
  Destination:            dmem/mem_reg_512_767_5_5/RAMS64E_C/ADR0
                            (rising edge-triggered cell RAMS64E clocked by sys_clk_pin  {rise@0.000ns fall@10.000ns period=12.000ns})
  Path Group:             sys_clk_pin
  Path Type:              Hold (Min at Fast Process Corner)
  Requirement:            0.000ns  (sys_clk_pin rise@0.000ns - sys_clk_pin rise@0.000ns)
  Data Path Delay:        0.371ns  (logic 0.141ns (38.053%)  route 0.230ns (61.947%))
  Logic Levels:           0  
  Clock Path Skew:        0.013ns (DCD - SCD - CPR)
    Destination Clock Delay (DCD):    2.040ns
    Source Clock Delay      (SCD):    1.523ns
    Clock Pessimism Removal (CPR):    0.503ns

    Location             Delay type                Incr(ns)  Path(ns)    Netlist Resource(s)
  -------------------------------------------------------------------    -------------------
                         (clock sys_clk_pin rise edge)
                                                      0.000     0.000 r  
    E3                                                0.000     0.000 r  CLK (IN)
                         net (fo=0)                   0.000     0.000    CLK
    E3                   IBUF (Prop_ibuf_I_O)         0.250     0.250 r  CLK_IBUF_inst/O
                         net (fo=1, routed)           0.644     0.894    CLK_IBUF
    BUFGCTRL_X0Y16       BUFG (Prop_bufg_I_O)         0.026     0.920 r  CLK_IBUF_BUFG_inst/O
                         net (fo=1749, routed)        0.604     1.523    CLK_IBUF_BUFG
    SLICE_X7Y52          FDRE                                         r  EX_MEM_ALU_RESULT_reg[2]_rep__2/C
  -------------------------------------------------------------------    -------------------
    SLICE_X7Y52          FDRE (Prop_fdre_C_Q)         0.141     1.664 r  EX_MEM_ALU_RESULT_reg[2]_rep__2/Q
                         net (fo=128, routed)         0.230     1.894    dmem/mem_reg_512_767_5_5/A0
    SLICE_X6Y52          RAMS64E                                      r  dmem/mem_reg_512_767_5_5/RAMS64E_C/ADR0
  -------------------------------------------------------------------    -------------------

                         (clock sys_clk_pin rise edge)
                                                      0.000     0.000 r  
    E3                                                0.000     0.000 r  CLK (IN)
                         net (fo=0)                   0.000     0.000    CLK
    E3                   IBUF (Prop_ibuf_I_O)         0.438     0.438 r  CLK_IBUF_inst/O
                         net (fo=1, routed)           0.699     1.136    CLK_IBUF
    BUFGCTRL_X0Y16       BUFG (Prop_bufg_I_O)         0.029     1.165 r  CLK_IBUF_BUFG_inst/O
                         net (fo=1749, routed)        0.875     2.040    dmem/mem_reg_512_767_5_5/WCLK
    SLICE_X6Y52          RAMS64E                                      r  dmem/mem_reg_512_767_5_5/RAMS64E_C/CLK
                         clock pessimism             -0.503     1.536    
    SLICE_X6Y52          RAMS64E (Hold_rams64e_CLK_ADR0)
                                                      0.310     1.846    dmem/mem_reg_512_767_5_5/RAMS64E_C
  -------------------------------------------------------------------
                         required time                         -1.846    
                         arrival time                           1.894    
  -------------------------------------------------------------------
                         slack                                  0.048    

Slack (MET) :             0.048ns  (arrival time - required time)
  Source:                 EX_MEM_ALU_RESULT_reg[2]_rep__2/C
                            (rising edge-triggered cell FDRE clocked by sys_clk_pin  {rise@0.000ns fall@10.000ns period=12.000ns})
  Destination:            dmem/mem_reg_512_767_5_5/RAMS64E_D/ADR0
                            (rising edge-triggered cell RAMS64E clocked by sys_clk_pin  {rise@0.000ns fall@10.000ns period=12.000ns})
  Path Group:             sys_clk_pin
  Path Type:              Hold (Min at Fast Process Corner)
  Requirement:            0.000ns  (sys_clk_pin rise@0.000ns - sys_clk_pin rise@0.000ns)
  Data Path Delay:        0.371ns  (logic 0.141ns (38.053%)  route 0.230ns (61.947%))
  Logic Levels:           0  
  Clock Path Skew:        0.013ns (DCD - SCD - CPR)
    Destination Clock Delay (DCD):    2.040ns
    Source Clock Delay      (SCD):    1.523ns
    Clock Pessimism Removal (CPR):    0.503ns

    Location             Delay type                Incr(ns)  Path(ns)    Netlist Resource(s)
  -------------------------------------------------------------------    -------------------
                         (clock sys_clk_pin rise edge)
                                                      0.000     0.000 r  
    E3                                                0.000     0.000 r  CLK (IN)
                         net (fo=0)                   0.000     0.000    CLK
    E3                   IBUF (Prop_ibuf_I_O)         0.250     0.250 r  CLK_IBUF_inst/O
                         net (fo=1, routed)           0.644     0.894    CLK_IBUF
    BUFGCTRL_X0Y16       BUFG (Prop_bufg_I_O)         0.026     0.920 r  CLK_IBUF_BUFG_inst/O
                         net (fo=1749, routed)        0.604     1.523    CLK_IBUF_BUFG
    SLICE_X7Y52          FDRE                                         r  EX_MEM_ALU_RESULT_reg[2]_rep__2/C
  -------------------------------------------------------------------    -------------------
    SLICE_X7Y52          FDRE (Prop_fdre_C_Q)         0.141     1.664 r  EX_MEM_ALU_RESULT_reg[2]_rep__2/Q
                         net (fo=128, routed)         0.230     1.894    dmem/mem_reg_512_767_5_5/A0
    SLICE_X6Y52          RAMS64E                                      r  dmem/mem_reg_512_767_5_5/RAMS64E_D/ADR0
  -------------------------------------------------------------------    -------------------

                         (clock sys_clk_pin rise edge)
                                                      0.000     0.000 r  
    E3                                                0.000     0.000 r  CLK (IN)
                         net (fo=0)                   0.000     0.000    CLK
    E3                   IBUF (Prop_ibuf_I_O)         0.438     0.438 r  CLK_IBUF_inst/O
                         net (fo=1, routed)           0.699     1.136    CLK_IBUF
    BUFGCTRL_X0Y16       BUFG (Prop_bufg_I_O)         0.029     1.165 r  CLK_IBUF_BUFG_inst/O
                         net (fo=1749, routed)        0.875     2.040    dmem/mem_reg_512_767_5_5/WCLK
    SLICE_X6Y52          RAMS64E                                      r  dmem/mem_reg_512_767_5_5/RAMS64E_D/CLK
                         clock pessimism             -0.503     1.536    
    SLICE_X6Y52          RAMS64E (Hold_rams64e_CLK_ADR0)
                                                      0.310     1.846    dmem/mem_reg_512_767_5_5/RAMS64E_D
  -------------------------------------------------------------------
                         required time                         -1.846    
                         arrival time                           1.894    
  -------------------------------------------------------------------
                         slack                                  0.048    

Slack (MET) :             0.074ns  (arrival time - required time)
  Source:                 EX_MEM_ALU_RESULT_reg[2]_rep__5/C
                            (rising edge-triggered cell FDRE clocked by sys_clk_pin  {rise@0.000ns fall@10.000ns period=12.000ns})
  Destination:            dmem/mem_reg_1024_1279_26_26/RAMS64E_A/ADR0
                            (rising edge-triggered cell RAMS64E clocked by sys_clk_pin  {rise@0.000ns fall@10.000ns period=12.000ns})
  Path Group:             sys_clk_pin
  Path Type:              Hold (Min at Fast Process Corner)
  Requirement:            0.000ns  (sys_clk_pin rise@0.000ns - sys_clk_pin rise@0.000ns)
  Data Path Delay:        0.397ns  (logic 0.141ns (35.513%)  route 0.256ns (64.487%))
  Logic Levels:           0  
  Clock Path Skew:        0.013ns (DCD - SCD - CPR)
    Destination Clock Delay (DCD):    2.112ns
    Source Clock Delay      (SCD):    1.590ns
    Clock Pessimism Removal (CPR):    0.509ns

    Location             Delay type                Incr(ns)  Path(ns)    Netlist Resource(s)
  -------------------------------------------------------------------    -------------------
                         (clock sys_clk_pin rise edge)
                                                      0.000     0.000 r  
    E3                                                0.000     0.000 r  CLK (IN)
                         net (fo=0)                   0.000     0.000    CLK
    E3                   IBUF (Prop_ibuf_I_O)         0.250     0.250 r  CLK_IBUF_inst/O
                         net (fo=1, routed)           0.644     0.894    CLK_IBUF
    BUFGCTRL_X0Y16       BUFG (Prop_bufg_I_O)         0.026     0.920 r  CLK_IBUF_BUFG_inst/O
                         net (fo=1749, routed)        0.670     1.590    CLK_IBUF_BUFG
    SLICE_X7Y48          FDRE                                         r  EX_MEM_ALU_RESULT_reg[2]_rep__5/C
  -------------------------------------------------------------------    -------------------
    SLICE_X7Y48          FDRE (Prop_fdre_C_Q)         0.141     1.731 r  EX_MEM_ALU_RESULT_reg[2]_rep__5/Q
                         net (fo=131, routed)         0.256     1.987    dmem/mem_reg_1024_1279_26_26/A0
    SLICE_X6Y48          RAMS64E                                      r  dmem/mem_reg_1024_1279_26_26/RAMS64E_A/ADR0
  -------------------------------------------------------------------    -------------------

                         (clock sys_clk_pin rise edge)
                                                      0.000     0.000 r  
    E3                                                0.000     0.000 r  CLK (IN)
                         net (fo=0)                   0.000     0.000    CLK
    E3                   IBUF (Prop_ibuf_I_O)         0.438     0.438 r  CLK_IBUF_inst/O
                         net (fo=1, routed)           0.699     1.136    CLK_IBUF
    BUFGCTRL_X0Y16       BUFG (Prop_bufg_I_O)         0.029     1.165 r  CLK_IBUF_BUFG_inst/O
                         net (fo=1749, routed)        0.947     2.112    dmem/mem_reg_1024_1279_26_26/WCLK
    SLICE_X6Y48          RAMS64E                                      r  dmem/mem_reg_1024_1279_26_26/RAMS64E_A/CLK
                         clock pessimism             -0.509     1.603    
    SLICE_X6Y48          RAMS64E (Hold_rams64e_CLK_ADR0)
                                                      0.310     1.913    dmem/mem_reg_1024_1279_26_26/RAMS64E_A
  -------------------------------------------------------------------
                         required time                         -1.913    
                         arrival time                           1.987    
  -------------------------------------------------------------------
                         slack                                  0.074    

Slack (MET) :             0.074ns  (arrival time - required time)
  Source:                 EX_MEM_ALU_RESULT_reg[2]_rep__5/C
                            (rising edge-triggered cell FDRE clocked by sys_clk_pin  {rise@0.000ns fall@10.000ns period=12.000ns})
  Destination:            dmem/mem_reg_1024_1279_26_26/RAMS64E_B/ADR0
                            (rising edge-triggered cell RAMS64E clocked by sys_clk_pin  {rise@0.000ns fall@10.000ns period=12.000ns})
  Path Group:             sys_clk_pin
  Path Type:              Hold (Min at Fast Process Corner)
  Requirement:            0.000ns  (sys_clk_pin rise@0.000ns - sys_clk_pin rise@0.000ns)
  Data Path Delay:        0.397ns  (logic 0.141ns (35.513%)  route 0.256ns (64.487%))
  Logic Levels:           0  
  Clock Path Skew:        0.013ns (DCD - SCD - CPR)
    Destination Clock Delay (DCD):    2.112ns
    Source Clock Delay      (SCD):    1.590ns
    Clock Pessimism Removal (CPR):    0.509ns

    Location             Delay type                Incr(ns)  Path(ns)    Netlist Resource(s)
  -------------------------------------------------------------------    -------------------
                         (clock sys_clk_pin rise edge)
                                                      0.000     0.000 r  
    E3                                                0.000     0.000 r  CLK (IN)
                         net (fo=0)                   0.000     0.000    CLK
    E3                   IBUF (Prop_ibuf_I_O)         0.250     0.250 r  CLK_IBUF_inst/O
                         net (fo=1, routed)           0.644     0.894    CLK_IBUF
    BUFGCTRL_X0Y16       BUFG (Prop_bufg_I_O)         0.026     0.920 r  CLK_IBUF_BUFG_inst/O
                         net (fo=1749, routed)        0.670     1.590    CLK_IBUF_BUFG
    SLICE_X7Y48          FDRE                                         r  EX_MEM_ALU_RESULT_reg[2]_rep__5/C
  -------------------------------------------------------------------    -------------------
    SLICE_X7Y48          FDRE (Prop_fdre_C_Q)         0.141     1.731 r  EX_MEM_ALU_RESULT_reg[2]_rep__5/Q
                         net (fo=131, routed)         0.256     1.987    dmem/mem_reg_1024_1279_26_26/A0
    SLICE_X6Y48          RAMS64E                                      r  dmem/mem_reg_1024_1279_26_26/RAMS64E_B/ADR0
  -------------------------------------------------------------------    -------------------

                         (clock sys_clk_pin rise edge)
                                                      0.000     0.000 r  
    E3                                                0.000     0.000 r  CLK (IN)
                         net (fo=0)                   0.000     0.000    CLK
    E3                   IBUF (Prop_ibuf_I_O)         0.438     0.438 r  CLK_IBUF_inst/O
                         net (fo=1, routed)           0.699     1.136    CLK_IBUF
    BUFGCTRL_X0Y16       BUFG (Prop_bufg_I_O)         0.029     1.165 r  CLK_IBUF_BUFG_inst/O
                         net (fo=1749, routed)        0.947     2.112    dmem/mem_reg_1024_1279_26_26/WCLK
    SLICE_X6Y48          RAMS64E                                      r  dmem/mem_reg_1024_1279_26_26/RAMS64E_B/CLK
                         clock pessimism             -0.509     1.603    
    SLICE_X6Y48          RAMS64E (Hold_rams64e_CLK_ADR0)
                                                      0.310     1.913    dmem/mem_reg_1024_1279_26_26/RAMS64E_B
  -------------------------------------------------------------------
                         required time                         -1.913    
                         arrival time                           1.987    
  -------------------------------------------------------------------
                         slack                                  0.074    

Slack (MET) :             0.074ns  (arrival time - required time)
  Source:                 EX_MEM_ALU_RESULT_reg[2]_rep__5/C
                            (rising edge-triggered cell FDRE clocked by sys_clk_pin  {rise@0.000ns fall@10.000ns period=12.000ns})
  Destination:            dmem/mem_reg_1024_1279_26_26/RAMS64E_C/ADR0
                            (rising edge-triggered cell RAMS64E clocked by sys_clk_pin  {rise@0.000ns fall@10.000ns period=12.000ns})
  Path Group:             sys_clk_pin
  Path Type:              Hold (Min at Fast Process Corner)
  Requirement:            0.000ns  (sys_clk_pin rise@0.000ns - sys_clk_pin rise@0.000ns)
  Data Path Delay:        0.397ns  (logic 0.141ns (35.513%)  route 0.256ns (64.487%))
  Logic Levels:           0  
  Clock Path Skew:        0.013ns (DCD - SCD - CPR)
    Destination Clock Delay (DCD):    2.112ns
    Source Clock Delay      (SCD):    1.590ns
    Clock Pessimism Removal (CPR):    0.509ns

    Location             Delay type                Incr(ns)  Path(ns)    Netlist Resource(s)
  -------------------------------------------------------------------    -------------------
                         (clock sys_clk_pin rise edge)
                                                      0.000     0.000 r  
    E3                                                0.000     0.000 r  CLK (IN)
                         net (fo=0)                   0.000     0.000    CLK
    E3                   IBUF (Prop_ibuf_I_O)         0.250     0.250 r  CLK_IBUF_inst/O
                         net (fo=1, routed)           0.644     0.894    CLK_IBUF
    BUFGCTRL_X0Y16       BUFG (Prop_bufg_I_O)         0.026     0.920 r  CLK_IBUF_BUFG_inst/O
                         net (fo=1749, routed)        0.670     1.590    CLK_IBUF_BUFG
    SLICE_X7Y48          FDRE                                         r  EX_MEM_ALU_RESULT_reg[2]_rep__5/C
  -------------------------------------------------------------------    -------------------
    SLICE_X7Y48          FDRE (Prop_fdre_C_Q)         0.141     1.731 r  EX_MEM_ALU_RESULT_reg[2]_rep__5/Q
                         net (fo=131, routed)         0.256     1.987    dmem/mem_reg_1024_1279_26_26/A0
    SLICE_X6Y48          RAMS64E                                      r  dmem/mem_reg_1024_1279_26_26/RAMS64E_C/ADR0
  -------------------------------------------------------------------    -------------------

                         (clock sys_clk_pin rise edge)
                                                      0.000     0.000 r  
    E3                                                0.000     0.000 r  CLK (IN)
                         net (fo=0)                   0.000     0.000    CLK
    E3                   IBUF (Prop_ibuf_I_O)         0.438     0.438 r  CLK_IBUF_inst/O
                         net (fo=1, routed)           0.699     1.136    CLK_IBUF
    BUFGCTRL_X0Y16       BUFG (Prop_bufg_I_O)         0.029     1.165 r  CLK_IBUF_BUFG_inst/O
                         net (fo=1749, routed)        0.947     2.112    dmem/mem_reg_1024_1279_26_26/WCLK
    SLICE_X6Y48          RAMS64E                                      r  dmem/mem_reg_1024_1279_26_26/RAMS64E_C/CLK
                         clock pessimism             -0.509     1.603    
    SLICE_X6Y48          RAMS64E (Hold_rams64e_CLK_ADR0)
                                                      0.310     1.913    dmem/mem_reg_1024_1279_26_26/RAMS64E_C
  -------------------------------------------------------------------
                         required time                         -1.913    
                         arrival time                           1.987    
  -------------------------------------------------------------------
                         slack                                  0.074    

Slack (MET) :             0.074ns  (arrival time - required time)
  Source:                 EX_MEM_ALU_RESULT_reg[2]_rep__5/C
                            (rising edge-triggered cell FDRE clocked by sys_clk_pin  {rise@0.000ns fall@10.000ns period=12.000ns})
  Destination:            dmem/mem_reg_1024_1279_26_26/RAMS64E_D/ADR0
                            (rising edge-triggered cell RAMS64E clocked by sys_clk_pin  {rise@0.000ns fall@10.000ns period=12.000ns})
  Path Group:             sys_clk_pin
  Path Type:              Hold (Min at Fast Process Corner)
  Requirement:            0.000ns  (sys_clk_pin rise@0.000ns - sys_clk_pin rise@0.000ns)
  Data Path Delay:        0.397ns  (logic 0.141ns (35.513%)  route 0.256ns (64.487%))
  Logic Levels:           0  
  Clock Path Skew:        0.013ns (DCD - SCD - CPR)
    Destination Clock Delay (DCD):    2.112ns
    Source Clock Delay      (SCD):    1.590ns
    Clock Pessimism Removal (CPR):    0.509ns

    Location             Delay type                Incr(ns)  Path(ns)    Netlist Resource(s)
  -------------------------------------------------------------------    -------------------
                         (clock sys_clk_pin rise edge)
                                                      0.000     0.000 r  
    E3                                                0.000     0.000 r  CLK (IN)
                         net (fo=0)                   0.000     0.000    CLK
    E3                   IBUF (Prop_ibuf_I_O)         0.250     0.250 r  CLK_IBUF_inst/O
                         net (fo=1, routed)           0.644     0.894    CLK_IBUF
    BUFGCTRL_X0Y16       BUFG (Prop_bufg_I_O)         0.026     0.920 r  CLK_IBUF_BUFG_inst/O
                         net (fo=1749, routed)        0.670     1.590    CLK_IBUF_BUFG
    SLICE_X7Y48          FDRE                                         r  EX_MEM_ALU_RESULT_reg[2]_rep__5/C
  -------------------------------------------------------------------    -------------------
    SLICE_X7Y48          FDRE (Prop_fdre_C_Q)         0.141     1.731 r  EX_MEM_ALU_RESULT_reg[2]_rep__5/Q
                         net (fo=131, routed)         0.256     1.987    dmem/mem_reg_1024_1279_26_26/A0
    SLICE_X6Y48          RAMS64E                                      r  dmem/mem_reg_1024_1279_26_26/RAMS64E_D/ADR0
  -------------------------------------------------------------------    -------------------

                         (clock sys_clk_pin rise edge)
                                                      0.000     0.000 r  
    E3                                                0.000     0.000 r  CLK (IN)
                         net (fo=0)                   0.000     0.000    CLK
    E3                   IBUF (Prop_ibuf_I_O)         0.438     0.438 r  CLK_IBUF_inst/O
                         net (fo=1, routed)           0.699     1.136    CLK_IBUF
    BUFGCTRL_X0Y16       BUFG (Prop_bufg_I_O)         0.029     1.165 r  CLK_IBUF_BUFG_inst/O
                         net (fo=1749, routed)        0.947     2.112    dmem/mem_reg_1024_1279_26_26/WCLK
    SLICE_X6Y48          RAMS64E                                      r  dmem/mem_reg_1024_1279_26_26/RAMS64E_D/CLK
                         clock pessimism             -0.509     1.603    
    SLICE_X6Y48          RAMS64E (Hold_rams64e_CLK_ADR0)
                                                      0.310     1.913    dmem/mem_reg_1024_1279_26_26/RAMS64E_D
  -------------------------------------------------------------------
                         required time                         -1.913    
                         arrival time                           1.987    
  -------------------------------------------------------------------
                         slack                                  0.074    

Slack (MET) :             0.090ns  (arrival time - required time)
  Source:                 EX_MEM_ALU_RESULT_reg[7]_rep__2/C
                            (rising edge-triggered cell FDRE clocked by sys_clk_pin  {rise@0.000ns fall@10.000ns period=12.000ns})
  Destination:            dmem/mem_reg_768_1023_4_4/RAMS64E_A/ADR5
                            (rising edge-triggered cell RAMS64E clocked by sys_clk_pin  {rise@0.000ns fall@10.000ns period=12.000ns})
  Path Group:             sys_clk_pin
  Path Type:              Hold (Min at Fast Process Corner)
  Requirement:            0.000ns  (sys_clk_pin rise@0.000ns - sys_clk_pin rise@0.000ns)
  Data Path Delay:        0.456ns  (logic 0.141ns (30.926%)  route 0.315ns (69.074%))
  Logic Levels:           0  
  Clock Path Skew:        0.196ns (DCD - SCD - CPR)
    Destination Clock Delay (DCD):    2.009ns
    Source Clock Delay      (SCD):    1.562ns
    Clock Pessimism Removal (CPR):    0.250ns

    Location             Delay type                Incr(ns)  Path(ns)    Netlist Resource(s)
  -------------------------------------------------------------------    -------------------
                         (clock sys_clk_pin rise edge)
                                                      0.000     0.000 r  
    E3                                                0.000     0.000 r  CLK (IN)
                         net (fo=0)                   0.000     0.000    CLK
    E3                   IBUF (Prop_ibuf_I_O)         0.250     0.250 r  CLK_IBUF_inst/O
                         net (fo=1, routed)           0.644     0.894    CLK_IBUF
    BUFGCTRL_X0Y16       BUFG (Prop_bufg_I_O)         0.026     0.920 r  CLK_IBUF_BUFG_inst/O
                         net (fo=1749, routed)        0.642     1.562    CLK_IBUF_BUFG
    SLICE_X9Y49          FDRE                                         r  EX_MEM_ALU_RESULT_reg[7]_rep__2/C
  -------------------------------------------------------------------    -------------------
    SLICE_X9Y49          FDRE (Prop_fdre_C_Q)         0.141     1.703 r  EX_MEM_ALU_RESULT_reg[7]_rep__2/Q
                         net (fo=128, routed)         0.315     2.018    dmem/mem_reg_768_1023_4_4/A5
    SLICE_X10Y60         RAMS64E                                      r  dmem/mem_reg_768_1023_4_4/RAMS64E_A/ADR5
  -------------------------------------------------------------------    -------------------

                         (clock sys_clk_pin rise edge)
                                                      0.000     0.000 r  
    E3                                                0.000     0.000 r  CLK (IN)
                         net (fo=0)                   0.000     0.000    CLK
    E3                   IBUF (Prop_ibuf_I_O)         0.438     0.438 r  CLK_IBUF_inst/O
                         net (fo=1, routed)           0.699     1.136    CLK_IBUF
    BUFGCTRL_X0Y16       BUFG (Prop_bufg_I_O)         0.029     1.165 r  CLK_IBUF_BUFG_inst/O
                         net (fo=1749, routed)        0.844     2.009    dmem/mem_reg_768_1023_4_4/WCLK
    SLICE_X10Y60         RAMS64E                                      r  dmem/mem_reg_768_1023_4_4/RAMS64E_A/CLK
                         clock pessimism             -0.250     1.758    
    SLICE_X10Y60         RAMS64E (Hold_rams64e_CLK_ADR5)
                                                      0.170     1.928    dmem/mem_reg_768_1023_4_4/RAMS64E_A
  -------------------------------------------------------------------
                         required time                         -1.928    
                         arrival time                           2.018    
  -------------------------------------------------------------------
                         slack                                  0.090    

Slack (MET) :             0.090ns  (arrival time - required time)
  Source:                 EX_MEM_ALU_RESULT_reg[7]_rep__2/C
                            (rising edge-triggered cell FDRE clocked by sys_clk_pin  {rise@0.000ns fall@10.000ns period=12.000ns})
  Destination:            dmem/mem_reg_768_1023_4_4/RAMS64E_B/ADR5
                            (rising edge-triggered cell RAMS64E clocked by sys_clk_pin  {rise@0.000ns fall@10.000ns period=12.000ns})
  Path Group:             sys_clk_pin
  Path Type:              Hold (Min at Fast Process Corner)
  Requirement:            0.000ns  (sys_clk_pin rise@0.000ns - sys_clk_pin rise@0.000ns)
  Data Path Delay:        0.456ns  (logic 0.141ns (30.926%)  route 0.315ns (69.074%))
  Logic Levels:           0  
  Clock Path Skew:        0.196ns (DCD - SCD - CPR)
    Destination Clock Delay (DCD):    2.009ns
    Source Clock Delay      (SCD):    1.562ns
    Clock Pessimism Removal (CPR):    0.250ns

    Location             Delay type                Incr(ns)  Path(ns)    Netlist Resource(s)
  -------------------------------------------------------------------    -------------------
                         (clock sys_clk_pin rise edge)
                                                      0.000     0.000 r  
    E3                                                0.000     0.000 r  CLK (IN)
                         net (fo=0)                   0.000     0.000    CLK
    E3                   IBUF (Prop_ibuf_I_O)         0.250     0.250 r  CLK_IBUF_inst/O
                         net (fo=1, routed)           0.644     0.894    CLK_IBUF
    BUFGCTRL_X0Y16       BUFG (Prop_bufg_I_O)         0.026     0.920 r  CLK_IBUF_BUFG_inst/O
                         net (fo=1749, routed)        0.642     1.562    CLK_IBUF_BUFG
    SLICE_X9Y49          FDRE                                         r  EX_MEM_ALU_RESULT_reg[7]_rep__2/C
  -------------------------------------------------------------------    -------------------
    SLICE_X9Y49          FDRE (Prop_fdre_C_Q)         0.141     1.703 r  EX_MEM_ALU_RESULT_reg[7]_rep__2/Q
                         net (fo=128, routed)         0.315     2.018    dmem/mem_reg_768_1023_4_4/A5
    SLICE_X10Y60         RAMS64E                                      r  dmem/mem_reg_768_1023_4_4/RAMS64E_B/ADR5
  -------------------------------------------------------------------    -------------------

                         (clock sys_clk_pin rise edge)
                                                      0.000     0.000 r  
    E3                                                0.000     0.000 r  CLK (IN)
                         net (fo=0)                   0.000     0.000    CLK
    E3                   IBUF (Prop_ibuf_I_O)         0.438     0.438 r  CLK_IBUF_inst/O
                         net (fo=1, routed)           0.699     1.136    CLK_IBUF
    BUFGCTRL_X0Y16       BUFG (Prop_bufg_I_O)         0.029     1.165 r  CLK_IBUF_BUFG_inst/O
                         net (fo=1749, routed)        0.844     2.009    dmem/mem_reg_768_1023_4_4/WCLK
    SLICE_X10Y60         RAMS64E                                      r  dmem/mem_reg_768_1023_4_4/RAMS64E_B/CLK
                         clock pessimism             -0.250     1.758    
    SLICE_X10Y60         RAMS64E (Hold_rams64e_CLK_ADR5)
                                                      0.170     1.928    dmem/mem_reg_768_1023_4_4/RAMS64E_B
  -------------------------------------------------------------------
                         required time                         -1.928    
                         arrival time                           2.018    
  -------------------------------------------------------------------
                         slack                                  0.090    





Pulse Width Checks
--------------------------------------------------------------------------------------
Clock Name:         sys_clk_pin
Waveform(ns):       { 0.000 10.000 }
Period(ns):         12.000
Sources:            { CLK }

Check Type        Corner  Lib Pin      Reference Pin  Required(ns)  Actual(ns)  Slack(ns)  Location        Pin
Min Period        n/a     BUFG/I       n/a            2.155         12.000      9.845      BUFGCTRL_X0Y16  CLK_IBUF_BUFG_inst/I
Min Period        n/a     FDRE/C       n/a            1.000         12.000      11.000     SLICE_X28Y43    EX_MEM_ALU_RESULT_reg[0]/C
Min Period        n/a     FDRE/C       n/a            1.000         12.000      11.000     SLICE_X27Y43    EX_MEM_ALU_RESULT_reg[10]/C
Min Period        n/a     FDRE/C       n/a            1.000         12.000      11.000     SLICE_X26Y43    EX_MEM_ALU_RESULT_reg[11]/C
Min Period        n/a     FDRE/C       n/a            1.000         12.000      11.000     SLICE_X28Y43    EX_MEM_ALU_RESULT_reg[12]/C
Min Period        n/a     FDRE/C       n/a            1.000         12.000      11.000     SLICE_X16Y37    EX_MEM_ALU_RESULT_reg[13]/C
Min Period        n/a     FDRE/C       n/a            1.000         12.000      11.000     SLICE_X20Y43    EX_MEM_ALU_RESULT_reg[14]/C
Min Period        n/a     FDRE/C       n/a            1.000         12.000      11.000     SLICE_X27Y42    EX_MEM_ALU_RESULT_reg[15]/C
Min Period        n/a     FDRE/C       n/a            1.000         12.000      11.000     SLICE_X16Y44    EX_MEM_ALU_RESULT_reg[16]/C
Min Period        n/a     FDRE/C       n/a            1.000         12.000      11.000     SLICE_X22Y37    EX_MEM_ALU_RESULT_reg[17]/C
Low Pulse Width   Slow    RAMS64E/CLK  n/a            1.250         2.000       0.750      SLICE_X10Y47    dmem/mem_reg_0_255_0_0/RAMS64E_A/CLK
Low Pulse Width   Fast    RAMS64E/CLK  n/a            1.250         2.000       0.750      SLICE_X10Y47    dmem/mem_reg_0_255_0_0/RAMS64E_A/CLK
Low Pulse Width   Slow    RAMS64E/CLK  n/a            1.250         2.000       0.750      SLICE_X10Y47    dmem/mem_reg_0_255_0_0/RAMS64E_B/CLK
Low Pulse Width   Fast    RAMS64E/CLK  n/a            1.250         2.000       0.750      SLICE_X10Y47    dmem/mem_reg_0_255_0_0/RAMS64E_B/CLK
Low Pulse Width   Slow    RAMS64E/CLK  n/a            1.250         2.000       0.750      SLICE_X10Y47    dmem/mem_reg_0_255_0_0/RAMS64E_C/CLK
Low Pulse Width   Fast    RAMS64E/CLK  n/a            1.250         2.000       0.750      SLICE_X10Y47    dmem/mem_reg_0_255_0_0/RAMS64E_C/CLK
Low Pulse Width   Slow    RAMS64E/CLK  n/a            1.250         2.000       0.750      SLICE_X10Y47    dmem/mem_reg_0_255_0_0/RAMS64E_D/CLK
Low Pulse Width   Fast    RAMS64E/CLK  n/a            1.250         2.000       0.750      SLICE_X10Y47    dmem/mem_reg_0_255_0_0/RAMS64E_D/CLK
Low Pulse Width   Slow    RAMS64E/CLK  n/a            1.250         2.000       0.750      SLICE_X6Y37     dmem/mem_reg_0_255_10_10/RAMS64E_A/CLK
Low Pulse Width   Fast    RAMS64E/CLK  n/a            1.250         2.000       0.750      SLICE_X6Y37     dmem/mem_reg_0_255_10_10/RAMS64E_A/CLK
High Pulse Width  Slow    RAMS64E/CLK  n/a            1.250         10.000      8.750      SLICE_X10Y47    dmem/mem_reg_0_255_0_0/RAMS64E_A/CLK
High Pulse Width  Fast    RAMS64E/CLK  n/a            1.250         10.000      8.750      SLICE_X10Y47    dmem/mem_reg_0_255_0_0/RAMS64E_A/CLK
High Pulse Width  Slow    RAMS64E/CLK  n/a            1.250         10.000      8.750      SLICE_X10Y47    dmem/mem_reg_0_255_0_0/RAMS64E_B/CLK
High Pulse Width  Fast    RAMS64E/CLK  n/a            1.250         10.000      8.750      SLICE_X10Y47    dmem/mem_reg_0_255_0_0/RAMS64E_B/CLK
High Pulse Width  Slow    RAMS64E/CLK  n/a            1.250         10.000      8.750      SLICE_X10Y47    dmem/mem_reg_0_255_0_0/RAMS64E_C/CLK
High Pulse Width  Fast    RAMS64E/CLK  n/a            1.250         10.000      8.750      SLICE_X10Y47    dmem/mem_reg_0_255_0_0/RAMS64E_C/CLK
High Pulse Width  Slow    RAMS64E/CLK  n/a            1.250         10.000      8.750      SLICE_X10Y47    dmem/mem_reg_0_255_0_0/RAMS64E_D/CLK
High Pulse Width  Fast    RAMS64E/CLK  n/a            1.250         10.000      8.750      SLICE_X10Y47    dmem/mem_reg_0_255_0_0/RAMS64E_D/CLK
High Pulse Width  Slow    RAMS64E/CLK  n/a            1.250         10.000      8.750      SLICE_X6Y37     dmem/mem_reg_0_255_10_10/RAMS64E_A/CLK
High Pulse Width  Fast    RAMS64E/CLK  n/a            1.250         10.000      8.750      SLICE_X6Y37     dmem/mem_reg_0_255_10_10/RAMS64E_A/CLK



--------------------------------------------------------------------------------------
Path Group:  (none)
From Clock:  sys_clk_pin
  To Clock:  

Max Delay            64 Endpoints
Min Delay            64 Endpoints
--------------------------------------------------------------------------------------


Max Delay Paths
--------------------------------------------------------------------------------------
Slack:                    inf
  Source:                 EX_MEM_ALU_RESULT_reg[3]_rep__4/C
                            (rising edge-triggered cell FDRE clocked by sys_clk_pin  {rise@0.000ns fall@10.000ns period=12.000ns})
  Destination:            daligner/iDATAO_reg[9]/D
  Path Group:             (none)
  Path Type:              Max at Slow Process Corner
  Data Path Delay:        14.271ns  (logic 2.153ns (15.087%)  route 12.118ns (84.913%))
  Logic Levels:           8  (LUT4=1 LUT6=3 MUXF7=2 MUXF8=1 RAMS64E=1)
  Clock Uncertainty:      0.025ns  ((TSJ^2 + TIJ^2)^1/2 + DJ) / 2 + PE
    Total System Jitter     (TSJ):    0.050ns
    Total Input Jitter      (TIJ):    0.000ns
    Discrete Jitter          (DJ):    0.000ns
    Phase Error              (PE):    0.000ns

    Location             Delay type                Incr(ns)  Path(ns)    Netlist Resource(s)
  -------------------------------------------------------------------    -------------------
                         (clock sys_clk_pin rise edge)
                                                      0.000     0.000 r  
    E3                                                0.000     0.000 r  CLK (IN)
                         net (fo=0)                   0.000     0.000    CLK
    E3                   IBUF (Prop_ibuf_I_O)         1.482     1.482 r  CLK_IBUF_inst/O
                         net (fo=1, routed)           2.025     3.506    CLK_IBUF
    BUFGCTRL_X0Y16       BUFG (Prop_bufg_I_O)         0.096     3.602 r  CLK_IBUF_BUFG_inst/O
                         net (fo=1749, routed)        1.646     5.249    CLK_IBUF_BUFG
    SLICE_X9Y56          FDRE                                         r  EX_MEM_ALU_RESULT_reg[3]_rep__4/C
  -------------------------------------------------------------------    -------------------
    SLICE_X9Y56          FDRE (Prop_fdre_C_Q)         0.456     5.705 r  EX_MEM_ALU_RESULT_reg[3]_rep__4/Q
                         net (fo=128, routed)         5.502    11.207    dmem/mem_reg_512_767_23_23/A1
    SLICE_X10Y79         RAMS64E (Prop_rams64e_ADR1_O)
                                                      0.317    11.524 r  dmem/mem_reg_512_767_23_23/RAMS64E_A/O
                         net (fo=1, routed)           0.000    11.524    dmem/mem_reg_512_767_23_23/OA
    SLICE_X10Y79         MUXF7 (Prop_muxf7_I1_O)      0.214    11.738 r  dmem/mem_reg_512_767_23_23/F7.A/O
                         net (fo=1, routed)           0.000    11.738    dmem/mem_reg_512_767_23_23/O1
    SLICE_X10Y79         MUXF8 (Prop_muxf8_I1_O)      0.088    11.826 r  dmem/mem_reg_512_767_23_23/F8/O
                         net (fo=1, routed)           1.131    12.958    dmem/mem_reg_512_767_23_23_n_0
    SLICE_X9Y75          LUT6 (Prop_lut6_I1_O)        0.319    13.277 r  dmem/iDATAO_reg[15]_i_3/O
                         net (fo=1, routed)           0.000    13.277    dmem/iDATAO_reg[15]_i_3_n_0
    SLICE_X9Y75          MUXF7 (Prop_muxf7_I0_O)      0.212    13.489 r  dmem/iDATAO_reg[15]_i_2/O
                         net (fo=3, routed)           1.749    15.237    dmem/MEM_MDATAI[23]
    SLICE_X5Y48          LUT6 (Prop_lut6_I5_O)        0.299    15.536 r  dmem/iDATAO_reg[7]_i_3/O
                         net (fo=2, routed)           0.802    16.338    dmem/daligner/iDATAO0_in[7]
    SLICE_X7Y48          LUT4 (Prop_lut4_I3_O)        0.124    16.462 r  dmem/iDATAO_reg[31]_i_3/O
                         net (fo=24, routed)          1.969    18.432    dmem/iDATAO_reg[31]_i_3_n_0
    SLICE_X15Y47         LUT6 (Prop_lut6_I0_O)        0.124    18.556 r  dmem/iDATAO_reg[9]_i_1/O
                         net (fo=1, routed)           0.964    19.519    daligner/D[9]
    SLICE_X25Y47         LDCE                                         r  daligner/iDATAO_reg[9]/D
  -------------------------------------------------------------------    -------------------

Slack:                    inf
  Source:                 EX_MEM_ALU_RESULT_reg[3]_rep__4/C
                            (rising edge-triggered cell FDRE clocked by sys_clk_pin  {rise@0.000ns fall@10.000ns period=12.000ns})
  Destination:            daligner/iDATAO_reg[8]/D
  Path Group:             (none)
  Path Type:              Max at Slow Process Corner
  Data Path Delay:        13.918ns  (logic 2.153ns (15.469%)  route 11.765ns (84.531%))
  Logic Levels:           8  (LUT4=1 LUT6=3 MUXF7=2 MUXF8=1 RAMS64E=1)
  Clock Uncertainty:      0.025ns  ((TSJ^2 + TIJ^2)^1/2 + DJ) / 2 + PE
    Total System Jitter     (TSJ):    0.050ns
    Total Input Jitter      (TIJ):    0.000ns
    Discrete Jitter          (DJ):    0.000ns
    Phase Error              (PE):    0.000ns

    Location             Delay type                Incr(ns)  Path(ns)    Netlist Resource(s)
  -------------------------------------------------------------------    -------------------
                         (clock sys_clk_pin rise edge)
                                                      0.000     0.000 r  
    E3                                                0.000     0.000 r  CLK (IN)
                         net (fo=0)                   0.000     0.000    CLK
    E3                   IBUF (Prop_ibuf_I_O)         1.482     1.482 r  CLK_IBUF_inst/O
                         net (fo=1, routed)           2.025     3.506    CLK_IBUF
    BUFGCTRL_X0Y16       BUFG (Prop_bufg_I_O)         0.096     3.602 r  CLK_IBUF_BUFG_inst/O
                         net (fo=1749, routed)        1.646     5.249    CLK_IBUF_BUFG
    SLICE_X9Y56          FDRE                                         r  EX_MEM_ALU_RESULT_reg[3]_rep__4/C
  -------------------------------------------------------------------    -------------------
    SLICE_X9Y56          FDRE (Prop_fdre_C_Q)         0.456     5.705 r  EX_MEM_ALU_RESULT_reg[3]_rep__4/Q
                         net (fo=128, routed)         5.502    11.207    dmem/mem_reg_512_767_23_23/A1
    SLICE_X10Y79         RAMS64E (Prop_rams64e_ADR1_O)
                                                      0.317    11.524 r  dmem/mem_reg_512_767_23_23/RAMS64E_A/O
                         net (fo=1, routed)           0.000    11.524    dmem/mem_reg_512_767_23_23/OA
    SLICE_X10Y79         MUXF7 (Prop_muxf7_I1_O)      0.214    11.738 r  dmem/mem_reg_512_767_23_23/F7.A/O
                         net (fo=1, routed)           0.000    11.738    dmem/mem_reg_512_767_23_23/O1
    SLICE_X10Y79         MUXF8 (Prop_muxf8_I1_O)      0.088    11.826 r  dmem/mem_reg_512_767_23_23/F8/O
                         net (fo=1, routed)           1.131    12.958    dmem/mem_reg_512_767_23_23_n_0
    SLICE_X9Y75          LUT6 (Prop_lut6_I1_O)        0.319    13.277 r  dmem/iDATAO_reg[15]_i_3/O
                         net (fo=1, routed)           0.000    13.277    dmem/iDATAO_reg[15]_i_3_n_0
    SLICE_X9Y75          MUXF7 (Prop_muxf7_I0_O)      0.212    13.489 r  dmem/iDATAO_reg[15]_i_2/O
                         net (fo=3, routed)           1.749    15.237    dmem/MEM_MDATAI[23]
    SLICE_X5Y48          LUT6 (Prop_lut6_I5_O)        0.299    15.536 r  dmem/iDATAO_reg[7]_i_3/O
                         net (fo=2, routed)           0.802    16.338    dmem/daligner/iDATAO0_in[7]
    SLICE_X7Y48          LUT4 (Prop_lut4_I3_O)        0.124    16.462 r  dmem/iDATAO_reg[31]_i_3/O
                         net (fo=24, routed)          1.964    18.427    dmem/iDATAO_reg[31]_i_3_n_0
    SLICE_X15Y47         LUT6 (Prop_lut6_I0_O)        0.124    18.551 r  dmem/iDATAO_reg[8]_i_1/O
                         net (fo=1, routed)           0.616    19.167    daligner/D[8]
    SLICE_X23Y47         LDCE                                         r  daligner/iDATAO_reg[8]/D
  -------------------------------------------------------------------    -------------------

Slack:                    inf
  Source:                 EX_MEM_ALU_RESULT_reg[3]_rep__4/C
                            (rising edge-triggered cell FDRE clocked by sys_clk_pin  {rise@0.000ns fall@10.000ns period=12.000ns})
  Destination:            daligner/iDATAO_reg[16]/D
  Path Group:             (none)
  Path Type:              Max at Slow Process Corner
  Data Path Delay:        13.886ns  (logic 2.153ns (15.505%)  route 11.733ns (84.495%))
  Logic Levels:           8  (LUT4=1 LUT5=1 LUT6=2 MUXF7=2 MUXF8=1 RAMS64E=1)
  Clock Uncertainty:      0.025ns  ((TSJ^2 + TIJ^2)^1/2 + DJ) / 2 + PE
    Total System Jitter     (TSJ):    0.050ns
    Total Input Jitter      (TIJ):    0.000ns
    Discrete Jitter          (DJ):    0.000ns
    Phase Error              (PE):    0.000ns

    Location             Delay type                Incr(ns)  Path(ns)    Netlist Resource(s)
  -------------------------------------------------------------------    -------------------
                         (clock sys_clk_pin rise edge)
                                                      0.000     0.000 r  
    E3                                                0.000     0.000 r  CLK (IN)
                         net (fo=0)                   0.000     0.000    CLK
    E3                   IBUF (Prop_ibuf_I_O)         1.482     1.482 r  CLK_IBUF_inst/O
                         net (fo=1, routed)           2.025     3.506    CLK_IBUF
    BUFGCTRL_X0Y16       BUFG (Prop_bufg_I_O)         0.096     3.602 r  CLK_IBUF_BUFG_inst/O
                         net (fo=1749, routed)        1.646     5.249    CLK_IBUF_BUFG
    SLICE_X9Y56          FDRE                                         r  EX_MEM_ALU_RESULT_reg[3]_rep__4/C
  -------------------------------------------------------------------    -------------------
    SLICE_X9Y56          FDRE (Prop_fdre_C_Q)         0.456     5.705 r  EX_MEM_ALU_RESULT_reg[3]_rep__4/Q
                         net (fo=128, routed)         5.502    11.207    dmem/mem_reg_512_767_23_23/A1
    SLICE_X10Y79         RAMS64E (Prop_rams64e_ADR1_O)
                                                      0.317    11.524 r  dmem/mem_reg_512_767_23_23/RAMS64E_A/O
                         net (fo=1, routed)           0.000    11.524    dmem/mem_reg_512_767_23_23/OA
    SLICE_X10Y79         MUXF7 (Prop_muxf7_I1_O)      0.214    11.738 r  dmem/mem_reg_512_767_23_23/F7.A/O
                         net (fo=1, routed)           0.000    11.738    dmem/mem_reg_512_767_23_23/O1
    SLICE_X10Y79         MUXF8 (Prop_muxf8_I1_O)      0.088    11.826 r  dmem/mem_reg_512_767_23_23/F8/O
                         net (fo=1, routed)           1.131    12.958    dmem/mem_reg_512_767_23_23_n_0
    SLICE_X9Y75          LUT6 (Prop_lut6_I1_O)        0.319    13.277 r  dmem/iDATAO_reg[15]_i_3/O
                         net (fo=1, routed)           0.000    13.277    dmem/iDATAO_reg[15]_i_3_n_0
    SLICE_X9Y75          MUXF7 (Prop_muxf7_I0_O)      0.212    13.489 r  dmem/iDATAO_reg[15]_i_2/O
                         net (fo=3, routed)           1.749    15.237    dmem/MEM_MDATAI[23]
    SLICE_X5Y48          LUT6 (Prop_lut6_I5_O)        0.299    15.536 r  dmem/iDATAO_reg[7]_i_3/O
                         net (fo=2, routed)           0.802    16.338    dmem/daligner/iDATAO0_in[7]
    SLICE_X7Y48          LUT4 (Prop_lut4_I3_O)        0.124    16.462 r  dmem/iDATAO_reg[31]_i_3/O
                         net (fo=24, routed)          1.627    18.090    dmem/iDATAO_reg[31]_i_3_n_0
    SLICE_X9Y46          LUT5 (Prop_lut5_I0_O)        0.124    18.214 r  dmem/iDATAO_reg[16]_i_1/O
                         net (fo=1, routed)           0.921    19.135    daligner/D[16]
    SLICE_X9Y38          LDCE                                         r  daligner/iDATAO_reg[16]/D
  -------------------------------------------------------------------    -------------------

Slack:                    inf
  Source:                 EX_MEM_ALU_RESULT_reg[3]_rep__4/C
                            (rising edge-triggered cell FDRE clocked by sys_clk_pin  {rise@0.000ns fall@10.000ns period=12.000ns})
  Destination:            daligner/iDATAO_reg[12]/D
  Path Group:             (none)
  Path Type:              Max at Slow Process Corner
  Data Path Delay:        13.832ns  (logic 2.153ns (15.565%)  route 11.679ns (84.435%))
  Logic Levels:           8  (LUT4=1 LUT6=3 MUXF7=2 MUXF8=1 RAMS64E=1)
  Clock Uncertainty:      0.025ns  ((TSJ^2 + TIJ^2)^1/2 + DJ) / 2 + PE
    Total System Jitter     (TSJ):    0.050ns
    Total Input Jitter      (TIJ):    0.000ns
    Discrete Jitter          (DJ):    0.000ns
    Phase Error              (PE):    0.000ns

    Location             Delay type                Incr(ns)  Path(ns)    Netlist Resource(s)
  -------------------------------------------------------------------    -------------------
                         (clock sys_clk_pin rise edge)
                                                      0.000     0.000 r  
    E3                                                0.000     0.000 r  CLK (IN)
                         net (fo=0)                   0.000     0.000    CLK
    E3                   IBUF (Prop_ibuf_I_O)         1.482     1.482 r  CLK_IBUF_inst/O
                         net (fo=1, routed)           2.025     3.506    CLK_IBUF
    BUFGCTRL_X0Y16       BUFG (Prop_bufg_I_O)         0.096     3.602 r  CLK_IBUF_BUFG_inst/O
                         net (fo=1749, routed)        1.646     5.249    CLK_IBUF_BUFG
    SLICE_X9Y56          FDRE                                         r  EX_MEM_ALU_RESULT_reg[3]_rep__4/C
  -------------------------------------------------------------------    -------------------
    SLICE_X9Y56          FDRE (Prop_fdre_C_Q)         0.456     5.705 r  EX_MEM_ALU_RESULT_reg[3]_rep__4/Q
                         net (fo=128, routed)         5.502    11.207    dmem/mem_reg_512_767_23_23/A1
    SLICE_X10Y79         RAMS64E (Prop_rams64e_ADR1_O)
                                                      0.317    11.524 r  dmem/mem_reg_512_767_23_23/RAMS64E_A/O
                         net (fo=1, routed)           0.000    11.524    dmem/mem_reg_512_767_23_23/OA
    SLICE_X10Y79         MUXF7 (Prop_muxf7_I1_O)      0.214    11.738 r  dmem/mem_reg_512_767_23_23/F7.A/O
                         net (fo=1, routed)           0.000    11.738    dmem/mem_reg_512_767_23_23/O1
    SLICE_X10Y79         MUXF8 (Prop_muxf8_I1_O)      0.088    11.826 r  dmem/mem_reg_512_767_23_23/F8/O
                         net (fo=1, routed)           1.131    12.958    dmem/mem_reg_512_767_23_23_n_0
    SLICE_X9Y75          LUT6 (Prop_lut6_I1_O)        0.319    13.277 r  dmem/iDATAO_reg[15]_i_3/O
                         net (fo=1, routed)           0.000    13.277    dmem/iDATAO_reg[15]_i_3_n_0
    SLICE_X9Y75          MUXF7 (Prop_muxf7_I0_O)      0.212    13.489 r  dmem/iDATAO_reg[15]_i_2/O
                         net (fo=3, routed)           1.749    15.237    dmem/MEM_MDATAI[23]
    SLICE_X5Y48          LUT6 (Prop_lut6_I5_O)        0.299    15.536 r  dmem/iDATAO_reg[7]_i_3/O
                         net (fo=2, routed)           0.802    16.338    dmem/daligner/iDATAO0_in[7]
    SLICE_X7Y48          LUT4 (Prop_lut4_I3_O)        0.124    16.462 r  dmem/iDATAO_reg[31]_i_3/O
                         net (fo=24, routed)          1.585    18.048    dmem/iDATAO_reg[31]_i_3_n_0
    SLICE_X13Y51         LUT6 (Prop_lut6_I0_O)        0.124    18.172 r  dmem/iDATAO_reg[12]_i_1/O
                         net (fo=1, routed)           0.909    19.081    daligner/D[12]
    SLICE_X28Y50         LDCE                                         r  daligner/iDATAO_reg[12]/D
  -------------------------------------------------------------------    -------------------

Slack:                    inf
  Source:                 EX_MEM_ALU_RESULT_reg[3]_rep__4/C
                            (rising edge-triggered cell FDRE clocked by sys_clk_pin  {rise@0.000ns fall@10.000ns period=12.000ns})
  Destination:            daligner/iDATAO_reg[14]/D
  Path Group:             (none)
  Path Type:              Max at Slow Process Corner
  Data Path Delay:        13.539ns  (logic 2.153ns (15.902%)  route 11.386ns (84.098%))
  Logic Levels:           8  (LUT4=1 LUT6=3 MUXF7=2 MUXF8=1 RAMS64E=1)
  Clock Uncertainty:      0.025ns  ((TSJ^2 + TIJ^2)^1/2 + DJ) / 2 + PE
    Total System Jitter     (TSJ):    0.050ns
    Total Input Jitter      (TIJ):    0.000ns
    Discrete Jitter          (DJ):    0.000ns
    Phase Error              (PE):    0.000ns

    Location             Delay type                Incr(ns)  Path(ns)    Netlist Resource(s)
  -------------------------------------------------------------------    -------------------
                         (clock sys_clk_pin rise edge)
                                                      0.000     0.000 r  
    E3                                                0.000     0.000 r  CLK (IN)
                         net (fo=0)                   0.000     0.000    CLK
    E3                   IBUF (Prop_ibuf_I_O)         1.482     1.482 r  CLK_IBUF_inst/O
                         net (fo=1, routed)           2.025     3.506    CLK_IBUF
    BUFGCTRL_X0Y16       BUFG (Prop_bufg_I_O)         0.096     3.602 r  CLK_IBUF_BUFG_inst/O
                         net (fo=1749, routed)        1.646     5.249    CLK_IBUF_BUFG
    SLICE_X9Y56          FDRE                                         r  EX_MEM_ALU_RESULT_reg[3]_rep__4/C
  -------------------------------------------------------------------    -------------------
    SLICE_X9Y56          FDRE (Prop_fdre_C_Q)         0.456     5.705 r  EX_MEM_ALU_RESULT_reg[3]_rep__4/Q
                         net (fo=128, routed)         5.502    11.207    dmem/mem_reg_512_767_23_23/A1
    SLICE_X10Y79         RAMS64E (Prop_rams64e_ADR1_O)
                                                      0.317    11.524 r  dmem/mem_reg_512_767_23_23/RAMS64E_A/O
                         net (fo=1, routed)           0.000    11.524    dmem/mem_reg_512_767_23_23/OA
    SLICE_X10Y79         MUXF7 (Prop_muxf7_I1_O)      0.214    11.738 r  dmem/mem_reg_512_767_23_23/F7.A/O
                         net (fo=1, routed)           0.000    11.738    dmem/mem_reg_512_767_23_23/O1
    SLICE_X10Y79         MUXF8 (Prop_muxf8_I1_O)      0.088    11.826 r  dmem/mem_reg_512_767_23_23/F8/O
                         net (fo=1, routed)           1.131    12.958    dmem/mem_reg_512_767_23_23_n_0
    SLICE_X9Y75          LUT6 (Prop_lut6_I1_O)        0.319    13.277 r  dmem/iDATAO_reg[15]_i_3/O
                         net (fo=1, routed)           0.000    13.277    dmem/iDATAO_reg[15]_i_3_n_0
    SLICE_X9Y75          MUXF7 (Prop_muxf7_I0_O)      0.212    13.489 r  dmem/iDATAO_reg[15]_i_2/O
                         net (fo=3, routed)           1.749    15.237    dmem/MEM_MDATAI[23]
    SLICE_X5Y48          LUT6 (Prop_lut6_I5_O)        0.299    15.536 r  dmem/iDATAO_reg[7]_i_3/O
                         net (fo=2, routed)           0.802    16.338    dmem/daligner/iDATAO0_in[7]
    SLICE_X7Y48          LUT4 (Prop_lut4_I3_O)        0.124    16.462 r  dmem/iDATAO_reg[31]_i_3/O
                         net (fo=24, routed)          1.822    18.285    dmem/iDATAO_reg[31]_i_3_n_0
    SLICE_X13Y51         LUT6 (Prop_lut6_I0_O)        0.124    18.409 r  dmem/iDATAO_reg[14]_i_1/O
                         net (fo=1, routed)           0.379    18.788    daligner/D[14]
    SLICE_X13Y51         LDCE                                         r  daligner/iDATAO_reg[14]/D
  -------------------------------------------------------------------    -------------------

Slack:                    inf
  Source:                 EX_MEM_ALU_RESULT_reg[3]_rep__4/C
                            (rising edge-triggered cell FDRE clocked by sys_clk_pin  {rise@0.000ns fall@10.000ns period=12.000ns})
  Destination:            daligner/iDATAO_reg[17]/D
  Path Group:             (none)
  Path Type:              Max at Slow Process Corner
  Data Path Delay:        13.424ns  (logic 2.153ns (16.038%)  route 11.271ns (83.962%))
  Logic Levels:           8  (LUT4=1 LUT5=1 LUT6=2 MUXF7=2 MUXF8=1 RAMS64E=1)
  Clock Uncertainty:      0.025ns  ((TSJ^2 + TIJ^2)^1/2 + DJ) / 2 + PE
    Total System Jitter     (TSJ):    0.050ns
    Total Input Jitter      (TIJ):    0.000ns
    Discrete Jitter          (DJ):    0.000ns
    Phase Error              (PE):    0.000ns

    Location             Delay type                Incr(ns)  Path(ns)    Netlist Resource(s)
  -------------------------------------------------------------------    -------------------
                         (clock sys_clk_pin rise edge)
                                                      0.000     0.000 r  
    E3                                                0.000     0.000 r  CLK (IN)
                         net (fo=0)                   0.000     0.000    CLK
    E3                   IBUF (Prop_ibuf_I_O)         1.482     1.482 r  CLK_IBUF_inst/O
                         net (fo=1, routed)           2.025     3.506    CLK_IBUF
    BUFGCTRL_X0Y16       BUFG (Prop_bufg_I_O)         0.096     3.602 r  CLK_IBUF_BUFG_inst/O
                         net (fo=1749, routed)        1.646     5.249    CLK_IBUF_BUFG
    SLICE_X9Y56          FDRE                                         r  EX_MEM_ALU_RESULT_reg[3]_rep__4/C
  -------------------------------------------------------------------    -------------------
    SLICE_X9Y56          FDRE (Prop_fdre_C_Q)         0.456     5.705 r  EX_MEM_ALU_RESULT_reg[3]_rep__4/Q
                         net (fo=128, routed)         5.502    11.207    dmem/mem_reg_512_767_23_23/A1
    SLICE_X10Y79         RAMS64E (Prop_rams64e_ADR1_O)
                                                      0.317    11.524 r  dmem/mem_reg_512_767_23_23/RAMS64E_A/O
                         net (fo=1, routed)           0.000    11.524    dmem/mem_reg_512_767_23_23/OA
    SLICE_X10Y79         MUXF7 (Prop_muxf7_I1_O)      0.214    11.738 r  dmem/mem_reg_512_767_23_23/F7.A/O
                         net (fo=1, routed)           0.000    11.738    dmem/mem_reg_512_767_23_23/O1
    SLICE_X10Y79         MUXF8 (Prop_muxf8_I1_O)      0.088    11.826 r  dmem/mem_reg_512_767_23_23/F8/O
                         net (fo=1, routed)           1.131    12.958    dmem/mem_reg_512_767_23_23_n_0
    SLICE_X9Y75          LUT6 (Prop_lut6_I1_O)        0.319    13.277 r  dmem/iDATAO_reg[15]_i_3/O
                         net (fo=1, routed)           0.000    13.277    dmem/iDATAO_reg[15]_i_3_n_0
    SLICE_X9Y75          MUXF7 (Prop_muxf7_I0_O)      0.212    13.489 r  dmem/iDATAO_reg[15]_i_2/O
                         net (fo=3, routed)           1.749    15.237    dmem/MEM_MDATAI[23]
    SLICE_X5Y48          LUT6 (Prop_lut6_I5_O)        0.299    15.536 r  dmem/iDATAO_reg[7]_i_3/O
                         net (fo=2, routed)           0.802    16.338    dmem/daligner/iDATAO0_in[7]
    SLICE_X7Y48          LUT4 (Prop_lut4_I3_O)        0.124    16.462 r  dmem/iDATAO_reg[31]_i_3/O
                         net (fo=24, routed)          1.084    17.547    dmem/iDATAO_reg[31]_i_3_n_0
    SLICE_X9Y47          LUT5 (Prop_lut5_I0_O)        0.124    17.671 r  dmem/iDATAO_reg[17]_i_1/O
                         net (fo=1, routed)           1.002    18.673    daligner/D[17]
    SLICE_X9Y40          LDCE                                         r  daligner/iDATAO_reg[17]/D
  -------------------------------------------------------------------    -------------------

Slack:                    inf
  Source:                 EX_MEM_ALU_RESULT_reg[3]_rep__4/C
                            (rising edge-triggered cell FDRE clocked by sys_clk_pin  {rise@0.000ns fall@10.000ns period=12.000ns})
  Destination:            daligner/iDATAO_reg[23]/D
  Path Group:             (none)
  Path Type:              Max at Slow Process Corner
  Data Path Delay:        13.272ns  (logic 2.153ns (16.221%)  route 11.119ns (83.778%))
  Logic Levels:           8  (LUT4=1 LUT5=1 LUT6=2 MUXF7=2 MUXF8=1 RAMS64E=1)
  Clock Uncertainty:      0.025ns  ((TSJ^2 + TIJ^2)^1/2 + DJ) / 2 + PE
    Total System Jitter     (TSJ):    0.050ns
    Total Input Jitter      (TIJ):    0.000ns
    Discrete Jitter          (DJ):    0.000ns
    Phase Error              (PE):    0.000ns

    Location             Delay type                Incr(ns)  Path(ns)    Netlist Resource(s)
  -------------------------------------------------------------------    -------------------
                         (clock sys_clk_pin rise edge)
                                                      0.000     0.000 r  
    E3                                                0.000     0.000 r  CLK (IN)
                         net (fo=0)                   0.000     0.000    CLK
    E3                   IBUF (Prop_ibuf_I_O)         1.482     1.482 r  CLK_IBUF_inst/O
                         net (fo=1, routed)           2.025     3.506    CLK_IBUF
    BUFGCTRL_X0Y16       BUFG (Prop_bufg_I_O)         0.096     3.602 r  CLK_IBUF_BUFG_inst/O
                         net (fo=1749, routed)        1.646     5.249    CLK_IBUF_BUFG
    SLICE_X9Y56          FDRE                                         r  EX_MEM_ALU_RESULT_reg[3]_rep__4/C
  -------------------------------------------------------------------    -------------------
    SLICE_X9Y56          FDRE (Prop_fdre_C_Q)         0.456     5.705 r  EX_MEM_ALU_RESULT_reg[3]_rep__4/Q
                         net (fo=128, routed)         5.502    11.207    dmem/mem_reg_512_767_23_23/A1
    SLICE_X10Y79         RAMS64E (Prop_rams64e_ADR1_O)
                                                      0.317    11.524 r  dmem/mem_reg_512_767_23_23/RAMS64E_A/O
                         net (fo=1, routed)           0.000    11.524    dmem/mem_reg_512_767_23_23/OA
    SLICE_X10Y79         MUXF7 (Prop_muxf7_I1_O)      0.214    11.738 r  dmem/mem_reg_512_767_23_23/F7.A/O
                         net (fo=1, routed)           0.000    11.738    dmem/mem_reg_512_767_23_23/O1
    SLICE_X10Y79         MUXF8 (Prop_muxf8_I1_O)      0.088    11.826 r  dmem/mem_reg_512_767_23_23/F8/O
                         net (fo=1, routed)           1.131    12.958    dmem/mem_reg_512_767_23_23_n_0
    SLICE_X9Y75          LUT6 (Prop_lut6_I1_O)        0.319    13.277 r  dmem/iDATAO_reg[15]_i_3/O
                         net (fo=1, routed)           0.000    13.277    dmem/iDATAO_reg[15]_i_3_n_0
    SLICE_X9Y75          MUXF7 (Prop_muxf7_I0_O)      0.212    13.489 r  dmem/iDATAO_reg[15]_i_2/O
                         net (fo=3, routed)           1.749    15.237    dmem/MEM_MDATAI[23]
    SLICE_X5Y48          LUT6 (Prop_lut6_I5_O)        0.299    15.536 r  dmem/iDATAO_reg[7]_i_3/O
                         net (fo=2, routed)           0.802    16.338    dmem/daligner/iDATAO0_in[7]
    SLICE_X7Y48          LUT4 (Prop_lut4_I3_O)        0.124    16.462 r  dmem/iDATAO_reg[31]_i_3/O
                         net (fo=24, routed)          1.072    17.534    dmem/iDATAO_reg[31]_i_3_n_0
    SLICE_X4Y46          LUT5 (Prop_lut5_I0_O)        0.124    17.658 r  dmem/iDATAO_reg[23]_i_1/O
                         net (fo=1, routed)           0.863    18.521    daligner/D[23]
    SLICE_X4Y39          LDCE                                         r  daligner/iDATAO_reg[23]/D
  -------------------------------------------------------------------    -------------------

Slack:                    inf
  Source:                 EX_MEM_ALU_RESULT_reg[3]_rep__4/C
                            (rising edge-triggered cell FDRE clocked by sys_clk_pin  {rise@0.000ns fall@10.000ns period=12.000ns})
  Destination:            daligner/iDATAO_reg[19]/D
  Path Group:             (none)
  Path Type:              Max at Slow Process Corner
  Data Path Delay:        13.122ns  (logic 2.153ns (16.407%)  route 10.969ns (83.593%))
  Logic Levels:           8  (LUT4=1 LUT5=1 LUT6=2 MUXF7=2 MUXF8=1 RAMS64E=1)
  Clock Uncertainty:      0.025ns  ((TSJ^2 + TIJ^2)^1/2 + DJ) / 2 + PE
    Total System Jitter     (TSJ):    0.050ns
    Total Input Jitter      (TIJ):    0.000ns
    Discrete Jitter          (DJ):    0.000ns
    Phase Error              (PE):    0.000ns

    Location             Delay type                Incr(ns)  Path(ns)    Netlist Resource(s)
  -------------------------------------------------------------------    -------------------
                         (clock sys_clk_pin rise edge)
                                                      0.000     0.000 r  
    E3                                                0.000     0.000 r  CLK (IN)
                         net (fo=0)                   0.000     0.000    CLK
    E3                   IBUF (Prop_ibuf_I_O)         1.482     1.482 r  CLK_IBUF_inst/O
                         net (fo=1, routed)           2.025     3.506    CLK_IBUF
    BUFGCTRL_X0Y16       BUFG (Prop_bufg_I_O)         0.096     3.602 r  CLK_IBUF_BUFG_inst/O
                         net (fo=1749, routed)        1.646     5.249    CLK_IBUF_BUFG
    SLICE_X9Y56          FDRE                                         r  EX_MEM_ALU_RESULT_reg[3]_rep__4/C
  -------------------------------------------------------------------    -------------------
    SLICE_X9Y56          FDRE (Prop_fdre_C_Q)         0.456     5.705 r  EX_MEM_ALU_RESULT_reg[3]_rep__4/Q
                         net (fo=128, routed)         5.502    11.207    dmem/mem_reg_512_767_23_23/A1
    SLICE_X10Y79         RAMS64E (Prop_rams64e_ADR1_O)
                                                      0.317    11.524 r  dmem/mem_reg_512_767_23_23/RAMS64E_A/O
                         net (fo=1, routed)           0.000    11.524    dmem/mem_reg_512_767_23_23/OA
    SLICE_X10Y79         MUXF7 (Prop_muxf7_I1_O)      0.214    11.738 r  dmem/mem_reg_512_767_23_23/F7.A/O
                         net (fo=1, routed)           0.000    11.738    dmem/mem_reg_512_767_23_23/O1
    SLICE_X10Y79         MUXF8 (Prop_muxf8_I1_O)      0.088    11.826 r  dmem/mem_reg_512_767_23_23/F8/O
                         net (fo=1, routed)           1.131    12.958    dmem/mem_reg_512_767_23_23_n_0
    SLICE_X9Y75          LUT6 (Prop_lut6_I1_O)        0.319    13.277 r  dmem/iDATAO_reg[15]_i_3/O
                         net (fo=1, routed)           0.000    13.277    dmem/iDATAO_reg[15]_i_3_n_0
    SLICE_X9Y75          MUXF7 (Prop_muxf7_I0_O)      0.212    13.489 r  dmem/iDATAO_reg[15]_i_2/O
                         net (fo=3, routed)           1.749    15.237    dmem/MEM_MDATAI[23]
    SLICE_X5Y48          LUT6 (Prop_lut6_I5_O)        0.299    15.536 r  dmem/iDATAO_reg[7]_i_3/O
                         net (fo=2, routed)           0.802    16.338    dmem/daligner/iDATAO0_in[7]
    SLICE_X7Y48          LUT4 (Prop_lut4_I3_O)        0.124    16.462 r  dmem/iDATAO_reg[31]_i_3/O
                         net (fo=24, routed)          1.079    17.541    dmem/iDATAO_reg[31]_i_3_n_0
    SLICE_X4Y46          LUT5 (Prop_lut5_I0_O)        0.124    17.665 r  dmem/iDATAO_reg[19]_i_1/O
                         net (fo=1, routed)           0.705    18.371    daligner/D[19]
    SLICE_X4Y39          LDCE                                         r  daligner/iDATAO_reg[19]/D
  -------------------------------------------------------------------    -------------------

Slack:                    inf
  Source:                 EX_MEM_ALU_RESULT_reg[3]_rep__4/C
                            (rising edge-triggered cell FDRE clocked by sys_clk_pin  {rise@0.000ns fall@10.000ns period=12.000ns})
  Destination:            daligner/iDATAO_reg[18]/D
  Path Group:             (none)
  Path Type:              Max at Slow Process Corner
  Data Path Delay:        13.107ns  (logic 2.153ns (16.426%)  route 10.954ns (83.574%))
  Logic Levels:           8  (LUT4=1 LUT5=1 LUT6=2 MUXF7=2 MUXF8=1 RAMS64E=1)
  Clock Uncertainty:      0.025ns  ((TSJ^2 + TIJ^2)^1/2 + DJ) / 2 + PE
    Total System Jitter     (TSJ):    0.050ns
    Total Input Jitter      (TIJ):    0.000ns
    Discrete Jitter          (DJ):    0.000ns
    Phase Error              (PE):    0.000ns

    Location             Delay type                Incr(ns)  Path(ns)    Netlist Resource(s)
  -------------------------------------------------------------------    -------------------
                         (clock sys_clk_pin rise edge)
                                                      0.000     0.000 r  
    E3                                                0.000     0.000 r  CLK (IN)
                         net (fo=0)                   0.000     0.000    CLK
    E3                   IBUF (Prop_ibuf_I_O)         1.482     1.482 r  CLK_IBUF_inst/O
                         net (fo=1, routed)           2.025     3.506    CLK_IBUF
    BUFGCTRL_X0Y16       BUFG (Prop_bufg_I_O)         0.096     3.602 r  CLK_IBUF_BUFG_inst/O
                         net (fo=1749, routed)        1.646     5.249    CLK_IBUF_BUFG
    SLICE_X9Y56          FDRE                                         r  EX_MEM_ALU_RESULT_reg[3]_rep__4/C
  -------------------------------------------------------------------    -------------------
    SLICE_X9Y56          FDRE (Prop_fdre_C_Q)         0.456     5.705 r  EX_MEM_ALU_RESULT_reg[3]_rep__4/Q
                         net (fo=128, routed)         5.502    11.207    dmem/mem_reg_512_767_23_23/A1
    SLICE_X10Y79         RAMS64E (Prop_rams64e_ADR1_O)
                                                      0.317    11.524 r  dmem/mem_reg_512_767_23_23/RAMS64E_A/O
                         net (fo=1, routed)           0.000    11.524    dmem/mem_reg_512_767_23_23/OA
    SLICE_X10Y79         MUXF7 (Prop_muxf7_I1_O)      0.214    11.738 r  dmem/mem_reg_512_767_23_23/F7.A/O
                         net (fo=1, routed)           0.000    11.738    dmem/mem_reg_512_767_23_23/O1
    SLICE_X10Y79         MUXF8 (Prop_muxf8_I1_O)      0.088    11.826 r  dmem/mem_reg_512_767_23_23/F8/O
                         net (fo=1, routed)           1.131    12.958    dmem/mem_reg_512_767_23_23_n_0
    SLICE_X9Y75          LUT6 (Prop_lut6_I1_O)        0.319    13.277 r  dmem/iDATAO_reg[15]_i_3/O
                         net (fo=1, routed)           0.000    13.277    dmem/iDATAO_reg[15]_i_3_n_0
    SLICE_X9Y75          MUXF7 (Prop_muxf7_I0_O)      0.212    13.489 r  dmem/iDATAO_reg[15]_i_2/O
                         net (fo=3, routed)           1.749    15.237    dmem/MEM_MDATAI[23]
    SLICE_X5Y48          LUT6 (Prop_lut6_I5_O)        0.299    15.536 r  dmem/iDATAO_reg[7]_i_3/O
                         net (fo=2, routed)           0.802    16.338    dmem/daligner/iDATAO0_in[7]
    SLICE_X7Y48          LUT4 (Prop_lut4_I3_O)        0.124    16.462 r  dmem/iDATAO_reg[31]_i_3/O
                         net (fo=24, routed)          1.228    17.691    dmem/iDATAO_reg[31]_i_3_n_0
    SLICE_X4Y44          LUT5 (Prop_lut5_I0_O)        0.124    17.815 r  dmem/iDATAO_reg[18]_i_1/O
                         net (fo=1, routed)           0.542    18.356    daligner/D[18]
    SLICE_X4Y39          LDCE                                         r  daligner/iDATAO_reg[18]/D
  -------------------------------------------------------------------    -------------------

Slack:                    inf
  Source:                 EX_MEM_ALU_RESULT_reg[3]_rep__4/C
                            (rising edge-triggered cell FDRE clocked by sys_clk_pin  {rise@0.000ns fall@10.000ns period=12.000ns})
  Destination:            daligner/iDATAO_reg[27]/D
  Path Group:             (none)
  Path Type:              Max at Slow Process Corner
  Data Path Delay:        13.051ns  (logic 2.153ns (16.496%)  route 10.898ns (83.504%))
  Logic Levels:           8  (LUT4=1 LUT5=1 LUT6=2 MUXF7=2 MUXF8=1 RAMS64E=1)
  Clock Uncertainty:      0.025ns  ((TSJ^2 + TIJ^2)^1/2 + DJ) / 2 + PE
    Total System Jitter     (TSJ):    0.050ns
    Total Input Jitter      (TIJ):    0.000ns
    Discrete Jitter          (DJ):    0.000ns
    Phase Error              (PE):    0.000ns

    Location             Delay type                Incr(ns)  Path(ns)    Netlist Resource(s)
  -------------------------------------------------------------------    -------------------
                         (clock sys_clk_pin rise edge)
                                                      0.000     0.000 r  
    E3                                                0.000     0.000 r  CLK (IN)
                         net (fo=0)                   0.000     0.000    CLK
    E3                   IBUF (Prop_ibuf_I_O)         1.482     1.482 r  CLK_IBUF_inst/O
                         net (fo=1, routed)           2.025     3.506    CLK_IBUF
    BUFGCTRL_X0Y16       BUFG (Prop_bufg_I_O)         0.096     3.602 r  CLK_IBUF_BUFG_inst/O
                         net (fo=1749, routed)        1.646     5.249    CLK_IBUF_BUFG
    SLICE_X9Y56          FDRE                                         r  EX_MEM_ALU_RESULT_reg[3]_rep__4/C
  -------------------------------------------------------------------    -------------------
    SLICE_X9Y56          FDRE (Prop_fdre_C_Q)         0.456     5.705 r  EX_MEM_ALU_RESULT_reg[3]_rep__4/Q
                         net (fo=128, routed)         5.502    11.207    dmem/mem_reg_512_767_23_23/A1
    SLICE_X10Y79         RAMS64E (Prop_rams64e_ADR1_O)
                                                      0.317    11.524 r  dmem/mem_reg_512_767_23_23/RAMS64E_A/O
                         net (fo=1, routed)           0.000    11.524    dmem/mem_reg_512_767_23_23/OA
    SLICE_X10Y79         MUXF7 (Prop_muxf7_I1_O)      0.214    11.738 r  dmem/mem_reg_512_767_23_23/F7.A/O
                         net (fo=1, routed)           0.000    11.738    dmem/mem_reg_512_767_23_23/O1
    SLICE_X10Y79         MUXF8 (Prop_muxf8_I1_O)      0.088    11.826 r  dmem/mem_reg_512_767_23_23/F8/O
                         net (fo=1, routed)           1.131    12.958    dmem/mem_reg_512_767_23_23_n_0
    SLICE_X9Y75          LUT6 (Prop_lut6_I1_O)        0.319    13.277 r  dmem/iDATAO_reg[15]_i_3/O
                         net (fo=1, routed)           0.000    13.277    dmem/iDATAO_reg[15]_i_3_n_0
    SLICE_X9Y75          MUXF7 (Prop_muxf7_I0_O)      0.212    13.489 r  dmem/iDATAO_reg[15]_i_2/O
                         net (fo=3, routed)           1.749    15.237    dmem/MEM_MDATAI[23]
    SLICE_X5Y48          LUT6 (Prop_lut6_I5_O)        0.299    15.536 r  dmem/iDATAO_reg[7]_i_3/O
                         net (fo=2, routed)           0.802    16.338    dmem/daligner/iDATAO0_in[7]
    SLICE_X7Y48          LUT4 (Prop_lut4_I3_O)        0.124    16.462 r  dmem/iDATAO_reg[31]_i_3/O
                         net (fo=24, routed)          0.858    17.320    dmem/iDATAO_reg[31]_i_3_n_0
    SLICE_X4Y47          LUT5 (Prop_lut5_I0_O)        0.124    17.444 r  dmem/iDATAO_reg[27]_i_1/O
                         net (fo=1, routed)           0.856    18.300    daligner/D[27]
    SLICE_X4Y42          LDCE                                         r  daligner/iDATAO_reg[27]/D
  -------------------------------------------------------------------    -------------------





Min Delay Paths
--------------------------------------------------------------------------------------
Slack:                    inf
  Source:                 EX_MEM_DMRE_reg[1]/C
                            (rising edge-triggered cell FDRE clocked by sys_clk_pin  {rise@0.000ns fall@10.000ns period=12.000ns})
  Destination:            daligner/iDATAO_reg[1]/D
  Path Group:             (none)
  Path Type:              Min at Fast Process Corner
  Data Path Delay:        0.661ns  (logic 0.227ns (34.334%)  route 0.434ns (65.666%))
  Logic Levels:           1  (LUT6=1)
  Clock Uncertainty:      0.025ns  ((TSJ^2 + TIJ^2)^1/2 + DJ) / 2 + PE
    Total System Jitter     (TSJ):    0.050ns
    Total Input Jitter      (TIJ):    0.000ns
    Discrete Jitter          (DJ):    0.000ns
    Phase Error              (PE):    0.000ns

    Location             Delay type                Incr(ns)  Path(ns)    Netlist Resource(s)
  -------------------------------------------------------------------    -------------------
                         (clock sys_clk_pin rise edge)
                                                      0.000     0.000 r  
    E3                                                0.000     0.000 r  CLK (IN)
                         net (fo=0)                   0.000     0.000    CLK
    E3                   IBUF (Prop_ibuf_I_O)         0.250     0.250 r  CLK_IBUF_inst/O
                         net (fo=1, routed)           0.644     0.894    CLK_IBUF
    BUFGCTRL_X0Y16       BUFG (Prop_bufg_I_O)         0.026     0.920 r  CLK_IBUF_BUFG_inst/O
                         net (fo=1749, routed)        0.640     1.560    CLK_IBUF_BUFG
    SLICE_X22Y46         FDRE                                         r  EX_MEM_DMRE_reg[1]/C
  -------------------------------------------------------------------    -------------------
    SLICE_X22Y46         FDRE (Prop_fdre_C_Q)         0.128     1.688 r  EX_MEM_DMRE_reg[1]/Q
                         net (fo=35, routed)          0.434     2.122    dmem/MEM_WB_MEM_DATA_reg[0][1]
    SLICE_X15Y47         LUT6 (Prop_lut6_I5_O)        0.099     2.221 r  dmem/iDATAO_reg[1]_i_1/O
                         net (fo=1, routed)           0.000     2.221    daligner/D[1]
    SLICE_X15Y47         LDCE                                         r  daligner/iDATAO_reg[1]/D
  -------------------------------------------------------------------    -------------------

Slack:                    inf
  Source:                 EX_MEM_DMRE_reg[0]/C
                            (rising edge-triggered cell FDRE clocked by sys_clk_pin  {rise@0.000ns fall@10.000ns period=12.000ns})
  Destination:            daligner/iDATAO_reg[8]/D
  Path Group:             (none)
  Path Type:              Min at Fast Process Corner
  Data Path Delay:        0.809ns  (logic 0.186ns (22.983%)  route 0.623ns (77.017%))
  Logic Levels:           1  (LUT6=1)
  Clock Uncertainty:      0.025ns  ((TSJ^2 + TIJ^2)^1/2 + DJ) / 2 + PE
    Total System Jitter     (TSJ):    0.050ns
    Total Input Jitter      (TIJ):    0.000ns
    Discrete Jitter          (DJ):    0.000ns
    Phase Error              (PE):    0.000ns

    Location             Delay type                Incr(ns)  Path(ns)    Netlist Resource(s)
  -------------------------------------------------------------------    -------------------
                         (clock sys_clk_pin rise edge)
                                                      0.000     0.000 r  
    E3                                                0.000     0.000 r  CLK (IN)
                         net (fo=0)                   0.000     0.000    CLK
    E3                   IBUF (Prop_ibuf_I_O)         0.250     0.250 r  CLK_IBUF_inst/O
                         net (fo=1, routed)           0.644     0.894    CLK_IBUF
    BUFGCTRL_X0Y16       BUFG (Prop_bufg_I_O)         0.026     0.920 r  CLK_IBUF_BUFG_inst/O
                         net (fo=1749, routed)        0.637     1.557    CLK_IBUF_BUFG
    SLICE_X28Y42         FDRE                                         r  EX_MEM_DMRE_reg[0]/C
  -------------------------------------------------------------------    -------------------
    SLICE_X28Y42         FDRE (Prop_fdre_C_Q)         0.141     1.698 r  EX_MEM_DMRE_reg[0]/Q
                         net (fo=35, routed)          0.403     2.101    dmem/MEM_WB_MEM_DATA_reg[0][0]
    SLICE_X15Y47         LUT6 (Prop_lut6_I5_O)        0.045     2.146 r  dmem/iDATAO_reg[8]_i_1/O
                         net (fo=1, routed)           0.220     2.366    daligner/D[8]
    SLICE_X23Y47         LDCE                                         r  daligner/iDATAO_reg[8]/D
  -------------------------------------------------------------------    -------------------

Slack:                    inf
  Source:                 EX_MEM_DMRE_reg[0]/C
                            (rising edge-triggered cell FDRE clocked by sys_clk_pin  {rise@0.000ns fall@10.000ns period=12.000ns})
  Destination:            daligner/iDATAO_reg[0]/D
  Path Group:             (none)
  Path Type:              Min at Fast Process Corner
  Data Path Delay:        0.894ns  (logic 0.186ns (20.815%)  route 0.708ns (79.185%))
  Logic Levels:           1  (LUT6=1)
  Clock Uncertainty:      0.025ns  ((TSJ^2 + TIJ^2)^1/2 + DJ) / 2 + PE
    Total System Jitter     (TSJ):    0.050ns
    Total Input Jitter      (TIJ):    0.000ns
    Discrete Jitter          (DJ):    0.000ns
    Phase Error              (PE):    0.000ns

    Location             Delay type                Incr(ns)  Path(ns)    Netlist Resource(s)
  -------------------------------------------------------------------    -------------------
                         (clock sys_clk_pin rise edge)
                                                      0.000     0.000 r  
    E3                                                0.000     0.000 r  CLK (IN)
                         net (fo=0)                   0.000     0.000    CLK
    E3                   IBUF (Prop_ibuf_I_O)         0.250     0.250 r  CLK_IBUF_inst/O
                         net (fo=1, routed)           0.644     0.894    CLK_IBUF
    BUFGCTRL_X0Y16       BUFG (Prop_bufg_I_O)         0.026     0.920 r  CLK_IBUF_BUFG_inst/O
                         net (fo=1749, routed)        0.637     1.557    CLK_IBUF_BUFG
    SLICE_X28Y42         FDRE                                         r  EX_MEM_DMRE_reg[0]/C
  -------------------------------------------------------------------    -------------------
    SLICE_X28Y42         FDRE (Prop_fdre_C_Q)         0.141     1.698 r  EX_MEM_DMRE_reg[0]/Q
                         net (fo=35, routed)          0.470     2.168    dmem/MEM_WB_MEM_DATA_reg[0][0]
    SLICE_X15Y48         LUT6 (Prop_lut6_I4_O)        0.045     2.213 r  dmem/iDATAO_reg[0]_i_1/O
                         net (fo=1, routed)           0.238     2.451    daligner/D[0]
    SLICE_X19Y47         LDCE                                         r  daligner/iDATAO_reg[0]/D
  -------------------------------------------------------------------    -------------------

Slack:                    inf
  Source:                 EX_MEM_DMRE_reg[0]/C
                            (rising edge-triggered cell FDRE clocked by sys_clk_pin  {rise@0.000ns fall@10.000ns period=12.000ns})
  Destination:            daligner/iDATAO_reg[9]/D
  Path Group:             (none)
  Path Type:              Min at Fast Process Corner
  Data Path Delay:        0.936ns  (logic 0.186ns (19.877%)  route 0.750ns (80.123%))
  Logic Levels:           1  (LUT6=1)
  Clock Uncertainty:      0.025ns  ((TSJ^2 + TIJ^2)^1/2 + DJ) / 2 + PE
    Total System Jitter     (TSJ):    0.050ns
    Total Input Jitter      (TIJ):    0.000ns
    Discrete Jitter          (DJ):    0.000ns
    Phase Error              (PE):    0.000ns

    Location             Delay type                Incr(ns)  Path(ns)    Netlist Resource(s)
  -------------------------------------------------------------------    -------------------
                         (clock sys_clk_pin rise edge)
                                                      0.000     0.000 r  
    E3                                                0.000     0.000 r  CLK (IN)
                         net (fo=0)                   0.000     0.000    CLK
    E3                   IBUF (Prop_ibuf_I_O)         0.250     0.250 r  CLK_IBUF_inst/O
                         net (fo=1, routed)           0.644     0.894    CLK_IBUF
    BUFGCTRL_X0Y16       BUFG (Prop_bufg_I_O)         0.026     0.920 r  CLK_IBUF_BUFG_inst/O
                         net (fo=1749, routed)        0.637     1.557    CLK_IBUF_BUFG
    SLICE_X28Y42         FDRE                                         r  EX_MEM_DMRE_reg[0]/C
  -------------------------------------------------------------------    -------------------
    SLICE_X28Y42         FDRE (Prop_fdre_C_Q)         0.141     1.698 r  EX_MEM_DMRE_reg[0]/Q
                         net (fo=35, routed)          0.406     2.104    dmem/MEM_WB_MEM_DATA_reg[0][0]
    SLICE_X15Y47         LUT6 (Prop_lut6_I5_O)        0.045     2.149 r  dmem/iDATAO_reg[9]_i_1/O
                         net (fo=1, routed)           0.344     2.493    daligner/D[9]
    SLICE_X25Y47         LDCE                                         r  daligner/iDATAO_reg[9]/D
  -------------------------------------------------------------------    -------------------

Slack:                    inf
  Source:                 EX_MEM_ALU_RESULT_reg[1]/C
                            (rising edge-triggered cell FDRE clocked by sys_clk_pin  {rise@0.000ns fall@10.000ns period=12.000ns})
  Destination:            daligner/iDATAO_reg[14]/D
  Path Group:             (none)
  Path Type:              Min at Fast Process Corner
  Data Path Delay:        0.967ns  (logic 0.186ns (19.236%)  route 0.781ns (80.764%))
  Logic Levels:           1  (LUT6=1)
  Clock Uncertainty:      0.025ns  ((TSJ^2 + TIJ^2)^1/2 + DJ) / 2 + PE
    Total System Jitter     (TSJ):    0.050ns
    Total Input Jitter      (TIJ):    0.000ns
    Discrete Jitter          (DJ):    0.000ns
    Phase Error              (PE):    0.000ns

    Location             Delay type                Incr(ns)  Path(ns)    Netlist Resource(s)
  -------------------------------------------------------------------    -------------------
                         (clock sys_clk_pin rise edge)
                                                      0.000     0.000 r  
    E3                                                0.000     0.000 r  CLK (IN)
                         net (fo=0)                   0.000     0.000    CLK
    E3                   IBUF (Prop_ibuf_I_O)         0.250     0.250 r  CLK_IBUF_inst/O
                         net (fo=1, routed)           0.644     0.894    CLK_IBUF
    BUFGCTRL_X0Y16       BUFG (Prop_bufg_I_O)         0.026     0.920 r  CLK_IBUF_BUFG_inst/O
                         net (fo=1749, routed)        0.637     1.557    CLK_IBUF_BUFG
    SLICE_X22Y37         FDRE                                         r  EX_MEM_ALU_RESULT_reg[1]/C
  -------------------------------------------------------------------    -------------------
    SLICE_X22Y37         FDRE (Prop_fdre_C_Q)         0.141     1.698 r  EX_MEM_ALU_RESULT_reg[1]/Q
                         net (fo=58, routed)          0.665     2.363    dmem/mem_reg_0_255_24_24_i_3_0[1]
    SLICE_X13Y51         LUT6 (Prop_lut6_I4_O)        0.045     2.408 r  dmem/iDATAO_reg[14]_i_1/O
                         net (fo=1, routed)           0.116     2.524    daligner/D[14]
    SLICE_X13Y51         LDCE                                         r  daligner/iDATAO_reg[14]/D
  -------------------------------------------------------------------    -------------------

Slack:                    inf
  Source:                 EX_MEM_ALU_RESULT_reg[1]/C
                            (rising edge-triggered cell FDRE clocked by sys_clk_pin  {rise@0.000ns fall@10.000ns period=12.000ns})
  Destination:            daligner/iDATAO_reg[15]/D
  Path Group:             (none)
  Path Type:              Min at Fast Process Corner
  Data Path Delay:        0.968ns  (logic 0.186ns (19.215%)  route 0.782ns (80.785%))
  Logic Levels:           1  (LUT6=1)
  Clock Uncertainty:      0.025ns  ((TSJ^2 + TIJ^2)^1/2 + DJ) / 2 + PE
    Total System Jitter     (TSJ):    0.050ns
    Total Input Jitter      (TIJ):    0.000ns
    Discrete Jitter          (DJ):    0.000ns
    Phase Error              (PE):    0.000ns

    Location             Delay type                Incr(ns)  Path(ns)    Netlist Resource(s)
  -------------------------------------------------------------------    -------------------
                         (clock sys_clk_pin rise edge)
                                                      0.000     0.000 r  
    E3                                                0.000     0.000 r  CLK (IN)
                         net (fo=0)                   0.000     0.000    CLK
    E3                   IBUF (Prop_ibuf_I_O)         0.250     0.250 r  CLK_IBUF_inst/O
                         net (fo=1, routed)           0.644     0.894    CLK_IBUF
    BUFGCTRL_X0Y16       BUFG (Prop_bufg_I_O)         0.026     0.920 r  CLK_IBUF_BUFG_inst/O
                         net (fo=1749, routed)        0.637     1.557    CLK_IBUF_BUFG
    SLICE_X22Y37         FDRE                                         r  EX_MEM_ALU_RESULT_reg[1]/C
  -------------------------------------------------------------------    -------------------
    SLICE_X22Y37         FDRE (Prop_fdre_C_Q)         0.141     1.698 r  EX_MEM_ALU_RESULT_reg[1]/Q
                         net (fo=58, routed)          0.606     2.304    dmem/mem_reg_0_255_24_24_i_3_0[1]
    SLICE_X4Y45          LUT6 (Prop_lut6_I4_O)        0.045     2.349 r  dmem/iDATAO_reg[15]_i_1/O
                         net (fo=1, routed)           0.176     2.525    daligner/D[15]
    SLICE_X4Y41          LDCE                                         r  daligner/iDATAO_reg[15]/D
  -------------------------------------------------------------------    -------------------

Slack:                    inf
  Source:                 EX_MEM_DMRE_reg[0]/C
                            (rising edge-triggered cell FDRE clocked by sys_clk_pin  {rise@0.000ns fall@10.000ns period=12.000ns})
  Destination:            daligner/iDATAO_reg[28]/D
  Path Group:             (none)
  Path Type:              Min at Fast Process Corner
  Data Path Delay:        0.969ns  (logic 0.186ns (19.194%)  route 0.783ns (80.806%))
  Logic Levels:           1  (LUT5=1)
  Clock Uncertainty:      0.025ns  ((TSJ^2 + TIJ^2)^1/2 + DJ) / 2 + PE
    Total System Jitter     (TSJ):    0.050ns
    Total Input Jitter      (TIJ):    0.000ns
    Discrete Jitter          (DJ):    0.000ns
    Phase Error              (PE):    0.000ns

    Location             Delay type                Incr(ns)  Path(ns)    Netlist Resource(s)
  -------------------------------------------------------------------    -------------------
                         (clock sys_clk_pin rise edge)
                                                      0.000     0.000 r  
    E3                                                0.000     0.000 r  CLK (IN)
                         net (fo=0)                   0.000     0.000    CLK
    E3                   IBUF (Prop_ibuf_I_O)         0.250     0.250 r  CLK_IBUF_inst/O
                         net (fo=1, routed)           0.644     0.894    CLK_IBUF
    BUFGCTRL_X0Y16       BUFG (Prop_bufg_I_O)         0.026     0.920 r  CLK_IBUF_BUFG_inst/O
                         net (fo=1749, routed)        0.637     1.557    CLK_IBUF_BUFG
    SLICE_X28Y42         FDRE                                         r  EX_MEM_DMRE_reg[0]/C
  -------------------------------------------------------------------    -------------------
    SLICE_X28Y42         FDRE (Prop_fdre_C_Q)         0.141     1.698 r  EX_MEM_DMRE_reg[0]/Q
                         net (fo=35, routed)          0.667     2.365    dmem/MEM_WB_MEM_DATA_reg[0][0]
    SLICE_X9Y47          LUT5 (Prop_lut5_I3_O)        0.045     2.410 r  dmem/iDATAO_reg[28]_i_1/O
                         net (fo=1, routed)           0.116     2.526    daligner/D[28]
    SLICE_X9Y47          LDCE                                         r  daligner/iDATAO_reg[28]/D
  -------------------------------------------------------------------    -------------------

Slack:                    inf
  Source:                 EX_MEM_DMRE_reg[0]/C
                            (rising edge-triggered cell FDRE clocked by sys_clk_pin  {rise@0.000ns fall@10.000ns period=12.000ns})
  Destination:            daligner/iDATAO_reg[30]/D
  Path Group:             (none)
  Path Type:              Min at Fast Process Corner
  Data Path Delay:        0.980ns  (logic 0.186ns (18.977%)  route 0.794ns (81.023%))
  Logic Levels:           1  (LUT5=1)
  Clock Uncertainty:      0.025ns  ((TSJ^2 + TIJ^2)^1/2 + DJ) / 2 + PE
    Total System Jitter     (TSJ):    0.050ns
    Total Input Jitter      (TIJ):    0.000ns
    Discrete Jitter          (DJ):    0.000ns
    Phase Error              (PE):    0.000ns

    Location             Delay type                Incr(ns)  Path(ns)    Netlist Resource(s)
  -------------------------------------------------------------------    -------------------
                         (clock sys_clk_pin rise edge)
                                                      0.000     0.000 r  
    E3                                                0.000     0.000 r  CLK (IN)
                         net (fo=0)                   0.000     0.000    CLK
    E3                   IBUF (Prop_ibuf_I_O)         0.250     0.250 r  CLK_IBUF_inst/O
                         net (fo=1, routed)           0.644     0.894    CLK_IBUF
    BUFGCTRL_X0Y16       BUFG (Prop_bufg_I_O)         0.026     0.920 r  CLK_IBUF_BUFG_inst/O
                         net (fo=1749, routed)        0.637     1.557    CLK_IBUF_BUFG
    SLICE_X28Y42         FDRE                                         r  EX_MEM_DMRE_reg[0]/C
  -------------------------------------------------------------------    -------------------
    SLICE_X28Y42         FDRE (Prop_fdre_C_Q)         0.141     1.698 r  EX_MEM_DMRE_reg[0]/Q
                         net (fo=35, routed)          0.574     2.272    dmem/MEM_WB_MEM_DATA_reg[0][0]
    SLICE_X9Y47          LUT5 (Prop_lut5_I3_O)        0.045     2.317 r  dmem/iDATAO_reg[30]_i_1/O
                         net (fo=1, routed)           0.220     2.537    daligner/D[30]
    SLICE_X9Y47          LDCE                                         r  daligner/iDATAO_reg[30]/D
  -------------------------------------------------------------------    -------------------

Slack:                    inf
  Source:                 EX_MEM_ALU_RESULT_reg[1]/C
                            (rising edge-triggered cell FDRE clocked by sys_clk_pin  {rise@0.000ns fall@10.000ns period=12.000ns})
  Destination:            daligner/iDATAO_reg[10]/D
  Path Group:             (none)
  Path Type:              Min at Fast Process Corner
  Data Path Delay:        1.037ns  (logic 0.186ns (17.943%)  route 0.851ns (82.057%))
  Logic Levels:           1  (LUT6=1)
  Clock Uncertainty:      0.025ns  ((TSJ^2 + TIJ^2)^1/2 + DJ) / 2 + PE
    Total System Jitter     (TSJ):    0.050ns
    Total Input Jitter      (TIJ):    0.000ns
    Discrete Jitter          (DJ):    0.000ns
    Phase Error              (PE):    0.000ns

    Location             Delay type                Incr(ns)  Path(ns)    Netlist Resource(s)
  -------------------------------------------------------------------    -------------------
                         (clock sys_clk_pin rise edge)
                                                      0.000     0.000 r  
    E3                                                0.000     0.000 r  CLK (IN)
                         net (fo=0)                   0.000     0.000    CLK
    E3                   IBUF (Prop_ibuf_I_O)         0.250     0.250 r  CLK_IBUF_inst/O
                         net (fo=1, routed)           0.644     0.894    CLK_IBUF
    BUFGCTRL_X0Y16       BUFG (Prop_bufg_I_O)         0.026     0.920 r  CLK_IBUF_BUFG_inst/O
                         net (fo=1749, routed)        0.637     1.557    CLK_IBUF_BUFG
    SLICE_X22Y37         FDRE                                         r  EX_MEM_ALU_RESULT_reg[1]/C
  -------------------------------------------------------------------    -------------------
    SLICE_X22Y37         FDRE (Prop_fdre_C_Q)         0.141     1.698 r  EX_MEM_ALU_RESULT_reg[1]/Q
                         net (fo=58, routed)          0.851     2.549    dmem/mem_reg_0_255_24_24_i_3_0[1]
    SLICE_X4Y45          LUT6 (Prop_lut6_I4_O)        0.045     2.594 r  dmem/iDATAO_reg[10]_i_1/O
                         net (fo=1, routed)           0.000     2.594    daligner/D[10]
    SLICE_X4Y45          LDCE                                         r  daligner/iDATAO_reg[10]/D
  -------------------------------------------------------------------    -------------------

Slack:                    inf
  Source:                 EX_MEM_DMRE_reg[0]/C
                            (rising edge-triggered cell FDRE clocked by sys_clk_pin  {rise@0.000ns fall@10.000ns period=12.000ns})
  Destination:            daligner/iDATAO_reg[22]/D
  Path Group:             (none)
  Path Type:              Min at Fast Process Corner
  Data Path Delay:        1.041ns  (logic 0.186ns (17.875%)  route 0.855ns (82.125%))
  Logic Levels:           1  (LUT5=1)
  Clock Uncertainty:      0.025ns  ((TSJ^2 + TIJ^2)^1/2 + DJ) / 2 + PE
    Total System Jitter     (TSJ):    0.050ns
    Total Input Jitter      (TIJ):    0.000ns
    Discrete Jitter          (DJ):    0.000ns
    Phase Error              (PE):    0.000ns

    Location             Delay type                Incr(ns)  Path(ns)    Netlist Resource(s)
  -------------------------------------------------------------------    -------------------
                         (clock sys_clk_pin rise edge)
                                                      0.000     0.000 r  
    E3                                                0.000     0.000 r  CLK (IN)
                         net (fo=0)                   0.000     0.000    CLK
    E3                   IBUF (Prop_ibuf_I_O)         0.250     0.250 r  CLK_IBUF_inst/O
                         net (fo=1, routed)           0.644     0.894    CLK_IBUF
    BUFGCTRL_X0Y16       BUFG (Prop_bufg_I_O)         0.026     0.920 r  CLK_IBUF_BUFG_inst/O
                         net (fo=1749, routed)        0.637     1.557    CLK_IBUF_BUFG
    SLICE_X28Y42         FDRE                                         r  EX_MEM_DMRE_reg[0]/C
  -------------------------------------------------------------------    -------------------
    SLICE_X28Y42         FDRE (Prop_fdre_C_Q)         0.141     1.698 r  EX_MEM_DMRE_reg[0]/Q
                         net (fo=35, routed)          0.657     2.355    dmem/MEM_WB_MEM_DATA_reg[0][0]
    SLICE_X9Y47          LUT5 (Prop_lut5_I3_O)        0.045     2.400 r  dmem/iDATAO_reg[22]_i_1/O
                         net (fo=1, routed)           0.198     2.597    daligner/D[22]
    SLICE_X9Y47          LDCE                                         r  daligner/iDATAO_reg[22]/D
  -------------------------------------------------------------------    -------------------





--------------------------------------------------------------------------------------
Path Group:  (none)
From Clock:  
  To Clock:  sys_clk_pin

Max Delay           681 Endpoints
Min Delay           681 Endpoints
--------------------------------------------------------------------------------------


Max Delay Paths
--------------------------------------------------------------------------------------
Slack:                    inf
  Source:                 RSTN
                            (input port)
  Destination:            PC_reg[26]/R
                            (rising edge-triggered cell FDRE clocked by sys_clk_pin  {rise@0.000ns fall@10.000ns period=12.000ns})
  Path Group:             (none)
  Path Type:              Setup (Max at Slow Process Corner)
  Data Path Delay:        9.351ns  (logic 1.631ns (17.443%)  route 7.720ns (82.557%))
  Logic Levels:           2  (IBUF=1 LUT1=1)
  Clock Path Skew:        5.110ns (DCD - SCD + CPR)
    Destination Clock Delay (DCD):    5.110ns
    Source Clock Delay      (SCD):    0.000ns
    Clock Pessimism Removal (CPR):    0.000ns
  Clock Uncertainty:      0.025ns  ((TSJ^2 + TIJ^2)^1/2 + DJ) / 2 + PE
    Total System Jitter     (TSJ):    0.050ns
    Total Input Jitter      (TIJ):    0.000ns
    Discrete Jitter          (DJ):    0.000ns
    Phase Error              (PE):    0.000ns

    Location             Delay type                Incr(ns)  Path(ns)    Netlist Resource(s)
  -------------------------------------------------------------------    -------------------
    C12                                               0.000     0.000 f  RSTN (IN)
                         net (fo=0)                   0.000     0.000    RSTN
    C12                  IBUF (Prop_ibuf_I_O)         1.507     1.507 f  RSTN_IBUF_inst/O
                         net (fo=4, routed)           3.914     5.421    RSTN_IBUF
    SLICE_X4Y42          LUT1 (Prop_lut1_I0_O)        0.124     5.545 r  EX_MEM_WB_MUX[1]_i_1/O
                         net (fo=362, routed)         3.806     9.351    RST
    SLICE_X24Y46         FDRE                                         r  PC_reg[26]/R
  -------------------------------------------------------------------    -------------------

                         (clock sys_clk_pin rise edge)
                                                      0.000     0.000 r  
    E3                                                0.000     0.000 r  CLK (IN)
                         net (fo=0)                   0.000     0.000    CLK
    E3                   IBUF (Prop_ibuf_I_O)         1.411     1.411 r  CLK_IBUF_inst/O
                         net (fo=1, routed)           1.920     3.331    CLK_IBUF
    BUFGCTRL_X0Y16       BUFG (Prop_bufg_I_O)         0.091     3.422 r  CLK_IBUF_BUFG_inst/O
                         net (fo=1749, routed)        1.688     5.110    CLK_IBUF_BUFG
    SLICE_X24Y46         FDRE                                         r  PC_reg[26]/C

Slack:                    inf
  Source:                 RSTN
                            (input port)
  Destination:            PC_reg[28]/R
                            (rising edge-triggered cell FDRE clocked by sys_clk_pin  {rise@0.000ns fall@10.000ns period=12.000ns})
  Path Group:             (none)
  Path Type:              Setup (Max at Slow Process Corner)
  Data Path Delay:        9.351ns  (logic 1.631ns (17.443%)  route 7.720ns (82.557%))
  Logic Levels:           2  (IBUF=1 LUT1=1)
  Clock Path Skew:        5.110ns (DCD - SCD + CPR)
    Destination Clock Delay (DCD):    5.110ns
    Source Clock Delay      (SCD):    0.000ns
    Clock Pessimism Removal (CPR):    0.000ns
  Clock Uncertainty:      0.025ns  ((TSJ^2 + TIJ^2)^1/2 + DJ) / 2 + PE
    Total System Jitter     (TSJ):    0.050ns
    Total Input Jitter      (TIJ):    0.000ns
    Discrete Jitter          (DJ):    0.000ns
    Phase Error              (PE):    0.000ns

    Location             Delay type                Incr(ns)  Path(ns)    Netlist Resource(s)
  -------------------------------------------------------------------    -------------------
    C12                                               0.000     0.000 f  RSTN (IN)
                         net (fo=0)                   0.000     0.000    RSTN
    C12                  IBUF (Prop_ibuf_I_O)         1.507     1.507 f  RSTN_IBUF_inst/O
                         net (fo=4, routed)           3.914     5.421    RSTN_IBUF
    SLICE_X4Y42          LUT1 (Prop_lut1_I0_O)        0.124     5.545 r  EX_MEM_WB_MUX[1]_i_1/O
                         net (fo=362, routed)         3.806     9.351    RST
    SLICE_X24Y46         FDRE                                         r  PC_reg[28]/R
  -------------------------------------------------------------------    -------------------

                         (clock sys_clk_pin rise edge)
                                                      0.000     0.000 r  
    E3                                                0.000     0.000 r  CLK (IN)
                         net (fo=0)                   0.000     0.000    CLK
    E3                   IBUF (Prop_ibuf_I_O)         1.411     1.411 r  CLK_IBUF_inst/O
                         net (fo=1, routed)           1.920     3.331    CLK_IBUF
    BUFGCTRL_X0Y16       BUFG (Prop_bufg_I_O)         0.091     3.422 r  CLK_IBUF_BUFG_inst/O
                         net (fo=1749, routed)        1.688     5.110    CLK_IBUF_BUFG
    SLICE_X24Y46         FDRE                                         r  PC_reg[28]/C

Slack:                    inf
  Source:                 RSTN
                            (input port)
  Destination:            EX_MEM_ALU_RESULT_reg[9]_rep__1/R
                            (rising edge-triggered cell FDRE clocked by sys_clk_pin  {rise@0.000ns fall@10.000ns period=12.000ns})
  Path Group:             (none)
  Path Type:              Setup (Max at Slow Process Corner)
  Data Path Delay:        9.257ns  (logic 1.631ns (17.620%)  route 7.626ns (82.380%))
  Logic Levels:           2  (IBUF=1 LUT1=1)
  Clock Path Skew:        4.944ns (DCD - SCD + CPR)
    Destination Clock Delay (DCD):    4.944ns
    Source Clock Delay      (SCD):    0.000ns
    Clock Pessimism Removal (CPR):    0.000ns
  Clock Uncertainty:      0.025ns  ((TSJ^2 + TIJ^2)^1/2 + DJ) / 2 + PE
    Total System Jitter     (TSJ):    0.050ns
    Total Input Jitter      (TIJ):    0.000ns
    Discrete Jitter          (DJ):    0.000ns
    Phase Error              (PE):    0.000ns

    Location             Delay type                Incr(ns)  Path(ns)    Netlist Resource(s)
  -------------------------------------------------------------------    -------------------
    C12                                               0.000     0.000 f  RSTN (IN)
                         net (fo=0)                   0.000     0.000    RSTN
    C12                  IBUF (Prop_ibuf_I_O)         1.507     1.507 f  RSTN_IBUF_inst/O
                         net (fo=4, routed)           3.914     5.421    RSTN_IBUF
    SLICE_X4Y42          LUT1 (Prop_lut1_I0_O)        0.124     5.545 r  EX_MEM_WB_MUX[1]_i_1/O
                         net (fo=362, routed)         3.712     9.257    RST
    SLICE_X28Y56         FDRE                                         r  EX_MEM_ALU_RESULT_reg[9]_rep__1/R
  -------------------------------------------------------------------    -------------------

                         (clock sys_clk_pin rise edge)
                                                      0.000     0.000 r  
    E3                                                0.000     0.000 r  CLK (IN)
                         net (fo=0)                   0.000     0.000    CLK
    E3                   IBUF (Prop_ibuf_I_O)         1.411     1.411 r  CLK_IBUF_inst/O
                         net (fo=1, routed)           1.920     3.331    CLK_IBUF
    BUFGCTRL_X0Y16       BUFG (Prop_bufg_I_O)         0.091     3.422 r  CLK_IBUF_BUFG_inst/O
                         net (fo=1749, routed)        1.521     4.944    CLK_IBUF_BUFG
    SLICE_X28Y56         FDRE                                         r  EX_MEM_ALU_RESULT_reg[9]_rep__1/C

Slack:                    inf
  Source:                 RSTN
                            (input port)
  Destination:            EX_MEM_PC4_reg[14]/R
                            (rising edge-triggered cell FDRE clocked by sys_clk_pin  {rise@0.000ns fall@10.000ns period=12.000ns})
  Path Group:             (none)
  Path Type:              Setup (Max at Slow Process Corner)
  Data Path Delay:        9.126ns  (logic 1.631ns (17.872%)  route 7.495ns (82.128%))
  Logic Levels:           2  (IBUF=1 LUT1=1)
  Clock Path Skew:        5.106ns (DCD - SCD + CPR)
    Destination Clock Delay (DCD):    5.106ns
    Source Clock Delay      (SCD):    0.000ns
    Clock Pessimism Removal (CPR):    0.000ns
  Clock Uncertainty:      0.025ns  ((TSJ^2 + TIJ^2)^1/2 + DJ) / 2 + PE
    Total System Jitter     (TSJ):    0.050ns
    Total Input Jitter      (TIJ):    0.000ns
    Discrete Jitter          (DJ):    0.000ns
    Phase Error              (PE):    0.000ns

    Location             Delay type                Incr(ns)  Path(ns)    Netlist Resource(s)
  -------------------------------------------------------------------    -------------------
    C12                                               0.000     0.000 f  RSTN (IN)
                         net (fo=0)                   0.000     0.000    RSTN
    C12                  IBUF (Prop_ibuf_I_O)         1.507     1.507 f  RSTN_IBUF_inst/O
                         net (fo=4, routed)           3.914     5.421    RSTN_IBUF
    SLICE_X4Y42          LUT1 (Prop_lut1_I0_O)        0.124     5.545 r  EX_MEM_WB_MUX[1]_i_1/O
                         net (fo=362, routed)         3.581     9.126    RST
    SLICE_X18Y35         FDRE                                         r  EX_MEM_PC4_reg[14]/R
  -------------------------------------------------------------------    -------------------

                         (clock sys_clk_pin rise edge)
                                                      0.000     0.000 r  
    E3                                                0.000     0.000 r  CLK (IN)
                         net (fo=0)                   0.000     0.000    CLK
    E3                   IBUF (Prop_ibuf_I_O)         1.411     1.411 r  CLK_IBUF_inst/O
                         net (fo=1, routed)           1.920     3.331    CLK_IBUF
    BUFGCTRL_X0Y16       BUFG (Prop_bufg_I_O)         0.091     3.422 r  CLK_IBUF_BUFG_inst/O
                         net (fo=1749, routed)        1.684     5.106    CLK_IBUF_BUFG
    SLICE_X18Y35         FDRE                                         r  EX_MEM_PC4_reg[14]/C

Slack:                    inf
  Source:                 RSTN
                            (input port)
  Destination:            EX_MEM_DMSE_reg/R
                            (rising edge-triggered cell FDRE clocked by sys_clk_pin  {rise@0.000ns fall@10.000ns period=12.000ns})
  Path Group:             (none)
  Path Type:              Setup (Max at Slow Process Corner)
  Data Path Delay:        9.115ns  (logic 1.631ns (17.893%)  route 7.484ns (82.107%))
  Logic Levels:           2  (IBUF=1 LUT1=1)
  Clock Path Skew:        5.112ns (DCD - SCD + CPR)
    Destination Clock Delay (DCD):    5.112ns
    Source Clock Delay      (SCD):    0.000ns
    Clock Pessimism Removal (CPR):    0.000ns
  Clock Uncertainty:      0.025ns  ((TSJ^2 + TIJ^2)^1/2 + DJ) / 2 + PE
    Total System Jitter     (TSJ):    0.050ns
    Total Input Jitter      (TIJ):    0.000ns
    Discrete Jitter          (DJ):    0.000ns
    Phase Error              (PE):    0.000ns

    Location             Delay type                Incr(ns)  Path(ns)    Netlist Resource(s)
  -------------------------------------------------------------------    -------------------
    C12                                               0.000     0.000 f  RSTN (IN)
                         net (fo=0)                   0.000     0.000    RSTN
    C12                  IBUF (Prop_ibuf_I_O)         1.507     1.507 f  RSTN_IBUF_inst/O
                         net (fo=4, routed)           3.914     5.421    RSTN_IBUF
    SLICE_X4Y42          LUT1 (Prop_lut1_I0_O)        0.124     5.545 r  EX_MEM_WB_MUX[1]_i_1/O
                         net (fo=362, routed)         3.570     9.115    RST
    SLICE_X22Y47         FDRE                                         r  EX_MEM_DMSE_reg/R
  -------------------------------------------------------------------    -------------------

                         (clock sys_clk_pin rise edge)
                                                      0.000     0.000 r  
    E3                                                0.000     0.000 r  CLK (IN)
                         net (fo=0)                   0.000     0.000    CLK
    E3                   IBUF (Prop_ibuf_I_O)         1.411     1.411 r  CLK_IBUF_inst/O
                         net (fo=1, routed)           1.920     3.331    CLK_IBUF
    BUFGCTRL_X0Y16       BUFG (Prop_bufg_I_O)         0.091     3.422 r  CLK_IBUF_BUFG_inst/O
                         net (fo=1749, routed)        1.690     5.112    CLK_IBUF_BUFG
    SLICE_X22Y47         FDRE                                         r  EX_MEM_DMSE_reg/C

Slack:                    inf
  Source:                 RSTN
                            (input port)
  Destination:            EX_MEM_ALU_RESULT_reg[30]/R
                            (rising edge-triggered cell FDRE clocked by sys_clk_pin  {rise@0.000ns fall@10.000ns period=12.000ns})
  Path Group:             (none)
  Path Type:              Setup (Max at Slow Process Corner)
  Data Path Delay:        9.112ns  (logic 1.631ns (17.899%)  route 7.481ns (82.101%))
  Logic Levels:           2  (IBUF=1 LUT1=1)
  Clock Path Skew:        5.111ns (DCD - SCD + CPR)
    Destination Clock Delay (DCD):    5.111ns
    Source Clock Delay      (SCD):    0.000ns
    Clock Pessimism Removal (CPR):    0.000ns
  Clock Uncertainty:      0.025ns  ((TSJ^2 + TIJ^2)^1/2 + DJ) / 2 + PE
    Total System Jitter     (TSJ):    0.050ns
    Total Input Jitter      (TIJ):    0.000ns
    Discrete Jitter          (DJ):    0.000ns
    Phase Error              (PE):    0.000ns

    Location             Delay type                Incr(ns)  Path(ns)    Netlist Resource(s)
  -------------------------------------------------------------------    -------------------
    C12                                               0.000     0.000 f  RSTN (IN)
                         net (fo=0)                   0.000     0.000    RSTN
    C12                  IBUF (Prop_ibuf_I_O)         1.507     1.507 f  RSTN_IBUF_inst/O
                         net (fo=4, routed)           3.914     5.421    RSTN_IBUF
    SLICE_X4Y42          LUT1 (Prop_lut1_I0_O)        0.124     5.545 r  EX_MEM_WB_MUX[1]_i_1/O
                         net (fo=362, routed)         3.567     9.112    RST
    SLICE_X22Y46         FDRE                                         r  EX_MEM_ALU_RESULT_reg[30]/R
  -------------------------------------------------------------------    -------------------

                         (clock sys_clk_pin rise edge)
                                                      0.000     0.000 r  
    E3                                                0.000     0.000 r  CLK (IN)
                         net (fo=0)                   0.000     0.000    CLK
    E3                   IBUF (Prop_ibuf_I_O)         1.411     1.411 r  CLK_IBUF_inst/O
                         net (fo=1, routed)           1.920     3.331    CLK_IBUF
    BUFGCTRL_X0Y16       BUFG (Prop_bufg_I_O)         0.091     3.422 r  CLK_IBUF_BUFG_inst/O
                         net (fo=1749, routed)        1.689     5.111    CLK_IBUF_BUFG
    SLICE_X22Y46         FDRE                                         r  EX_MEM_ALU_RESULT_reg[30]/C

Slack:                    inf
  Source:                 RSTN
                            (input port)
  Destination:            EX_MEM_DMRE_reg[1]/R
                            (rising edge-triggered cell FDRE clocked by sys_clk_pin  {rise@0.000ns fall@10.000ns period=12.000ns})
  Path Group:             (none)
  Path Type:              Setup (Max at Slow Process Corner)
  Data Path Delay:        9.112ns  (logic 1.631ns (17.899%)  route 7.481ns (82.101%))
  Logic Levels:           2  (IBUF=1 LUT1=1)
  Clock Path Skew:        5.111ns (DCD - SCD + CPR)
    Destination Clock Delay (DCD):    5.111ns
    Source Clock Delay      (SCD):    0.000ns
    Clock Pessimism Removal (CPR):    0.000ns
  Clock Uncertainty:      0.025ns  ((TSJ^2 + TIJ^2)^1/2 + DJ) / 2 + PE
    Total System Jitter     (TSJ):    0.050ns
    Total Input Jitter      (TIJ):    0.000ns
    Discrete Jitter          (DJ):    0.000ns
    Phase Error              (PE):    0.000ns

    Location             Delay type                Incr(ns)  Path(ns)    Netlist Resource(s)
  -------------------------------------------------------------------    -------------------
    C12                                               0.000     0.000 f  RSTN (IN)
                         net (fo=0)                   0.000     0.000    RSTN
    C12                  IBUF (Prop_ibuf_I_O)         1.507     1.507 f  RSTN_IBUF_inst/O
                         net (fo=4, routed)           3.914     5.421    RSTN_IBUF
    SLICE_X4Y42          LUT1 (Prop_lut1_I0_O)        0.124     5.545 r  EX_MEM_WB_MUX[1]_i_1/O
                         net (fo=362, routed)         3.567     9.112    RST
    SLICE_X22Y46         FDRE                                         r  EX_MEM_DMRE_reg[1]/R
  -------------------------------------------------------------------    -------------------

                         (clock sys_clk_pin rise edge)
                                                      0.000     0.000 r  
    E3                                                0.000     0.000 r  CLK (IN)
                         net (fo=0)                   0.000     0.000    CLK
    E3                   IBUF (Prop_ibuf_I_O)         1.411     1.411 r  CLK_IBUF_inst/O
                         net (fo=1, routed)           1.920     3.331    CLK_IBUF
    BUFGCTRL_X0Y16       BUFG (Prop_bufg_I_O)         0.091     3.422 r  CLK_IBUF_BUFG_inst/O
                         net (fo=1749, routed)        1.689     5.111    CLK_IBUF_BUFG
    SLICE_X22Y46         FDRE                                         r  EX_MEM_DMRE_reg[1]/C

Slack:                    inf
  Source:                 RSTN
                            (input port)
  Destination:            EX_MEM_ALU_RESULT_reg[17]/R
                            (rising edge-triggered cell FDRE clocked by sys_clk_pin  {rise@0.000ns fall@10.000ns period=12.000ns})
  Path Group:             (none)
  Path Type:              Setup (Max at Slow Process Corner)
  Data Path Delay:        9.101ns  (logic 1.631ns (17.922%)  route 7.470ns (82.078%))
  Logic Levels:           2  (IBUF=1 LUT1=1)
  Clock Path Skew:        5.107ns (DCD - SCD + CPR)
    Destination Clock Delay (DCD):    5.107ns
    Source Clock Delay      (SCD):    0.000ns
    Clock Pessimism Removal (CPR):    0.000ns
  Clock Uncertainty:      0.025ns  ((TSJ^2 + TIJ^2)^1/2 + DJ) / 2 + PE
    Total System Jitter     (TSJ):    0.050ns
    Total Input Jitter      (TIJ):    0.000ns
    Discrete Jitter          (DJ):    0.000ns
    Phase Error              (PE):    0.000ns

    Location             Delay type                Incr(ns)  Path(ns)    Netlist Resource(s)
  -------------------------------------------------------------------    -------------------
    C12                                               0.000     0.000 f  RSTN (IN)
                         net (fo=0)                   0.000     0.000    RSTN
    C12                  IBUF (Prop_ibuf_I_O)         1.507     1.507 f  RSTN_IBUF_inst/O
                         net (fo=4, routed)           3.914     5.421    RSTN_IBUF
    SLICE_X4Y42          LUT1 (Prop_lut1_I0_O)        0.124     5.545 r  EX_MEM_WB_MUX[1]_i_1/O
                         net (fo=362, routed)         3.556     9.101    RST
    SLICE_X22Y37         FDRE                                         r  EX_MEM_ALU_RESULT_reg[17]/R
  -------------------------------------------------------------------    -------------------

                         (clock sys_clk_pin rise edge)
                                                      0.000     0.000 r  
    E3                                                0.000     0.000 r  CLK (IN)
                         net (fo=0)                   0.000     0.000    CLK
    E3                   IBUF (Prop_ibuf_I_O)         1.411     1.411 r  CLK_IBUF_inst/O
                         net (fo=1, routed)           1.920     3.331    CLK_IBUF
    BUFGCTRL_X0Y16       BUFG (Prop_bufg_I_O)         0.091     3.422 r  CLK_IBUF_BUFG_inst/O
                         net (fo=1749, routed)        1.685     5.107    CLK_IBUF_BUFG
    SLICE_X22Y37         FDRE                                         r  EX_MEM_ALU_RESULT_reg[17]/C

Slack:                    inf
  Source:                 RSTN
                            (input port)
  Destination:            EX_MEM_ALU_RESULT_reg[1]/R
                            (rising edge-triggered cell FDRE clocked by sys_clk_pin  {rise@0.000ns fall@10.000ns period=12.000ns})
  Path Group:             (none)
  Path Type:              Setup (Max at Slow Process Corner)
  Data Path Delay:        9.101ns  (logic 1.631ns (17.922%)  route 7.470ns (82.078%))
  Logic Levels:           2  (IBUF=1 LUT1=1)
  Clock Path Skew:        5.107ns (DCD - SCD + CPR)
    Destination Clock Delay (DCD):    5.107ns
    Source Clock Delay      (SCD):    0.000ns
    Clock Pessimism Removal (CPR):    0.000ns
  Clock Uncertainty:      0.025ns  ((TSJ^2 + TIJ^2)^1/2 + DJ) / 2 + PE
    Total System Jitter     (TSJ):    0.050ns
    Total Input Jitter      (TIJ):    0.000ns
    Discrete Jitter          (DJ):    0.000ns
    Phase Error              (PE):    0.000ns

    Location             Delay type                Incr(ns)  Path(ns)    Netlist Resource(s)
  -------------------------------------------------------------------    -------------------
    C12                                               0.000     0.000 f  RSTN (IN)
                         net (fo=0)                   0.000     0.000    RSTN
    C12                  IBUF (Prop_ibuf_I_O)         1.507     1.507 f  RSTN_IBUF_inst/O
                         net (fo=4, routed)           3.914     5.421    RSTN_IBUF
    SLICE_X4Y42          LUT1 (Prop_lut1_I0_O)        0.124     5.545 r  EX_MEM_WB_MUX[1]_i_1/O
                         net (fo=362, routed)         3.556     9.101    RST
    SLICE_X22Y37         FDRE                                         r  EX_MEM_ALU_RESULT_reg[1]/R
  -------------------------------------------------------------------    -------------------

                         (clock sys_clk_pin rise edge)
                                                      0.000     0.000 r  
    E3                                                0.000     0.000 r  CLK (IN)
                         net (fo=0)                   0.000     0.000    CLK
    E3                   IBUF (Prop_ibuf_I_O)         1.411     1.411 r  CLK_IBUF_inst/O
                         net (fo=1, routed)           1.920     3.331    CLK_IBUF
    BUFGCTRL_X0Y16       BUFG (Prop_bufg_I_O)         0.091     3.422 r  CLK_IBUF_BUFG_inst/O
                         net (fo=1749, routed)        1.685     5.107    CLK_IBUF_BUFG
    SLICE_X22Y37         FDRE                                         r  EX_MEM_ALU_RESULT_reg[1]/C

Slack:                    inf
  Source:                 RSTN
                            (input port)
  Destination:            EX_MEM_PC4_reg[10]/R
                            (rising edge-triggered cell FDRE clocked by sys_clk_pin  {rise@0.000ns fall@10.000ns period=12.000ns})
  Path Group:             (none)
  Path Type:              Setup (Max at Slow Process Corner)
  Data Path Delay:        9.101ns  (logic 1.631ns (17.922%)  route 7.470ns (82.078%))
  Logic Levels:           2  (IBUF=1 LUT1=1)
  Clock Path Skew:        5.107ns (DCD - SCD + CPR)
    Destination Clock Delay (DCD):    5.107ns
    Source Clock Delay      (SCD):    0.000ns
    Clock Pessimism Removal (CPR):    0.000ns
  Clock Uncertainty:      0.025ns  ((TSJ^2 + TIJ^2)^1/2 + DJ) / 2 + PE
    Total System Jitter     (TSJ):    0.050ns
    Total Input Jitter      (TIJ):    0.000ns
    Discrete Jitter          (DJ):    0.000ns
    Phase Error              (PE):    0.000ns

    Location             Delay type                Incr(ns)  Path(ns)    Netlist Resource(s)
  -------------------------------------------------------------------    -------------------
    C12                                               0.000     0.000 f  RSTN (IN)
                         net (fo=0)                   0.000     0.000    RSTN
    C12                  IBUF (Prop_ibuf_I_O)         1.507     1.507 f  RSTN_IBUF_inst/O
                         net (fo=4, routed)           3.914     5.421    RSTN_IBUF
    SLICE_X4Y42          LUT1 (Prop_lut1_I0_O)        0.124     5.545 r  EX_MEM_WB_MUX[1]_i_1/O
                         net (fo=362, routed)         3.556     9.101    RST
    SLICE_X22Y37         FDRE                                         r  EX_MEM_PC4_reg[10]/R
  -------------------------------------------------------------------    -------------------

                         (clock sys_clk_pin rise edge)
                                                      0.000     0.000 r  
    E3                                                0.000     0.000 r  CLK (IN)
                         net (fo=0)                   0.000     0.000    CLK
    E3                   IBUF (Prop_ibuf_I_O)         1.411     1.411 r  CLK_IBUF_inst/O
                         net (fo=1, routed)           1.920     3.331    CLK_IBUF
    BUFGCTRL_X0Y16       BUFG (Prop_bufg_I_O)         0.091     3.422 r  CLK_IBUF_BUFG_inst/O
                         net (fo=1749, routed)        1.685     5.107    CLK_IBUF_BUFG
    SLICE_X22Y37         FDRE                                         r  EX_MEM_PC4_reg[10]/C





Min Delay Paths
--------------------------------------------------------------------------------------
Slack:                    inf
  Source:                 daligner/iDATAO_reg[19]/G
                            (positive level-sensitive latch)
  Destination:            MEM_WB_MEM_DATA_reg[19]/D
                            (rising edge-triggered cell FDRE clocked by sys_clk_pin  {rise@0.000ns fall@10.000ns period=12.000ns})
  Path Group:             (none)
  Path Type:              Hold (Min at Fast Process Corner)
  Data Path Delay:        0.261ns  (logic 0.158ns (60.576%)  route 0.103ns (39.424%))
  Logic Levels:           1  (LDCE=1)
  Clock Uncertainty:      0.025ns  ((TSJ^2 + TIJ^2)^1/2 + DJ) / 2 + PE
    Total System Jitter     (TSJ):    0.050ns
    Total Input Jitter      (TIJ):    0.000ns
    Discrete Jitter          (DJ):    0.000ns
    Phase Error              (PE):    0.000ns

    Location             Delay type                Incr(ns)  Path(ns)    Netlist Resource(s)
  -------------------------------------------------------------------    -------------------
    SLICE_X4Y39          LDCE                         0.000     0.000 r  daligner/iDATAO_reg[19]/G
    SLICE_X4Y39          LDCE (EnToQ_ldce_G_Q)        0.158     0.158 r  daligner/iDATAO_reg[19]/Q
                         net (fo=1, routed)           0.103     0.261    MEM_DATAI[19]
    SLICE_X7Y38          FDRE                                         r  MEM_WB_MEM_DATA_reg[19]/D
  -------------------------------------------------------------------    -------------------

                         (clock sys_clk_pin rise edge)
                                                      0.000     0.000 r  
    E3                                                0.000     0.000 r  CLK (IN)
                         net (fo=0)                   0.000     0.000    CLK
    E3                   IBUF (Prop_ibuf_I_O)         0.438     0.438 r  CLK_IBUF_inst/O
                         net (fo=1, routed)           0.699     1.136    CLK_IBUF
    BUFGCTRL_X0Y16       BUFG (Prop_bufg_I_O)         0.029     1.165 r  CLK_IBUF_BUFG_inst/O
                         net (fo=1749, routed)        0.944     2.109    CLK_IBUF_BUFG
    SLICE_X7Y38          FDRE                                         r  MEM_WB_MEM_DATA_reg[19]/C

Slack:                    inf
  Source:                 daligner/iDATAO_reg[9]/G
                            (positive level-sensitive latch)
  Destination:            MEM_WB_MEM_DATA_reg[9]/D
                            (rising edge-triggered cell FDRE clocked by sys_clk_pin  {rise@0.000ns fall@10.000ns period=12.000ns})
  Path Group:             (none)
  Path Type:              Hold (Min at Fast Process Corner)
  Data Path Delay:        0.263ns  (logic 0.158ns (60.053%)  route 0.105ns (39.947%))
  Logic Levels:           1  (LDCE=1)
  Clock Uncertainty:      0.025ns  ((TSJ^2 + TIJ^2)^1/2 + DJ) / 2 + PE
    Total System Jitter     (TSJ):    0.050ns
    Total Input Jitter      (TIJ):    0.000ns
    Discrete Jitter          (DJ):    0.000ns
    Phase Error              (PE):    0.000ns

    Location             Delay type                Incr(ns)  Path(ns)    Netlist Resource(s)
  -------------------------------------------------------------------    -------------------
    SLICE_X25Y47         LDCE                         0.000     0.000 r  daligner/iDATAO_reg[9]/G
    SLICE_X25Y47         LDCE (EnToQ_ldce_G_Q)        0.158     0.158 r  daligner/iDATAO_reg[9]/Q
                         net (fo=1, routed)           0.105     0.263    MEM_DATAI[9]
    SLICE_X26Y46         FDRE                                         r  MEM_WB_MEM_DATA_reg[9]/D
  -------------------------------------------------------------------    -------------------

                         (clock sys_clk_pin rise edge)
                                                      0.000     0.000 r  
    E3                                                0.000     0.000 r  CLK (IN)
                         net (fo=0)                   0.000     0.000    CLK
    E3                   IBUF (Prop_ibuf_I_O)         0.438     0.438 r  CLK_IBUF_inst/O
                         net (fo=1, routed)           0.699     1.136    CLK_IBUF
    BUFGCTRL_X0Y16       BUFG (Prop_bufg_I_O)         0.029     1.165 r  CLK_IBUF_BUFG_inst/O
                         net (fo=1749, routed)        0.915     2.080    CLK_IBUF_BUFG
    SLICE_X26Y46         FDRE                                         r  MEM_WB_MEM_DATA_reg[9]/C

Slack:                    inf
  Source:                 daligner/iDATAO_reg[18]/G
                            (positive level-sensitive latch)
  Destination:            MEM_WB_MEM_DATA_reg[18]/D
                            (rising edge-triggered cell FDRE clocked by sys_clk_pin  {rise@0.000ns fall@10.000ns period=12.000ns})
  Path Group:             (none)
  Path Type:              Hold (Min at Fast Process Corner)
  Data Path Delay:        0.323ns  (logic 0.158ns (48.939%)  route 0.165ns (51.061%))
  Logic Levels:           1  (LDCE=1)
  Clock Uncertainty:      0.025ns  ((TSJ^2 + TIJ^2)^1/2 + DJ) / 2 + PE
    Total System Jitter     (TSJ):    0.050ns
    Total Input Jitter      (TIJ):    0.000ns
    Discrete Jitter          (DJ):    0.000ns
    Phase Error              (PE):    0.000ns

    Location             Delay type                Incr(ns)  Path(ns)    Netlist Resource(s)
  -------------------------------------------------------------------    -------------------
    SLICE_X4Y39          LDCE                         0.000     0.000 r  daligner/iDATAO_reg[18]/G
    SLICE_X4Y39          LDCE (EnToQ_ldce_G_Q)        0.158     0.158 r  daligner/iDATAO_reg[18]/Q
                         net (fo=1, routed)           0.165     0.323    MEM_DATAI[18]
    SLICE_X7Y38          FDRE                                         r  MEM_WB_MEM_DATA_reg[18]/D
  -------------------------------------------------------------------    -------------------

                         (clock sys_clk_pin rise edge)
                                                      0.000     0.000 r  
    E3                                                0.000     0.000 r  CLK (IN)
                         net (fo=0)                   0.000     0.000    CLK
    E3                   IBUF (Prop_ibuf_I_O)         0.438     0.438 r  CLK_IBUF_inst/O
                         net (fo=1, routed)           0.699     1.136    CLK_IBUF
    BUFGCTRL_X0Y16       BUFG (Prop_bufg_I_O)         0.029     1.165 r  CLK_IBUF_BUFG_inst/O
                         net (fo=1749, routed)        0.944     2.109    CLK_IBUF_BUFG
    SLICE_X7Y38          FDRE                                         r  MEM_WB_MEM_DATA_reg[18]/C

Slack:                    inf
  Source:                 daligner/iDATAO_reg[27]/G
                            (positive level-sensitive latch)
  Destination:            MEM_WB_MEM_DATA_reg[27]/D
                            (rising edge-triggered cell FDRE clocked by sys_clk_pin  {rise@0.000ns fall@10.000ns period=12.000ns})
  Path Group:             (none)
  Path Type:              Hold (Min at Fast Process Corner)
  Data Path Delay:        0.323ns  (logic 0.158ns (48.939%)  route 0.165ns (51.061%))
  Logic Levels:           1  (LDCE=1)
  Clock Uncertainty:      0.025ns  ((TSJ^2 + TIJ^2)^1/2 + DJ) / 2 + PE
    Total System Jitter     (TSJ):    0.050ns
    Total Input Jitter      (TIJ):    0.000ns
    Discrete Jitter          (DJ):    0.000ns
    Phase Error              (PE):    0.000ns

    Location             Delay type                Incr(ns)  Path(ns)    Netlist Resource(s)
  -------------------------------------------------------------------    -------------------
    SLICE_X4Y42          LDCE                         0.000     0.000 r  daligner/iDATAO_reg[27]/G
    SLICE_X4Y42          LDCE (EnToQ_ldce_G_Q)        0.158     0.158 r  daligner/iDATAO_reg[27]/Q
                         net (fo=1, routed)           0.165     0.323    MEM_DATAI[27]
    SLICE_X7Y41          FDRE                                         r  MEM_WB_MEM_DATA_reg[27]/D
  -------------------------------------------------------------------    -------------------

                         (clock sys_clk_pin rise edge)
                                                      0.000     0.000 r  
    E3                                                0.000     0.000 r  CLK (IN)
                         net (fo=0)                   0.000     0.000    CLK
    E3                   IBUF (Prop_ibuf_I_O)         0.438     0.438 r  CLK_IBUF_inst/O
                         net (fo=1, routed)           0.699     1.136    CLK_IBUF
    BUFGCTRL_X0Y16       BUFG (Prop_bufg_I_O)         0.029     1.165 r  CLK_IBUF_BUFG_inst/O
                         net (fo=1749, routed)        0.945     2.110    CLK_IBUF_BUFG
    SLICE_X7Y41          FDRE                                         r  MEM_WB_MEM_DATA_reg[27]/C

Slack:                    inf
  Source:                 daligner/iDATAO_reg[31]/G
                            (positive level-sensitive latch)
  Destination:            MEM_WB_MEM_DATA_reg[31]/D
                            (rising edge-triggered cell FDRE clocked by sys_clk_pin  {rise@0.000ns fall@10.000ns period=12.000ns})
  Path Group:             (none)
  Path Type:              Hold (Min at Fast Process Corner)
  Data Path Delay:        0.324ns  (logic 0.158ns (48.813%)  route 0.166ns (51.187%))
  Logic Levels:           1  (LDCE=1)
  Clock Uncertainty:      0.025ns  ((TSJ^2 + TIJ^2)^1/2 + DJ) / 2 + PE
    Total System Jitter     (TSJ):    0.050ns
    Total Input Jitter      (TIJ):    0.000ns
    Discrete Jitter          (DJ):    0.000ns
    Phase Error              (PE):    0.000ns

    Location             Delay type                Incr(ns)  Path(ns)    Netlist Resource(s)
  -------------------------------------------------------------------    -------------------
    SLICE_X4Y44          LDCE                         0.000     0.000 r  daligner/iDATAO_reg[31]/G
    SLICE_X4Y44          LDCE (EnToQ_ldce_G_Q)        0.158     0.158 r  daligner/iDATAO_reg[31]/Q
                         net (fo=1, routed)           0.166     0.324    MEM_DATAI[31]
    SLICE_X7Y42          FDRE                                         r  MEM_WB_MEM_DATA_reg[31]/D
  -------------------------------------------------------------------    -------------------

                         (clock sys_clk_pin rise edge)
                                                      0.000     0.000 r  
    E3                                                0.000     0.000 r  CLK (IN)
                         net (fo=0)                   0.000     0.000    CLK
    E3                   IBUF (Prop_ibuf_I_O)         0.438     0.438 r  CLK_IBUF_inst/O
                         net (fo=1, routed)           0.699     1.136    CLK_IBUF
    BUFGCTRL_X0Y16       BUFG (Prop_bufg_I_O)         0.029     1.165 r  CLK_IBUF_BUFG_inst/O
                         net (fo=1749, routed)        0.945     2.110    CLK_IBUF_BUFG
    SLICE_X7Y42          FDRE                                         r  MEM_WB_MEM_DATA_reg[31]/C

Slack:                    inf
  Source:                 daligner/iDATAO_reg[12]/G
                            (positive level-sensitive latch)
  Destination:            MEM_WB_MEM_DATA_reg[12]/D
                            (rising edge-triggered cell FDRE clocked by sys_clk_pin  {rise@0.000ns fall@10.000ns period=12.000ns})
  Path Group:             (none)
  Path Type:              Hold (Min at Fast Process Corner)
  Data Path Delay:        0.345ns  (logic 0.158ns (45.793%)  route 0.187ns (54.207%))
  Logic Levels:           1  (LDCE=1)
  Clock Uncertainty:      0.025ns  ((TSJ^2 + TIJ^2)^1/2 + DJ) / 2 + PE
    Total System Jitter     (TSJ):    0.050ns
    Total Input Jitter      (TIJ):    0.000ns
    Discrete Jitter          (DJ):    0.000ns
    Phase Error              (PE):    0.000ns

    Location             Delay type                Incr(ns)  Path(ns)    Netlist Resource(s)
  -------------------------------------------------------------------    -------------------
    SLICE_X28Y50         LDCE                         0.000     0.000 r  daligner/iDATAO_reg[12]/G
    SLICE_X28Y50         LDCE (EnToQ_ldce_G_Q)        0.158     0.158 r  daligner/iDATAO_reg[12]/Q
                         net (fo=1, routed)           0.187     0.345    MEM_DATAI[12]
    SLICE_X28Y46         FDRE                                         r  MEM_WB_MEM_DATA_reg[12]/D
  -------------------------------------------------------------------    -------------------

                         (clock sys_clk_pin rise edge)
                                                      0.000     0.000 r  
    E3                                                0.000     0.000 r  CLK (IN)
                         net (fo=0)                   0.000     0.000    CLK
    E3                   IBUF (Prop_ibuf_I_O)         0.438     0.438 r  CLK_IBUF_inst/O
                         net (fo=1, routed)           0.699     1.136    CLK_IBUF
    BUFGCTRL_X0Y16       BUFG (Prop_bufg_I_O)         0.029     1.165 r  CLK_IBUF_BUFG_inst/O
                         net (fo=1749, routed)        0.913     2.078    CLK_IBUF_BUFG
    SLICE_X28Y46         FDRE                                         r  MEM_WB_MEM_DATA_reg[12]/C

Slack:                    inf
  Source:                 daligner/iDATAO_reg[25]/G
                            (positive level-sensitive latch)
  Destination:            MEM_WB_MEM_DATA_reg[25]/D
                            (rising edge-triggered cell FDRE clocked by sys_clk_pin  {rise@0.000ns fall@10.000ns period=12.000ns})
  Path Group:             (none)
  Path Type:              Hold (Min at Fast Process Corner)
  Data Path Delay:        0.369ns  (logic 0.158ns (42.817%)  route 0.211ns (57.183%))
  Logic Levels:           1  (LDCE=1)
  Clock Uncertainty:      0.025ns  ((TSJ^2 + TIJ^2)^1/2 + DJ) / 2 + PE
    Total System Jitter     (TSJ):    0.050ns
    Total Input Jitter      (TIJ):    0.000ns
    Discrete Jitter          (DJ):    0.000ns
    Phase Error              (PE):    0.000ns

    Location             Delay type                Incr(ns)  Path(ns)    Netlist Resource(s)
  -------------------------------------------------------------------    -------------------
    SLICE_X5Y46          LDCE                         0.000     0.000 r  daligner/iDATAO_reg[25]/G
    SLICE_X5Y46          LDCE (EnToQ_ldce_G_Q)        0.158     0.158 r  daligner/iDATAO_reg[25]/Q
                         net (fo=1, routed)           0.211     0.369    MEM_DATAI[25]
    SLICE_X7Y43          FDRE                                         r  MEM_WB_MEM_DATA_reg[25]/D
  -------------------------------------------------------------------    -------------------

                         (clock sys_clk_pin rise edge)
                                                      0.000     0.000 r  
    E3                                                0.000     0.000 r  CLK (IN)
                         net (fo=0)                   0.000     0.000    CLK
    E3                   IBUF (Prop_ibuf_I_O)         0.438     0.438 r  CLK_IBUF_inst/O
                         net (fo=1, routed)           0.699     1.136    CLK_IBUF
    BUFGCTRL_X0Y16       BUFG (Prop_bufg_I_O)         0.029     1.165 r  CLK_IBUF_BUFG_inst/O
                         net (fo=1749, routed)        0.946     2.111    CLK_IBUF_BUFG
    SLICE_X7Y43          FDRE                                         r  MEM_WB_MEM_DATA_reg[25]/C

Slack:                    inf
  Source:                 daligner/iDATAO_reg[26]/G
                            (positive level-sensitive latch)
  Destination:            MEM_WB_MEM_DATA_reg[26]/D
                            (rising edge-triggered cell FDRE clocked by sys_clk_pin  {rise@0.000ns fall@10.000ns period=12.000ns})
  Path Group:             (none)
  Path Type:              Hold (Min at Fast Process Corner)
  Data Path Delay:        0.371ns  (logic 0.158ns (42.635%)  route 0.213ns (57.365%))
  Logic Levels:           1  (LDCE=1)
  Clock Uncertainty:      0.025ns  ((TSJ^2 + TIJ^2)^1/2 + DJ) / 2 + PE
    Total System Jitter     (TSJ):    0.050ns
    Total Input Jitter      (TIJ):    0.000ns
    Discrete Jitter          (DJ):    0.000ns
    Phase Error              (PE):    0.000ns

    Location             Delay type                Incr(ns)  Path(ns)    Netlist Resource(s)
  -------------------------------------------------------------------    -------------------
    SLICE_X4Y47          LDCE                         0.000     0.000 r  daligner/iDATAO_reg[26]/G
    SLICE_X4Y47          LDCE (EnToQ_ldce_G_Q)        0.158     0.158 r  daligner/iDATAO_reg[26]/Q
                         net (fo=1, routed)           0.213     0.371    MEM_DATAI[26]
    SLICE_X7Y44          FDRE                                         r  MEM_WB_MEM_DATA_reg[26]/D
  -------------------------------------------------------------------    -------------------

                         (clock sys_clk_pin rise edge)
                                                      0.000     0.000 r  
    E3                                                0.000     0.000 r  CLK (IN)
                         net (fo=0)                   0.000     0.000    CLK
    E3                   IBUF (Prop_ibuf_I_O)         0.438     0.438 r  CLK_IBUF_inst/O
                         net (fo=1, routed)           0.699     1.136    CLK_IBUF
    BUFGCTRL_X0Y16       BUFG (Prop_bufg_I_O)         0.029     1.165 r  CLK_IBUF_BUFG_inst/O
                         net (fo=1749, routed)        0.946     2.111    CLK_IBUF_BUFG
    SLICE_X7Y44          FDRE                                         r  MEM_WB_MEM_DATA_reg[26]/C

Slack:                    inf
  Source:                 daligner/iDATAO_reg[24]/G
                            (positive level-sensitive latch)
  Destination:            MEM_WB_MEM_DATA_reg[24]/D
                            (rising edge-triggered cell FDRE clocked by sys_clk_pin  {rise@0.000ns fall@10.000ns period=12.000ns})
  Path Group:             (none)
  Path Type:              Hold (Min at Fast Process Corner)
  Data Path Delay:        0.377ns  (logic 0.158ns (41.929%)  route 0.219ns (58.071%))
  Logic Levels:           1  (LDCE=1)
  Clock Uncertainty:      0.025ns  ((TSJ^2 + TIJ^2)^1/2 + DJ) / 2 + PE
    Total System Jitter     (TSJ):    0.050ns
    Total Input Jitter      (TIJ):    0.000ns
    Discrete Jitter          (DJ):    0.000ns
    Phase Error              (PE):    0.000ns

    Location             Delay type                Incr(ns)  Path(ns)    Netlist Resource(s)
  -------------------------------------------------------------------    -------------------
    SLICE_X4Y46          LDCE                         0.000     0.000 r  daligner/iDATAO_reg[24]/G
    SLICE_X4Y46          LDCE (EnToQ_ldce_G_Q)        0.158     0.158 r  daligner/iDATAO_reg[24]/Q
                         net (fo=1, routed)           0.219     0.377    MEM_DATAI[24]
    SLICE_X7Y43          FDRE                                         r  MEM_WB_MEM_DATA_reg[24]/D
  -------------------------------------------------------------------    -------------------

                         (clock sys_clk_pin rise edge)
                                                      0.000     0.000 r  
    E3                                                0.000     0.000 r  CLK (IN)
                         net (fo=0)                   0.000     0.000    CLK
    E3                   IBUF (Prop_ibuf_I_O)         0.438     0.438 r  CLK_IBUF_inst/O
                         net (fo=1, routed)           0.699     1.136    CLK_IBUF
    BUFGCTRL_X0Y16       BUFG (Prop_bufg_I_O)         0.029     1.165 r  CLK_IBUF_BUFG_inst/O
                         net (fo=1749, routed)        0.946     2.111    CLK_IBUF_BUFG
    SLICE_X7Y43          FDRE                                         r  MEM_WB_MEM_DATA_reg[24]/C

Slack:                    inf
  Source:                 daligner/iDATAO_reg[23]/G
                            (positive level-sensitive latch)
  Destination:            MEM_WB_MEM_DATA_reg[23]/D
                            (rising edge-triggered cell FDRE clocked by sys_clk_pin  {rise@0.000ns fall@10.000ns period=12.000ns})
  Path Group:             (none)
  Path Type:              Hold (Min at Fast Process Corner)
  Data Path Delay:        0.382ns  (logic 0.158ns (41.387%)  route 0.224ns (58.613%))
  Logic Levels:           1  (LDCE=1)
  Clock Uncertainty:      0.025ns  ((TSJ^2 + TIJ^2)^1/2 + DJ) / 2 + PE
    Total System Jitter     (TSJ):    0.050ns
    Total Input Jitter      (TIJ):    0.000ns
    Discrete Jitter          (DJ):    0.000ns
    Phase Error              (PE):    0.000ns

    Location             Delay type                Incr(ns)  Path(ns)    Netlist Resource(s)
  -------------------------------------------------------------------    -------------------
    SLICE_X4Y39          LDCE                         0.000     0.000 r  daligner/iDATAO_reg[23]/G
    SLICE_X4Y39          LDCE (EnToQ_ldce_G_Q)        0.158     0.158 r  daligner/iDATAO_reg[23]/Q
                         net (fo=1, routed)           0.224     0.382    MEM_DATAI[23]
    SLICE_X5Y39          FDRE                                         r  MEM_WB_MEM_DATA_reg[23]/D
  -------------------------------------------------------------------    -------------------

                         (clock sys_clk_pin rise edge)
                                                      0.000     0.000 r  
    E3                                                0.000     0.000 r  CLK (IN)
                         net (fo=0)                   0.000     0.000    CLK
    E3                   IBUF (Prop_ibuf_I_O)         0.438     0.438 r  CLK_IBUF_inst/O
                         net (fo=1, routed)           0.699     1.136    CLK_IBUF
    BUFGCTRL_X0Y16       BUFG (Prop_bufg_I_O)         0.029     1.165 r  CLK_IBUF_BUFG_inst/O
                         net (fo=1749, routed)        0.944     2.109    CLK_IBUF_BUFG
    SLICE_X5Y39          FDRE                                         r  MEM_WB_MEM_DATA_reg[23]/C





